Year,GrandPrix,Driver,Team,LapNumber,Stint,Compound,TyreLife,LapTimeSeconds,Sector1Seconds,Sector2Seconds,Sector3Seconds,SpeedI1,SpeedI2,SpeedFL,SpeedST,TrackStatus,IsPersonalBest,AirTemp,TrackTemp,Humidity,Rainfall,WindSpeed,Position
2025,Australian Grand Prix,NOR,McLaren,1.0,1.0,INTERMEDIATE,1.0,117.099,,20.913,54.007,242.0,284.0,269.0,227.0,124,False,15.8,19.2,75.0,False,3.7,1.0
2025,Australian Grand Prix,VER,Red Bull Racing,1.0,1.0,INTERMEDIATE,1.0,119.392,,20.705,55.25,249.0,292.0,247.0,215.0,124,False,15.8,19.2,75.0,False,3.7,2.0
2025,Australian Grand Prix,PIA,McLaren,1.0,1.0,INTERMEDIATE,1.0,120.807,,20.844,56.056,244.0,298.0,267.0,226.0,124,False,15.8,19.2,75.0,False,3.7,3.0
2025,Australian Grand Prix,RUS,Mercedes,1.0,1.0,INTERMEDIATE,1.0,124.644,,21.03,58.93,241.0,297.0,270.0,207.0,124,False,15.8,19.2,75.0,False,3.7,4.0
2025,Australian Grand Prix,LEC,Ferrari,1.0,1.0,INTERMEDIATE,1.0,128.48,,20.69,62.574,233.0,297.0,243.0,191.0,124,False,15.8,19.2,75.0,False,3.7,5.0
2025,Australian Grand Prix,TSU,Racing Bulls,1.0,1.0,INTERMEDIATE,1.0,130.655,,21.598,63.68,211.0,291.0,224.0,193.0,124,False,15.8,19.2,75.0,False,3.7,6.0
2025,Australian Grand Prix,ALB,Williams,1.0,1.0,INTERMEDIATE,1.0,132.195,,21.334,65.027,205.0,282.0,217.0,192.0,124,False,15.8,19.2,75.0,False,3.7,7.0
2025,Australian Grand Prix,HAM,Ferrari,1.0,1.0,INTERMEDIATE,1.0,132.883,,21.082,65.193,223.0,291.0,173.0,190.0,124,False,15.8,19.2,75.0,False,3.7,8.0
2025,Australian Grand Prix,GAS,Alpine,1.0,1.0,INTERMEDIATE,1.0,134.132,,21.554,65.755,225.0,284.0,182.0,186.0,124,False,15.8,19.2,75.0,False,3.7,9.0
2025,Australian Grand Prix,ALO,Aston Martin,1.0,1.0,INTERMEDIATE,1.0,137.178,,22.171,67.034,227.0,255.0,220.0,186.0,124,False,15.8,19.2,75.0,False,3.7,10.0
2025,Australian Grand Prix,STR,Aston Martin,1.0,1.0,INTERMEDIATE,1.0,139.485,,22.125,68.489,215.0,257.0,262.0,172.0,124,False,15.8,19.2,75.0,False,3.7,11.0
2025,Australian Grand Prix,HUL,Kick Sauber,1.0,1.0,INTERMEDIATE,1.0,141.221,,22.276,68.947,224.0,212.0,247.0,181.0,124,False,15.8,19.2,75.0,False,3.7,12.0
2025,Australian Grand Prix,ANT,Mercedes,1.0,1.0,INTERMEDIATE,1.0,142.352,,22.829,69.366,219.0,198.0,245.0,186.0,124,False,15.8,19.2,75.0,False,3.7,13.0
2025,Australian Grand Prix,BOR,Kick Sauber,1.0,1.0,INTERMEDIATE,1.0,144.063,,23.185,70.345,208.0,197.0,230.0,192.0,124,False,15.8,19.2,75.0,False,3.7,14.0
2025,Australian Grand Prix,OCO,Haas F1 Team,1.0,1.0,INTERMEDIATE,1.0,145.769,,26.46,67.938,164.0,164.0,211.0,158.0,124,False,15.8,19.2,75.0,False,3.7,15.0
2025,Australian Grand Prix,LAW,Red Bull Racing,1.0,1.0,INTERMEDIATE,1.0,148.795,,30.971,64.122,212.0,130.0,189.0,188.0,124,False,15.8,19.2,75.0,False,3.7,16.0
2025,Australian Grand Prix,BEA,Haas F1 Team,1.0,1.0,INTERMEDIATE,1.0,149.413,,32.85,61.402,133.0,189.0,203.0,170.0,124,False,15.8,19.2,75.0,False,3.7,17.0
2025,Australian Grand Prix,NOR,McLaren,5.0,4.0,INTERMEDIATE,5.0,143.648,53.992,31.669,57.987,89.0,144.0,260.0,186.0,4,False,15.8,19.0,76.0,False,2.6,1.0
2025,Australian Grand Prix,VER,Red Bull Racing,5.0,4.0,INTERMEDIATE,5.0,143.609,53.513,32.627,57.469,79.0,130.0,237.0,194.0,4,False,15.8,19.0,76.0,False,2.6,2.0
2025,Australian Grand Prix,PIA,McLaren,5.0,4.0,INTERMEDIATE,5.0,143.155,53.433,32.176,57.546,87.0,199.0,252.0,189.0,4,False,15.8,19.0,76.0,False,2.6,3.0
2025,Australian Grand Prix,RUS,Mercedes,5.0,4.0,INTERMEDIATE,5.0,141.712,51.373,31.913,58.426,88.0,226.0,250.0,185.0,4,False,15.8,19.0,76.0,False,2.6,4.0
2025,Australian Grand Prix,LEC,Ferrari,5.0,4.0,INTERMEDIATE,5.0,142.597,51.208,31.916,59.473,99.0,259.0,223.0,197.0,4,False,15.8,19.0,76.0,False,2.6,5.0
2025,Australian Grand Prix,TSU,Racing Bulls,5.0,4.0,INTERMEDIATE,5.0,141.441,49.721,33.012,58.708,90.0,274.0,197.0,187.0,4,False,15.8,19.0,75.0,False,3.9,6.0
2025,Australian Grand Prix,ALB,Williams,5.0,4.0,INTERMEDIATE,3.0,142.084,51.338,30.169,60.577,101.0,246.0,200.0,190.0,4,False,15.8,19.0,75.0,False,3.9,7.0
2025,Australian Grand Prix,HAM,Ferrari,5.0,4.0,INTERMEDIATE,5.0,141.772,51.182,31.506,59.084,101.0,256.0,200.0,181.0,4,False,15.8,19.0,75.0,False,3.9,8.0
2025,Australian Grand Prix,GAS,Alpine,5.0,4.0,INTERMEDIATE,5.0,141.36,51.18,30.446,59.734,116.0,284.0,198.0,204.0,4,False,15.8,19.0,75.0,False,3.9,9.0
2025,Australian Grand Prix,ALO,Aston Martin,5.0,4.0,INTERMEDIATE,5.0,142.181,52.318,29.721,60.142,121.0,273.0,176.0,185.0,4,False,15.8,19.0,75.0,False,3.9,10.0
2025,Australian Grand Prix,STR,Aston Martin,5.0,4.0,INTERMEDIATE,1.0,140.409,50.391,31.168,58.85,133.0,256.0,144.0,166.0,4,False,15.8,19.0,75.0,False,3.9,11.0
2025,Australian Grand Prix,HUL,Kick Sauber,5.0,4.0,INTERMEDIATE,5.0,139.058,49.793,30.263,59.002,124.0,256.0,170.0,180.0,4,False,15.8,19.0,75.0,False,3.9,12.0
2025,Australian Grand Prix,ANT,Mercedes,5.0,4.0,INTERMEDIATE,5.0,139.163,49.979,30.052,59.132,125.0,274.0,193.0,187.0,4,False,15.8,19.0,75.0,False,3.9,13.0
2025,Australian Grand Prix,BOR,Kick Sauber,5.0,4.0,INTERMEDIATE,5.0,138.316,49.203,29.928,59.185,133.0,257.0,157.0,158.0,4,False,15.8,19.0,75.0,False,3.9,14.0
2025,Australian Grand Prix,OCO,Haas F1 Team,5.0,4.0,INTERMEDIATE,1.0,130.528,48.221,25.144,57.163,93.0,250.0,133.0,184.0,4,False,15.8,19.0,75.0,False,3.9,15.0
2025,Australian Grand Prix,LAW,Red Bull Racing,5.0,4.0,INTERMEDIATE,4.0,131.293,49.874,23.666,57.753,102.0,272.0,143.0,148.0,4,False,15.8,19.0,75.0,False,3.9,16.0
2025,Australian Grand Prix,BEA,Haas F1 Team,5.0,4.0,INTERMEDIATE,1.0,125.412,45.526,23.469,56.417,150.0,261.0,137.0,179.0,4,False,15.8,19.0,75.0,False,3.9,17.0
2025,Australian Grand Prix,NOR,McLaren,6.0,4.0,INTERMEDIATE,6.0,140.423,48.236,33.814,58.373,154.0,186.0,247.0,180.0,4,True,15.9,19.0,76.0,False,3.3,1.0
2025,Australian Grand Prix,VER,Red Bull Racing,6.0,4.0,INTERMEDIATE,6.0,139.654,47.887,33.228,58.539,158.0,183.0,208.0,127.0,4,True,15.9,19.0,76.0,False,3.3,2.0
2025,Australian Grand Prix,PIA,McLaren,6.0,4.0,INTERMEDIATE,6.0,139.873,48.116,33.226,58.531,122.0,178.0,191.0,132.0,4,True,15.9,19.0,76.0,False,3.3,3.0
2025,Australian Grand Prix,RUS,Mercedes,6.0,4.0,INTERMEDIATE,6.0,139.485,47.746,33.735,58.004,124.0,180.0,157.0,114.0,4,True,15.9,19.0,76.0,False,3.3,4.0
2025,Australian Grand Prix,LEC,Ferrari,6.0,4.0,INTERMEDIATE,6.0,138.85,45.966,33.553,59.331,120.0,153.0,230.0,159.0,4,True,15.9,19.0,76.0,False,3.3,5.0
2025,Australian Grand Prix,TSU,Racing Bulls,6.0,4.0,INTERMEDIATE,6.0,139.381,45.567,33.684,60.13,118.0,264.0,231.0,149.0,4,True,15.9,19.0,76.0,False,3.3,6.0
2025,Australian Grand Prix,ALB,Williams,6.0,4.0,INTERMEDIATE,4.0,139.612,44.267,34.013,61.332,148.0,267.0,226.0,213.0,4,True,15.9,19.0,76.0,False,3.3,7.0
2025,Australian Grand Prix,HAM,Ferrari,6.0,4.0,INTERMEDIATE,6.0,140.418,43.91,34.755,61.753,118.0,246.0,213.0,196.0,4,True,15.9,19.0,76.0,False,3.3,8.0
2025,Australian Grand Prix,GAS,Alpine,6.0,4.0,INTERMEDIATE,6.0,139.952,43.258,34.952,61.742,106.0,250.0,217.0,222.0,4,True,15.9,19.0,76.0,False,3.3,9.0
2025,Australian Grand Prix,ALO,Aston Martin,6.0,4.0,INTERMEDIATE,6.0,139.493,42.673,35.332,61.488,109.0,258.0,202.0,185.0,4,True,15.9,19.0,76.0,False,3.3,10.0
2025,Australian Grand Prix,STR,Aston Martin,6.0,4.0,INTERMEDIATE,2.0,140.973,42.942,35.542,62.489,161.0,247.0,200.0,199.0,4,True,15.9,19.0,76.0,False,3.3,11.0
2025,Australian Grand Prix,HUL,Kick Sauber,6.0,4.0,INTERMEDIATE,6.0,141.111,42.669,35.545,62.897,181.0,243.0,194.0,202.0,4,True,15.9,19.0,76.0,False,3.3,12.0
2025,Australian Grand Prix,ANT,Mercedes,6.0,4.0,INTERMEDIATE,6.0,141.111,42.289,35.787,63.035,169.0,234.0,232.0,201.0,4,True,15.9,19.0,76.0,False,3.3,13.0
2025,Australian Grand Prix,BOR,Kick Sauber,6.0,4.0,INTERMEDIATE,6.0,140.976,41.946,35.519,63.511,180.0,205.0,214.0,177.0,4,True,15.9,19.0,76.0,False,3.3,14.0
2025,Australian Grand Prix,OCO,Haas F1 Team,6.0,4.0,INTERMEDIATE,2.0,140.986,41.743,35.534,63.709,156.0,174.0,215.0,163.0,4,True,15.9,19.0,76.0,False,3.3,15.0
2025,Australian Grand Prix,LAW,Red Bull Racing,6.0,4.0,INTERMEDIATE,5.0,141.609,41.25,36.661,63.698,192.0,198.0,204.0,185.0,4,True,15.9,19.0,76.0,False,3.3,16.0
2025,Australian Grand Prix,BEA,Haas F1 Team,6.0,4.0,INTERMEDIATE,2.0,142.075,41.852,35.99,64.233,174.0,204.0,170.0,161.0,4,True,15.9,19.0,76.0,False,3.3,17.0
2025,Australian Grand Prix,NOR,McLaren,7.0,4.0,INTERMEDIATE,7.0,137.108,46.009,30.022,61.077,146.0,147.0,274.0,218.0,41,True,15.9,19.1,75.0,False,4.5,1.0
2025,Australian Grand Prix,VER,Red Bull Racing,7.0,4.0,INTERMEDIATE,7.0,136.447,45.898,29.735,60.814,174.0,197.0,277.0,208.0,41,True,15.9,19.1,75.0,False,4.5,2.0
2025,Australian Grand Prix,PIA,McLaren,7.0,4.0,INTERMEDIATE,7.0,135.569,45.77,30.859,58.94,132.0,221.0,277.0,231.0,41,True,15.9,19.1,75.0,False,4.5,3.0
2025,Australian Grand Prix,RUS,Mercedes,7.0,4.0,INTERMEDIATE,7.0,134.684,45.565,31.759,57.36,155.0,207.0,276.0,234.0,41,True,15.9,19.1,75.0,False,4.5,4.0
2025,Australian Grand Prix,LEC,Ferrari,7.0,4.0,INTERMEDIATE,7.0,133.209,45.283,30.724,57.202,213.0,185.0,277.0,230.0,41,True,15.9,19.1,75.0,False,4.5,5.0
2025,Australian Grand Prix,TSU,Racing Bulls,7.0,4.0,INTERMEDIATE,7.0,131.451,45.02,30.751,55.68,214.0,103.0,276.0,214.0,41,True,15.9,19.1,75.0,False,4.5,6.0
2025,Australian Grand Prix,ALB,Williams,7.0,4.0,INTERMEDIATE,5.0,129.065,43.84,29.976,55.249,168.0,169.0,278.0,229.0,41,True,15.9,19.1,75.0,False,4.5,7.0
2025,Australian Grand Prix,HAM,Ferrari,7.0,4.0,INTERMEDIATE,7.0,127.498,42.591,30.377,54.53,127.0,166.0,277.0,212.0,41,True,15.9,19.1,75.0,False,4.5,8.0
2025,Australian Grand Prix,GAS,Alpine,7.0,4.0,INTERMEDIATE,7.0,126.733,42.713,29.764,54.256,202.0,210.0,275.0,223.0,41,True,15.9,19.1,75.0,False,4.5,9.0
2025,Australian Grand Prix,ALO,Aston Martin,7.0,4.0,INTERMEDIATE,7.0,125.594,42.237,31.103,52.254,214.0,273.0,274.0,203.0,41,True,15.9,19.1,75.0,False,4.5,10.0
2025,Australian Grand Prix,STR,Aston Martin,7.0,4.0,INTERMEDIATE,3.0,124.687,40.835,31.17,52.682,195.0,259.0,273.0,213.0,41,True,15.9,19.1,75.0,False,4.5,11.0
2025,Australian Grand Prix,HUL,Kick Sauber,7.0,4.0,INTERMEDIATE,7.0,124.116,41.833,30.29,51.993,180.0,259.0,278.0,202.0,41,True,15.9,19.1,75.0,False,4.5,12.0
2025,Australian Grand Prix,ANT,Mercedes,7.0,4.0,INTERMEDIATE,7.0,123.412,41.182,30.645,51.585,193.0,266.0,277.0,204.0,41,True,15.9,19.1,75.0,False,4.5,13.0
2025,Australian Grand Prix,BOR,Kick Sauber,7.0,4.0,INTERMEDIATE,7.0,123.467,41.213,30.785,51.469,159.0,243.0,274.0,203.0,41,True,15.9,19.1,75.0,False,4.5,14.0
2025,Australian Grand Prix,OCO,Haas F1 Team,7.0,4.0,INTERMEDIATE,3.0,123.018,40.716,30.837,51.465,172.0,250.0,275.0,191.0,41,True,15.9,19.1,75.0,False,4.5,15.0
2025,Australian Grand Prix,LAW,Red Bull Racing,7.0,4.0,INTERMEDIATE,6.0,122.216,40.083,30.379,51.754,162.0,274.0,273.0,196.0,41,True,15.9,19.1,75.0,False,4.5,16.0
2025,Australian Grand Prix,BEA,Haas F1 Team,7.0,4.0,INTERMEDIATE,3.0,122.192,40.31,30.271,51.611,171.0,258.0,273.0,154.0,41,True,15.9,19.1,75.0,False,4.5,17.0
2025,Australian Grand Prix,NOR,McLaren,8.0,4.0,INTERMEDIATE,8.0,96.278,34.845,20.542,40.891,252.0,289.0,277.0,276.0,1,True,15.9,19.1,74.0,False,3.4,1.0
2025,Australian Grand Prix,VER,Red Bull Racing,8.0,4.0,INTERMEDIATE,8.0,96.83,35.249,20.145,41.436,257.0,297.0,278.0,245.0,1,True,15.9,19.1,74.0,False,3.4,2.0
2025,Australian Grand Prix,PIA,McLaren,8.0,4.0,INTERMEDIATE,8.0,97.251,35.144,20.025,42.082,256.0,301.0,279.0,257.0,1,True,15.9,19.1,74.0,False,3.4,3.0
2025,Australian Grand Prix,RUS,Mercedes,8.0,4.0,INTERMEDIATE,8.0,97.824,35.549,20.248,42.027,256.0,303.0,280.0,251.0,1,True,15.9,19.1,74.0,False,3.4,4.0
2025,Australian Grand Prix,LEC,Ferrari,8.0,4.0,INTERMEDIATE,8.0,98.19,35.371,20.374,42.445,252.0,297.0,278.0,243.0,1,True,15.9,19.1,74.0,False,3.4,5.0
2025,Australian Grand Prix,TSU,Racing Bulls,8.0,4.0,INTERMEDIATE,8.0,98.464,35.395,20.314,42.755,256.0,306.0,277.0,227.0,1,True,15.9,19.1,74.0,False,3.4,6.0
2025,Australian Grand Prix,ALB,Williams,8.0,4.0,INTERMEDIATE,6.0,98.281,35.515,20.233,42.533,250.0,308.0,285.0,229.0,1,True,15.9,19.1,74.0,False,3.4,7.0
2025,Australian Grand Prix,HAM,Ferrari,8.0,4.0,INTERMEDIATE,8.0,98.311,35.572,20.255,42.484,249.0,301.0,279.0,230.0,1,True,15.9,19.1,74.0,False,3.4,8.0
2025,Australian Grand Prix,GAS,Alpine,8.0,4.0,INTERMEDIATE,8.0,98.441,35.761,20.439,42.241,252.0,303.0,277.0,232.0,1,True,15.9,19.1,74.0,False,3.4,9.0
2025,Australian Grand Prix,ALO,Aston Martin,8.0,4.0,INTERMEDIATE,8.0,98.354,35.634,20.573,42.147,253.0,300.0,278.0,225.0,1,True,15.9,19.1,74.0,False,3.4,10.0
2025,Australian Grand Prix,STR,Aston Martin,8.0,4.0,INTERMEDIATE,4.0,98.664,36.07,20.699,41.895,253.0,298.0,277.0,233.0,1,True,15.9,19.1,74.0,False,3.4,11.0
2025,Australian Grand Prix,HUL,Kick Sauber,8.0,4.0,INTERMEDIATE,8.0,98.959,36.183,20.258,42.518,254.0,289.0,279.0,230.0,1,True,15.9,19.1,74.0,False,3.4,12.0
2025,Australian Grand Prix,ANT,Mercedes,8.0,4.0,INTERMEDIATE,8.0,98.729,35.912,20.482,42.335,254.0,309.0,280.0,240.0,1,True,15.9,19.1,74.0,False,3.4,13.0
2025,Australian Grand Prix,BOR,Kick Sauber,8.0,4.0,INTERMEDIATE,8.0,100.265,36.126,20.871,43.268,250.0,302.0,277.0,242.0,1,True,15.9,19.1,74.0,False,3.4,14.0
2025,Australian Grand Prix,OCO,Haas F1 Team,8.0,4.0,INTERMEDIATE,4.0,100.522,36.515,20.724,43.283,243.0,296.0,277.0,217.0,1,True,15.9,19.1,74.0,False,3.4,15.0
2025,Australian Grand Prix,LAW,Red Bull Racing,8.0,4.0,INTERMEDIATE,7.0,100.582,36.302,20.823,43.457,249.0,298.0,276.0,230.0,1,True,15.9,19.1,74.0,False,3.4,16.0
2025,Australian Grand Prix,BEA,Haas F1 Team,8.0,4.0,INTERMEDIATE,4.0,102.054,36.361,21.757,43.936,244.0,289.0,274.0,218.0,1,True,15.9,19.1,74.0,False,3.4,17.0
2025,Australian Grand Prix,NOR,McLaren,9.0,4.0,INTERMEDIATE,9.0,94.638,34.182,19.932,40.524,255.0,290.0,279.0,281.0,1,True,15.9,19.1,74.0,False,4.1,1.0
2025,Australian Grand Prix,VER,Red Bull Racing,9.0,4.0,INTERMEDIATE,9.0,94.315,33.85,19.608,40.857,257.0,301.0,279.0,258.0,1,True,15.9,19.1,74.0,False,4.1,2.0
2025,Australian Grand Prix,PIA,McLaren,9.0,4.0,INTERMEDIATE,9.0,94.578,34.085,19.805,40.688,256.0,293.0,281.0,273.0,1,True,15.9,19.1,74.0,False,4.1,3.0
2025,Australian Grand Prix,RUS,Mercedes,9.0,4.0,INTERMEDIATE,9.0,94.873,34.074,19.847,40.952,259.0,302.0,281.0,269.0,1,True,15.9,19.1,74.0,False,4.1,4.0
2025,Australian Grand Prix,LEC,Ferrari,9.0,4.0,INTERMEDIATE,9.0,94.933,33.915,19.833,41.185,257.0,301.0,279.0,263.0,1,True,15.9,19.1,74.0,False,4.1,5.0
2025,Australian Grand Prix,TSU,Racing Bulls,9.0,4.0,INTERMEDIATE,9.0,95.409,34.269,19.974,41.166,258.0,304.0,279.0,254.0,1,True,15.9,19.1,74.0,False,4.1,6.0
2025,Australian Grand Prix,ALB,Williams,9.0,4.0,INTERMEDIATE,7.0,96.3,34.639,19.865,41.796,254.0,308.0,283.0,234.0,1,True,15.9,19.1,74.0,False,4.1,7.0
2025,Australian Grand Prix,HAM,Ferrari,9.0,4.0,INTERMEDIATE,9.0,96.242,34.554,19.882,41.806,257.0,305.0,281.0,240.0,1,True,15.9,19.1,74.0,False,4.1,8.0
2025,Australian Grand Prix,GAS,Alpine,9.0,4.0,INTERMEDIATE,9.0,96.062,34.775,19.939,41.348,252.0,300.0,280.0,241.0,1,True,15.9,19.1,74.0,False,4.1,9.0
2025,Australian Grand Prix,ALO,Aston Martin,9.0,4.0,INTERMEDIATE,9.0,96.267,34.756,20.098,41.413,252.0,302.0,279.0,232.0,1,True,15.9,19.1,74.0,False,4.1,10.0
2025,Australian Grand Prix,STR,Aston Martin,9.0,4.0,INTERMEDIATE,5.0,96.253,34.815,20.356,41.082,251.0,293.0,279.0,251.0,1,True,15.9,19.1,74.0,False,4.1,11.0
2025,Australian Grand Prix,HUL,Kick Sauber,9.0,4.0,INTERMEDIATE,9.0,96.51,34.846,20.162,41.502,251.0,300.0,280.0,242.0,1,True,15.9,19.1,74.0,False,4.1,12.0
2025,Australian Grand Prix,ANT,Mercedes,9.0,4.0,INTERMEDIATE,9.0,96.312,34.903,19.945,41.464,257.0,307.0,282.0,258.0,1,True,15.9,19.1,74.0,False,4.1,13.0
2025,Australian Grand Prix,BOR,Kick Sauber,9.0,4.0,INTERMEDIATE,9.0,96.663,34.582,20.079,42.002,258.0,300.0,278.0,264.0,1,True,15.9,19.1,74.0,False,4.1,14.0
2025,Australian Grand Prix,OCO,Haas F1 Team,9.0,4.0,INTERMEDIATE,5.0,98.049,35.372,20.303,42.374,245.0,287.0,278.0,229.0,1,True,15.9,19.1,74.0,False,4.1,15.0
2025,Australian Grand Prix,LAW,Red Bull Racing,9.0,4.0,INTERMEDIATE,8.0,98.439,35.232,20.72,42.487,256.0,298.0,277.0,235.0,1,True,15.9,19.1,76.0,False,2.5,16.0
2025,Australian Grand Prix,BEA,Haas F1 Team,9.0,4.0,INTERMEDIATE,5.0,98.564,35.336,20.785,42.443,248.0,295.0,276.0,223.0,1,True,15.9,19.1,76.0,False,2.5,17.0
2025,Australian Grand Prix,NOR,McLaren,10.0,4.0,INTERMEDIATE,10.0,92.13,32.775,19.521,39.834,258.0,289.0,279.0,280.0,1,True,15.9,19.1,74.0,False,4.3,1.0
2025,Australian Grand Prix,VER,Red Bull Racing,10.0,4.0,INTERMEDIATE,10.0,92.65,33.117,19.414,40.119,259.0,302.0,278.0,263.0,1,True,15.9,19.1,74.0,False,4.3,2.0
2025,Australian Grand Prix,PIA,McLaren,10.0,4.0,INTERMEDIATE,10.0,92.672,33.169,19.497,40.006,258.0,294.0,282.0,280.0,1,True,15.9,19.1,74.0,False,4.3,3.0
2025,Australian Grand Prix,RUS,Mercedes,10.0,4.0,INTERMEDIATE,10.0,93.587,33.442,19.662,40.483,261.0,300.0,281.0,276.0,1,True,15.9,19.1,74.0,False,4.3,4.0
2025,Australian Grand Prix,LEC,Ferrari,10.0,4.0,INTERMEDIATE,10.0,93.539,33.253,19.497,40.789,257.0,302.0,280.0,260.0,1,True,15.9,19.1,74.0,False,4.3,5.0
2025,Australian Grand Prix,TSU,Racing Bulls,10.0,4.0,INTERMEDIATE,10.0,94.433,33.907,19.654,40.872,258.0,303.0,279.0,253.0,1,True,15.9,19.1,74.0,False,4.3,6.0
2025,Australian Grand Prix,ALB,Williams,10.0,4.0,INTERMEDIATE,8.0,94.494,33.776,19.742,40.976,261.0,306.0,284.0,234.0,1,True,15.9,19.1,74.0,False,4.3,7.0
2025,Australian Grand Prix,HAM,Ferrari,10.0,4.0,INTERMEDIATE,10.0,95.107,33.954,19.89,41.263,258.0,297.0,280.0,246.0,1,True,15.9,19.1,74.0,False,4.3,8.0
2025,Australian Grand Prix,GAS,Alpine,10.0,4.0,INTERMEDIATE,10.0,95.527,34.369,19.784,41.374,252.0,298.0,277.0,255.0,1,True,15.9,19.1,74.0,False,4.3,9.0
2025,Australian Grand Prix,ALO,Aston Martin,10.0,4.0,INTERMEDIATE,10.0,95.569,34.31,19.907,41.352,256.0,302.0,280.0,254.0,1,True,15.9,19.1,74.0,False,4.3,10.0
2025,Australian Grand Prix,STR,Aston Martin,10.0,4.0,INTERMEDIATE,6.0,95.14,34.318,20.098,40.724,256.0,300.0,279.0,264.0,1,True,15.9,19.1,74.0,False,4.3,11.0
2025,Australian Grand Prix,HUL,Kick Sauber,10.0,4.0,INTERMEDIATE,10.0,95.044,34.233,19.802,41.009,254.0,303.0,281.0,259.0,1,True,15.9,19.1,74.0,False,4.3,12.0
2025,Australian Grand Prix,ANT,Mercedes,10.0,4.0,INTERMEDIATE,10.0,95.27,34.187,19.577,41.506,260.0,312.0,282.0,271.0,1,True,15.9,19.1,74.0,False,4.3,13.0
2025,Australian Grand Prix,BOR,Kick Sauber,10.0,4.0,INTERMEDIATE,10.0,95.625,33.964,20.03,41.631,257.0,298.0,278.0,274.0,1,True,15.9,19.1,74.0,False,4.3,14.0
2025,Australian Grand Prix,OCO,Haas F1 Team,10.0,4.0,INTERMEDIATE,6.0,96.474,34.541,20.181,41.752,254.0,294.0,278.0,246.0,1,True,15.9,19.1,74.0,False,4.3,15.0
2025,Australian Grand Prix,LAW,Red Bull Racing,10.0,4.0,INTERMEDIATE,9.0,96.614,34.497,20.047,42.07,258.0,298.0,277.0,276.0,1,True,15.9,19.1,74.0,False,4.3,16.0
2025,Australian Grand Prix,BEA,Haas F1 Team,10.0,4.0,INTERMEDIATE,6.0,96.411,34.465,20.346,41.6,251.0,295.0,277.0,253.0,1,True,15.9,19.1,74.0,False,4.3,17.0
2025,Australian Grand Prix,NOR,McLaren,11.0,4.0,INTERMEDIATE,11.0,92.189,32.971,19.542,39.676,258.0,291.0,278.0,278.0,1,False,16.0,19.1,74.0,False,3.6,1.0
2025,Australian Grand Prix,VER,Red Bull Racing,11.0,4.0,INTERMEDIATE,11.0,92.453,33.017,19.392,40.044,259.0,301.0,276.0,272.0,1,True,16.0,19.1,74.0,False,3.6,2.0
2025,Australian Grand Prix,PIA,McLaren,11.0,4.0,INTERMEDIATE,11.0,91.959,32.814,19.223,39.922,264.0,297.0,281.0,271.0,1,True,16.0,19.1,74.0,False,3.6,3.0
2025,Australian Grand Prix,RUS,Mercedes,11.0,4.0,INTERMEDIATE,11.0,93.347,33.297,19.554,40.496,263.0,299.0,281.0,281.0,1,True,16.0,19.1,74.0,False,3.6,4.0
2025,Australian Grand Prix,LEC,Ferrari,11.0,4.0,INTERMEDIATE,11.0,94.251,33.495,19.791,40.965,259.0,297.0,278.0,263.0,1,False,16.0,19.1,74.0,False,3.6,5.0
2025,Australian Grand Prix,TSU,Racing Bulls,11.0,4.0,INTERMEDIATE,11.0,94.136,33.605,19.643,40.888,262.0,303.0,278.0,257.0,1,True,16.0,19.1,74.0,False,3.6,6.0
2025,Australian Grand Prix,ALB,Williams,11.0,4.0,INTERMEDIATE,9.0,94.206,33.54,19.704,40.962,262.0,306.0,283.0,252.0,1,True,16.0,19.1,74.0,False,3.6,7.0
2025,Australian Grand Prix,HAM,Ferrari,11.0,4.0,INTERMEDIATE,11.0,94.299,33.496,19.828,40.975,262.0,297.0,278.0,258.0,1,True,16.0,19.1,74.0,False,3.6,8.0
2025,Australian Grand Prix,GAS,Alpine,11.0,4.0,INTERMEDIATE,11.0,94.702,33.715,19.771,41.216,252.0,293.0,279.0,261.0,1,True,16.0,19.1,74.0,False,3.6,9.0
2025,Australian Grand Prix,ALO,Aston Martin,11.0,4.0,INTERMEDIATE,11.0,95.3,34.107,19.76,41.433,257.0,298.0,279.0,244.0,1,True,16.0,19.1,74.0,False,3.6,10.0
2025,Australian Grand Prix,STR,Aston Martin,11.0,4.0,INTERMEDIATE,7.0,94.972,34.256,19.813,40.903,257.0,299.0,281.0,266.0,1,True,16.0,19.3,75.0,False,2.6,11.0
2025,Australian Grand Prix,HUL,Kick Sauber,11.0,4.0,INTERMEDIATE,11.0,94.99,34.126,19.628,41.236,257.0,307.0,282.0,265.0,1,True,16.0,19.3,75.0,False,2.6,12.0
2025,Australian Grand Prix,ANT,Mercedes,11.0,4.0,INTERMEDIATE,11.0,94.678,33.964,19.627,41.087,259.0,310.0,281.0,264.0,1,True,16.0,19.3,75.0,False,2.6,13.0
2025,Australian Grand Prix,BOR,Kick Sauber,11.0,4.0,INTERMEDIATE,11.0,94.655,33.762,19.755,41.138,256.0,297.0,281.0,281.0,1,True,16.0,19.3,75.0,False,2.6,14.0
2025,Australian Grand Prix,OCO,Haas F1 Team,11.0,4.0,INTERMEDIATE,7.0,95.696,34.533,19.996,41.167,253.0,294.0,279.0,243.0,1,True,16.0,19.3,75.0,False,2.6,15.0
2025,Australian Grand Prix,LAW,Red Bull Racing,11.0,4.0,INTERMEDIATE,10.0,95.174,33.498,20.106,41.57,262.0,301.0,280.0,269.0,1,True,16.0,19.3,75.0,False,2.6,16.0
2025,Australian Grand Prix,BEA,Haas F1 Team,11.0,4.0,INTERMEDIATE,7.0,95.416,34.048,20.123,41.245,255.0,294.0,279.0,250.0,1,True,16.0,19.3,75.0,False,2.6,17.0
2025,Australian Grand Prix,NOR,McLaren,12.0,4.0,INTERMEDIATE,12.0,91.778,33.041,19.428,39.309,258.0,289.0,280.0,284.0,1,True,15.9,19.3,74.0,False,3.1,1.0
2025,Australian Grand Prix,VER,Red Bull Racing,12.0,4.0,INTERMEDIATE,12.0,91.591,32.767,19.302,39.522,263.0,303.0,279.0,274.0,1,True,15.9,19.3,74.0,False,3.1,2.0
2025,Australian Grand Prix,PIA,McLaren,12.0,4.0,INTERMEDIATE,12.0,91.29,32.66,18.929,39.701,262.0,315.0,294.0,274.0,1,True,15.9,19.3,74.0,False,3.1,3.0
2025,Australian Grand Prix,RUS,Mercedes,12.0,4.0,INTERMEDIATE,12.0,92.803,33.269,19.534,40.0,263.0,301.0,283.0,278.0,1,True,15.9,19.3,74.0,False,3.1,4.0
2025,Australian Grand Prix,LEC,Ferrari,12.0,4.0,INTERMEDIATE,12.0,93.536,33.168,19.953,40.415,257.0,295.0,279.0,268.0,1,True,15.9,19.3,74.0,False,3.1,5.0
2025,Australian Grand Prix,TSU,Racing Bulls,12.0,4.0,INTERMEDIATE,12.0,93.273,33.212,19.544,40.517,263.0,305.0,281.0,263.0,1,True,15.9,19.3,74.0,False,3.1,6.0
2025,Australian Grand Prix,ALB,Williams,12.0,4.0,INTERMEDIATE,10.0,93.713,33.608,19.618,40.487,260.0,304.0,286.0,255.0,1,True,15.9,19.3,74.0,False,3.1,7.0
2025,Australian Grand Prix,HAM,Ferrari,12.0,4.0,INTERMEDIATE,12.0,93.255,33.41,19.708,40.137,262.0,304.0,291.0,266.0,1,True,15.9,19.3,74.0,False,3.1,8.0
2025,Australian Grand Prix,GAS,Alpine,12.0,4.0,INTERMEDIATE,12.0,94.227,33.48,19.64,41.107,254.0,296.0,280.0,262.0,1,True,15.9,19.3,74.0,False,3.1,9.0
2025,Australian Grand Prix,ALO,Aston Martin,12.0,4.0,INTERMEDIATE,12.0,94.076,33.625,19.675,40.776,259.0,296.0,282.0,263.0,1,True,15.9,19.3,74.0,False,3.1,10.0
2025,Australian Grand Prix,STR,Aston Martin,12.0,4.0,INTERMEDIATE,8.0,94.426,34.054,19.952,40.42,258.0,298.0,282.0,278.0,1,True,15.9,19.3,74.0,False,3.1,11.0
2025,Australian Grand Prix,HUL,Kick Sauber,12.0,4.0,INTERMEDIATE,12.0,94.989,34.111,19.638,41.24,259.0,310.0,279.0,268.0,1,True,15.9,19.3,74.0,False,3.1,12.0
2025,Australian Grand Prix,ANT,Mercedes,12.0,4.0,INTERMEDIATE,12.0,95.385,34.18,19.476,41.729,259.0,320.0,280.0,270.0,1,False,15.9,19.3,74.0,False,3.1,13.0
2025,Australian Grand Prix,BOR,Kick Sauber,12.0,4.0,INTERMEDIATE,12.0,94.382,33.593,19.666,41.123,260.0,302.0,279.0,270.0,1,True,15.9,19.3,74.0,False,3.1,14.0
2025,Australian Grand Prix,OCO,Haas F1 Team,12.0,4.0,INTERMEDIATE,8.0,94.577,34.184,19.885,40.508,254.0,296.0,279.0,237.0,1,True,15.9,19.3,74.0,False,3.1,15.0
2025,Australian Grand Prix,LAW,Red Bull Racing,12.0,4.0,INTERMEDIATE,11.0,94.064,33.347,19.571,41.146,261.0,320.0,291.0,261.0,1,True,15.9,19.3,74.0,False,3.1,16.0
2025,Australian Grand Prix,BEA,Haas F1 Team,12.0,4.0,INTERMEDIATE,8.0,95.002,33.75,20.201,41.051,254.0,295.0,277.0,263.0,1,True,15.9,19.3,74.0,False,3.1,17.0
2025,Australian Grand Prix,NOR,McLaren,13.0,4.0,INTERMEDIATE,13.0,91.318,32.701,19.369,39.248,260.0,290.0,280.0,279.0,1,True,16.0,19.3,75.0,False,3.3,1.0
2025,Australian Grand Prix,VER,Red Bull Racing,13.0,4.0,INTERMEDIATE,13.0,91.271,32.572,19.292,39.407,264.0,301.0,278.0,281.0,1,True,16.0,19.3,75.0,False,3.3,2.0
2025,Australian Grand Prix,PIA,McLaren,13.0,4.0,INTERMEDIATE,13.0,91.377,32.68,18.981,39.716,265.0,314.0,292.0,274.0,1,False,16.0,19.3,75.0,False,3.3,3.0
2025,Australian Grand Prix,RUS,Mercedes,13.0,4.0,INTERMEDIATE,13.0,92.364,33.147,19.431,39.786,262.0,301.0,282.0,286.0,1,True,16.0,19.3,75.0,False,3.3,4.0
2025,Australian Grand Prix,LEC,Ferrari,13.0,4.0,INTERMEDIATE,13.0,92.198,32.808,19.51,39.88,260.0,300.0,281.0,274.0,1,True,16.0,19.3,75.0,False,3.3,5.0
2025,Australian Grand Prix,TSU,Racing Bulls,13.0,4.0,INTERMEDIATE,13.0,92.762,33.017,19.482,40.263,263.0,305.0,280.0,262.0,1,True,16.0,19.3,75.0,False,3.3,6.0
2025,Australian Grand Prix,ALB,Williams,13.0,4.0,INTERMEDIATE,11.0,93.153,32.977,19.626,40.55,263.0,301.0,284.0,256.0,1,True,16.0,19.3,74.0,True,3.4,7.0
2025,Australian Grand Prix,HAM,Ferrari,13.0,4.0,INTERMEDIATE,13.0,93.017,33.163,19.171,40.683,260.0,319.0,288.0,258.0,1,True,16.0,19.3,74.0,True,3.4,8.0
2025,Australian Grand Prix,GAS,Alpine,13.0,4.0,INTERMEDIATE,13.0,93.275,33.245,19.662,40.368,255.0,297.0,279.0,273.0,1,True,16.0,19.3,74.0,True,3.4,9.0
2025,Australian Grand Prix,ALO,Aston Martin,13.0,4.0,INTERMEDIATE,13.0,93.515,33.419,19.468,40.628,259.0,300.0,280.0,261.0,1,True,16.0,19.3,74.0,True,3.4,10.0
2025,Australian Grand Prix,STR,Aston Martin,13.0,4.0,INTERMEDIATE,9.0,93.899,33.728,19.743,40.428,260.0,299.0,279.0,275.0,1,True,16.0,19.3,74.0,True,3.4,11.0
2025,Australian Grand Prix,HUL,Kick Sauber,13.0,4.0,INTERMEDIATE,13.0,94.064,33.86,19.63,40.574,259.0,305.0,280.0,274.0,1,True,16.0,19.3,74.0,True,3.4,12.0
2025,Australian Grand Prix,ANT,Mercedes,13.0,4.0,INTERMEDIATE,13.0,93.697,33.611,19.396,40.69,260.0,308.0,293.0,261.0,1,True,16.0,19.3,74.0,True,3.4,13.0
2025,Australian Grand Prix,BOR,Kick Sauber,13.0,4.0,INTERMEDIATE,13.0,94.383,33.907,19.633,40.843,261.0,302.0,282.0,261.0,1,False,16.0,19.3,74.0,True,3.4,14.0
2025,Australian Grand Prix,OCO,Haas F1 Team,13.0,4.0,INTERMEDIATE,9.0,93.936,33.814,19.76,40.362,253.0,293.0,280.0,261.0,1,True,16.0,19.3,74.0,True,3.4,15.0
2025,Australian Grand Prix,LAW,Red Bull Racing,13.0,4.0,INTERMEDIATE,12.0,94.316,33.359,19.473,41.484,263.0,322.0,280.0,276.0,1,False,16.0,19.3,74.0,True,3.4,16.0
2025,Australian Grand Prix,BEA,Haas F1 Team,13.0,4.0,INTERMEDIATE,9.0,94.25,33.681,20.049,40.52,255.0,293.0,278.0,271.0,1,True,16.0,19.3,74.0,True,3.4,17.0
2025,Australian Grand Prix,NOR,McLaren,14.0,4.0,INTERMEDIATE,14.0,90.795,32.293,19.273,39.229,261.0,288.0,281.0,282.0,1,True,16.0,19.3,75.0,True,2.8,1.0
2025,Australian Grand Prix,VER,Red Bull Racing,14.0,4.0,INTERMEDIATE,14.0,90.639,32.137,19.124,39.378,266.0,300.0,291.0,282.0,1,True,16.0,19.3,75.0,True,2.8,2.0
2025,Australian Grand Prix,PIA,McLaren,14.0,4.0,INTERMEDIATE,14.0,90.555,32.338,18.899,39.318,263.0,312.0,297.0,273.0,1,True,16.0,19.3,75.0,True,2.8,3.0
2025,Australian Grand Prix,RUS,Mercedes,14.0,4.0,INTERMEDIATE,14.0,91.856,32.788,19.377,39.691,263.0,301.0,282.0,284.0,1,True,16.0,19.3,75.0,True,2.8,4.0
2025,Australian Grand Prix,LEC,Ferrari,14.0,4.0,INTERMEDIATE,14.0,92.448,32.779,19.371,40.298,258.0,296.0,278.0,279.0,1,False,16.0,19.3,75.0,True,2.8,5.0
2025,Australian Grand Prix,TSU,Racing Bulls,14.0,4.0,INTERMEDIATE,14.0,92.434,32.69,19.503,40.241,266.0,303.0,279.0,278.0,1,True,16.0,19.3,75.0,True,2.8,6.0
2025,Australian Grand Prix,ALB,Williams,14.0,4.0,INTERMEDIATE,12.0,92.717,32.616,19.518,40.583,265.0,302.0,284.0,257.0,1,True,16.0,19.3,75.0,True,2.8,7.0
2025,Australian Grand Prix,HAM,Ferrari,14.0,4.0,INTERMEDIATE,14.0,92.992,33.133,19.416,40.443,262.0,298.0,289.0,268.0,1,True,16.0,19.3,75.0,True,2.8,8.0
2025,Australian Grand Prix,GAS,Alpine,14.0,4.0,INTERMEDIATE,14.0,92.859,32.923,19.508,40.428,257.0,297.0,278.0,274.0,1,True,16.0,19.3,75.0,True,2.8,9.0
2025,Australian Grand Prix,ALO,Aston Martin,14.0,4.0,INTERMEDIATE,14.0,92.664,32.924,19.455,40.285,262.0,296.0,281.0,272.0,1,True,16.0,19.3,75.0,True,2.8,10.0
2025,Australian Grand Prix,STR,Aston Martin,14.0,4.0,INTERMEDIATE,10.0,93.097,33.48,19.638,39.979,262.0,302.0,281.0,273.0,1,True,16.0,19.3,75.0,True,2.8,11.0
2025,Australian Grand Prix,ANT,Mercedes,14.0,4.0,INTERMEDIATE,14.0,93.802,33.699,19.47,40.633,260.0,313.0,280.0,268.0,1,False,16.0,19.3,75.0,True,2.8,12.0
2025,Australian Grand Prix,HUL,Kick Sauber,14.0,4.0,INTERMEDIATE,14.0,95.018,33.672,19.689,41.657,258.0,304.0,290.0,279.0,1,False,16.0,19.3,75.0,True,2.8,13.0
2025,Australian Grand Prix,BOR,Kick Sauber,14.0,4.0,INTERMEDIATE,14.0,94.102,33.309,19.414,41.379,260.0,299.0,281.0,281.0,1,True,16.0,19.3,75.0,True,2.8,14.0
2025,Australian Grand Prix,OCO,Haas F1 Team,14.0,4.0,INTERMEDIATE,10.0,93.526,33.676,19.492,40.358,258.0,297.0,279.0,262.0,1,True,16.0,19.3,75.0,True,2.8,15.0
2025,Australian Grand Prix,LAW,Red Bull Racing,14.0,4.0,INTERMEDIATE,13.0,93.617,33.356,19.69,40.571,263.0,300.0,281.0,258.0,1,True,16.0,19.3,75.0,True,2.8,16.0
2025,Australian Grand Prix,BEA,Haas F1 Team,14.0,4.0,INTERMEDIATE,10.0,93.732,33.539,19.874,40.319,257.0,295.0,280.0,270.0,1,True,16.0,19.3,75.0,True,2.8,17.0
2025,Australian Grand Prix,NOR,McLaren,15.0,4.0,INTERMEDIATE,15.0,90.226,32.127,19.243,38.856,264.0,290.0,281.0,281.0,1,True,16.0,19.3,75.0,False,2.3,1.0
2025,Australian Grand Prix,VER,Red Bull Racing,15.0,4.0,INTERMEDIATE,15.0,90.328,31.945,18.879,39.504,267.0,320.0,290.0,287.0,1,True,16.0,19.3,75.0,False,2.3,2.0
2025,Australian Grand Prix,PIA,McLaren,15.0,4.0,INTERMEDIATE,15.0,90.343,32.263,18.681,39.399,266.0,320.0,297.0,278.0,1,True,16.0,19.3,75.0,False,2.3,3.0
2025,Australian Grand Prix,RUS,Mercedes,15.0,4.0,INTERMEDIATE,15.0,91.885,32.609,19.336,39.94,265.0,299.0,283.0,281.0,1,False,16.0,19.3,75.0,False,2.3,4.0
2025,Australian Grand Prix,LEC,Ferrari,15.0,4.0,INTERMEDIATE,15.0,91.846,32.501,19.473,39.872,263.0,297.0,281.0,285.0,1,True,16.0,19.3,73.0,True,2.6,5.0
2025,Australian Grand Prix,TSU,Racing Bulls,15.0,4.0,INTERMEDIATE,15.0,92.545,32.593,19.583,40.369,264.0,300.0,282.0,260.0,1,False,16.0,19.3,73.0,True,2.6,6.0
2025,Australian Grand Prix,ALB,Williams,15.0,4.0,INTERMEDIATE,13.0,92.733,32.697,19.708,40.328,263.0,299.0,283.0,259.0,1,False,16.0,19.3,73.0,True,2.6,7.0
2025,Australian Grand Prix,HAM,Ferrari,15.0,4.0,INTERMEDIATE,15.0,92.763,32.838,19.117,40.808,262.0,315.0,288.0,270.0,1,True,16.0,19.3,73.0,True,2.6,8.0
2025,Australian Grand Prix,GAS,Alpine,15.0,4.0,INTERMEDIATE,15.0,92.744,33.106,19.515,40.123,258.0,297.0,279.0,271.0,1,True,16.0,19.3,73.0,True,2.6,9.0
2025,Australian Grand Prix,ALO,Aston Martin,15.0,4.0,INTERMEDIATE,15.0,92.324,32.913,19.374,40.037,263.0,299.0,282.0,275.0,1,True,16.0,19.3,73.0,True,2.6,10.0
2025,Australian Grand Prix,STR,Aston Martin,15.0,4.0,INTERMEDIATE,11.0,92.382,33.172,19.573,39.637,260.0,300.0,282.0,272.0,1,True,16.0,19.3,73.0,True,2.6,11.0
2025,Australian Grand Prix,ANT,Mercedes,15.0,4.0,INTERMEDIATE,15.0,92.212,33.126,19.42,39.666,262.0,302.0,282.0,290.0,1,True,16.0,19.3,73.0,True,2.6,12.0
2025,Australian Grand Prix,HUL,Kick Sauber,15.0,4.0,INTERMEDIATE,15.0,93.611,33.546,19.562,40.503,256.0,299.0,280.0,266.0,1,True,16.0,19.3,73.0,True,2.6,13.0
2025,Australian Grand Prix,BOR,Kick Sauber,15.0,4.0,INTERMEDIATE,15.0,93.692,33.416,19.392,40.884,258.0,299.0,281.0,283.0,1,True,16.0,19.3,73.0,True,2.6,14.0
2025,Australian Grand Prix,OCO,Haas F1 Team,15.0,4.0,INTERMEDIATE,11.0,93.703,33.827,19.464,40.412,256.0,295.0,279.0,260.0,1,False,16.0,19.3,73.0,True,2.6,15.0
2025,Australian Grand Prix,LAW,Red Bull Racing,15.0,4.0,INTERMEDIATE,14.0,93.502,33.265,19.495,40.742,264.0,302.0,280.0,258.0,1,True,16.0,19.3,73.0,True,2.6,16.0
2025,Australian Grand Prix,BEA,Haas F1 Team,15.0,4.0,INTERMEDIATE,11.0,93.885,33.606,19.939,40.34,256.0,295.0,279.0,281.0,1,False,16.0,19.3,73.0,True,2.6,17.0
2025,Australian Grand Prix,NOR,McLaren,16.0,4.0,INTERMEDIATE,16.0,89.952,31.957,19.167,38.828,262.0,292.0,282.0,281.0,1,True,16.0,19.3,74.0,True,2.2,1.0
2025,Australian Grand Prix,VER,Red Bull Racing,16.0,4.0,INTERMEDIATE,16.0,90.592,31.921,19.071,39.6,266.0,305.0,280.0,297.0,1,False,16.0,19.3,74.0,True,2.2,2.0
2025,Australian Grand Prix,PIA,McLaren,16.0,4.0,INTERMEDIATE,16.0,90.722,32.097,18.694,39.931,267.0,316.0,294.0,279.0,1,False,16.0,19.3,74.0,True,2.2,3.0
2025,Australian Grand Prix,RUS,Mercedes,16.0,4.0,INTERMEDIATE,16.0,91.739,32.718,19.364,39.657,264.0,300.0,283.0,288.0,1,True,16.0,19.3,74.0,True,2.2,4.0
2025,Australian Grand Prix,LEC,Ferrari,16.0,4.0,INTERMEDIATE,16.0,91.832,32.449,19.424,39.959,261.0,298.0,281.0,288.0,1,True,16.0,19.3,74.0,True,2.2,5.0
2025,Australian Grand Prix,TSU,Racing Bulls,16.0,4.0,INTERMEDIATE,16.0,92.133,32.705,19.327,40.101,260.0,301.0,282.0,271.0,1,True,16.0,19.3,74.0,True,2.2,6.0
2025,Australian Grand Prix,ALB,Williams,16.0,4.0,INTERMEDIATE,14.0,92.464,32.739,19.55,40.175,267.0,300.0,285.0,267.0,1,True,16.0,19.3,74.0,True,2.2,7.0
2025,Australian Grand Prix,HAM,Ferrari,16.0,4.0,INTERMEDIATE,16.0,92.749,32.938,19.4,40.411,262.0,297.0,278.0,269.0,1,True,16.0,19.3,74.0,True,2.2,8.0
2025,Australian Grand Prix,GAS,Alpine,16.0,4.0,INTERMEDIATE,16.0,92.445,32.952,19.527,39.966,259.0,303.0,279.0,270.0,1,True,16.0,19.3,74.0,True,2.2,9.0
2025,Australian Grand Prix,ALO,Aston Martin,16.0,4.0,INTERMEDIATE,16.0,92.521,32.518,18.922,41.081,262.0,312.0,292.0,258.0,1,False,16.0,19.3,74.0,True,2.2,10.0
2025,Australian Grand Prix,STR,Aston Martin,16.0,4.0,INTERMEDIATE,12.0,92.554,33.147,19.518,39.889,263.0,302.0,282.0,275.0,1,False,16.0,19.3,74.0,True,2.2,11.0
2025,Australian Grand Prix,HUL,Kick Sauber,16.0,4.0,INTERMEDIATE,16.0,93.856,33.705,19.438,40.713,257.0,296.0,278.0,272.0,1,False,16.0,19.3,74.0,True,2.2,12.0
2025,Australian Grand Prix,ANT,Mercedes,16.0,4.0,INTERMEDIATE,16.0,97.326,37.533,19.464,40.329,258.0,303.0,282.0,294.0,1,False,16.0,19.3,74.0,True,2.2,13.0
2025,Australian Grand Prix,BOR,Kick Sauber,16.0,4.0,INTERMEDIATE,16.0,94.111,33.534,19.498,41.079,259.0,303.0,281.0,283.0,1,False,16.0,19.3,74.0,True,2.2,14.0
2025,Australian Grand Prix,OCO,Haas F1 Team,16.0,4.0,INTERMEDIATE,12.0,93.951,33.729,19.438,40.784,258.0,297.0,278.0,254.0,1,False,16.1,19.4,74.0,True,2.6,15.0
2025,Australian Grand Prix,LAW,Red Bull Racing,16.0,4.0,INTERMEDIATE,15.0,93.915,33.178,19.237,41.5,264.0,319.0,279.0,262.0,1,False,16.1,19.4,74.0,True,2.6,16.0
2025,Australian Grand Prix,BEA,Haas F1 Team,16.0,4.0,INTERMEDIATE,12.0,93.395,33.143,19.852,40.4,258.0,297.0,277.0,276.0,1,True,16.1,19.4,74.0,True,2.6,17.0
2025,Australian Grand Prix,NOR,McLaren,17.0,4.0,INTERMEDIATE,17.0,90.264,31.99,19.045,39.229,264.0,293.0,281.0,284.0,1,False,16.1,19.4,74.0,True,2.6,1.0
2025,Australian Grand Prix,PIA,McLaren,17.0,4.0,INTERMEDIATE,17.0,90.696,32.231,18.692,39.773,269.0,320.0,282.0,283.0,1,False,16.1,19.4,74.0,True,2.6,2.0
2025,Australian Grand Prix,VER,Red Bull Racing,17.0,4.0,INTERMEDIATE,17.0,93.392,32.432,19.003,41.957,267.0,303.0,278.0,285.0,1,False,16.1,19.4,74.0,True,2.6,3.0
2025,Australian Grand Prix,RUS,Mercedes,17.0,4.0,INTERMEDIATE,17.0,91.597,32.426,19.226,39.945,267.0,302.0,283.0,284.0,1,True,16.0,19.4,73.0,True,3.8,4.0
2025,Australian Grand Prix,LEC,Ferrari,17.0,4.0,INTERMEDIATE,17.0,92.502,32.353,19.305,40.844,264.0,299.0,281.0,286.0,1,False,16.0,19.4,73.0,True,3.8,5.0
2025,Australian Grand Prix,TSU,Racing Bulls,17.0,4.0,INTERMEDIATE,17.0,92.645,32.462,19.35,40.833,263.0,303.0,281.0,279.0,1,False,16.0,19.4,73.0,True,3.8,6.0
2025,Australian Grand Prix,ALB,Williams,17.0,4.0,INTERMEDIATE,15.0,93.088,32.561,19.584,40.943,265.0,300.0,285.0,259.0,1,False,16.0,19.4,73.0,True,3.8,7.0
2025,Australian Grand Prix,HAM,Ferrari,17.0,4.0,INTERMEDIATE,17.0,92.83,32.88,19.229,40.721,264.0,302.0,290.0,272.0,1,False,16.0,19.4,73.0,True,3.8,8.0
2025,Australian Grand Prix,GAS,Alpine,17.0,4.0,INTERMEDIATE,17.0,92.795,32.773,19.338,40.684,258.0,297.0,280.0,270.0,1,False,16.0,19.4,73.0,True,3.8,9.0
2025,Australian Grand Prix,ALO,Aston Martin,17.0,4.0,INTERMEDIATE,17.0,92.966,32.745,19.316,40.905,259.0,298.0,282.0,259.0,1,False,16.0,19.4,73.0,True,3.8,10.0
2025,Australian Grand Prix,STR,Aston Martin,17.0,4.0,INTERMEDIATE,13.0,93.388,33.382,19.49,40.516,262.0,302.0,280.0,275.0,1,False,16.0,19.4,73.0,True,3.8,11.0
2025,Australian Grand Prix,ANT,Mercedes,17.0,4.0,INTERMEDIATE,17.0,92.312,33.045,19.059,40.208,265.0,305.0,281.0,277.0,1,False,16.0,19.4,73.0,True,3.8,12.0
2025,Australian Grand Prix,HUL,Kick Sauber,17.0,4.0,INTERMEDIATE,17.0,94.817,33.248,19.522,42.047,261.0,299.0,289.0,277.0,1,False,16.0,19.4,73.0,True,3.8,13.0
2025,Australian Grand Prix,BOR,Kick Sauber,17.0,4.0,INTERMEDIATE,17.0,94.756,33.665,19.336,41.755,263.0,304.0,281.0,284.0,1,False,16.0,19.4,73.0,True,3.8,14.0
2025,Australian Grand Prix,OCO,Haas F1 Team,17.0,4.0,INTERMEDIATE,13.0,94.737,33.862,19.472,41.403,255.0,294.0,277.0,268.0,1,False,16.0,19.4,73.0,True,3.8,15.0
2025,Australian Grand Prix,LAW,Red Bull Racing,17.0,4.0,INTERMEDIATE,16.0,94.575,33.857,19.442,41.276,263.0,302.0,279.0,266.0,1,False,16.0,19.4,73.0,True,3.8,16.0
2025,Australian Grand Prix,BEA,Haas F1 Team,17.0,4.0,INTERMEDIATE,13.0,94.527,33.939,19.628,40.96,257.0,295.0,278.0,263.0,1,False,16.0,19.4,73.0,True,3.8,17.0
2025,Australian Grand Prix,NOR,McLaren,18.0,4.0,INTERMEDIATE,18.0,90.146,31.867,18.988,39.291,265.0,292.0,281.0,283.0,1,False,16.0,19.4,74.0,True,3.9,1.0
2025,Australian Grand Prix,PIA,McLaren,18.0,4.0,INTERMEDIATE,18.0,90.143,31.77,18.987,39.386,267.0,293.0,282.0,281.0,1,True,16.0,19.4,74.0,True,3.9,2.0
2025,Australian Grand Prix,VER,Red Bull Racing,18.0,4.0,INTERMEDIATE,18.0,92.169,32.55,18.956,40.663,266.0,301.0,280.0,271.0,1,False,16.0,19.4,74.0,True,3.9,3.0
2025,Australian Grand Prix,RUS,Mercedes,18.0,4.0,INTERMEDIATE,18.0,91.74,32.524,19.143,40.073,268.0,301.0,283.0,279.0,1,False,16.0,19.4,74.0,True,3.9,4.0
2025,Australian Grand Prix,LEC,Ferrari,18.0,4.0,INTERMEDIATE,18.0,92.614,32.366,19.295,40.953,261.0,297.0,280.0,282.0,1,False,16.0,19.4,74.0,True,3.9,5.0
2025,Australian Grand Prix,TSU,Racing Bulls,18.0,4.0,INTERMEDIATE,18.0,93.444,33.166,19.472,40.806,262.0,301.0,279.0,259.0,1,False,16.0,19.4,74.0,True,3.9,6.0
2025,Australian Grand Prix,ALB,Williams,18.0,4.0,INTERMEDIATE,16.0,92.981,32.835,19.417,40.729,267.0,303.0,283.0,252.0,1,False,16.0,19.4,74.0,True,3.9,7.0
2025,Australian Grand Prix,HAM,Ferrari,18.0,4.0,INTERMEDIATE,18.0,92.877,32.739,18.926,41.212,264.0,321.0,289.0,267.0,1,False,16.0,19.4,74.0,True,3.9,8.0
2025,Australian Grand Prix,GAS,Alpine,18.0,4.0,INTERMEDIATE,18.0,93.124,32.863,19.329,40.932,258.0,297.0,275.0,269.0,1,False,16.0,19.4,74.0,True,3.9,9.0
2025,Australian Grand Prix,ALO,Aston Martin,18.0,4.0,INTERMEDIATE,18.0,92.698,32.791,19.169,40.738,263.0,300.0,290.0,259.0,1,False,16.0,19.4,74.0,True,3.9,10.0
2025,Australian Grand Prix,STR,Aston Martin,18.0,4.0,INTERMEDIATE,14.0,93.631,33.579,19.552,40.5,263.0,299.0,279.0,260.0,1,False,16.0,19.4,74.0,True,3.9,11.0
2025,Australian Grand Prix,ANT,Mercedes,18.0,4.0,INTERMEDIATE,18.0,92.181,32.902,19.203,40.076,264.0,301.0,280.0,291.0,1,True,16.0,19.4,74.0,True,3.9,12.0
2025,Australian Grand Prix,HUL,Kick Sauber,18.0,4.0,INTERMEDIATE,18.0,93.796,33.341,19.377,41.078,259.0,298.0,279.0,272.0,1,False,16.1,19.4,75.0,True,1.9,13.0
2025,Australian Grand Prix,BOR,Kick Sauber,18.0,4.0,INTERMEDIATE,18.0,93.892,33.401,19.278,41.213,262.0,303.0,281.0,287.0,1,False,16.1,19.4,75.0,True,1.9,14.0
2025,Australian Grand Prix,OCO,Haas F1 Team,18.0,4.0,INTERMEDIATE,14.0,95.309,33.567,19.47,42.272,254.0,294.0,279.0,263.0,1,False,16.1,19.4,75.0,True,1.9,15.0
2025,Australian Grand Prix,LAW,Red Bull Racing,18.0,4.0,INTERMEDIATE,17.0,95.002,33.297,19.167,42.538,263.0,315.0,289.0,272.0,1,False,16.1,19.4,75.0,True,1.9,16.0
2025,Australian Grand Prix,BEA,Haas F1 Team,18.0,4.0,INTERMEDIATE,14.0,94.527,33.613,19.513,41.401,257.0,296.0,278.0,267.0,1,False,16.1,19.4,75.0,True,1.9,17.0
2025,Australian Grand Prix,NOR,McLaren,19.0,4.0,INTERMEDIATE,19.0,90.551,31.922,19.008,39.621,266.0,293.0,281.0,283.0,1,False,16.1,19.4,75.0,True,1.9,1.0
2025,Australian Grand Prix,PIA,McLaren,19.0,4.0,INTERMEDIATE,19.0,90.816,32.011,18.926,39.879,269.0,292.0,281.0,284.0,1,False,16.1,19.4,75.0,True,1.9,2.0
2025,Australian Grand Prix,VER,Red Bull Racing,19.0,4.0,INTERMEDIATE,19.0,91.939,32.547,19.002,40.39,266.0,300.0,280.0,273.0,1,False,16.1,19.4,75.0,True,1.9,3.0
2025,Australian Grand Prix,RUS,Mercedes,19.0,4.0,INTERMEDIATE,19.0,92.189,32.91,19.139,40.14,266.0,302.0,282.0,277.0,1,False,16.0,19.4,74.0,True,3.0,4.0
2025,Australian Grand Prix,LEC,Ferrari,19.0,4.0,INTERMEDIATE,19.0,91.861,32.446,19.13,40.285,265.0,299.0,282.0,285.0,1,False,16.0,19.4,74.0,True,3.0,5.0
2025,Australian Grand Prix,TSU,Racing Bulls,19.0,4.0,INTERMEDIATE,19.0,93.496,33.282,19.371,40.843,264.0,302.0,280.0,243.0,1,False,16.0,19.4,74.0,True,3.0,6.0
2025,Australian Grand Prix,ALB,Williams,19.0,4.0,INTERMEDIATE,17.0,93.051,33.147,19.406,40.498,267.0,304.0,284.0,255.0,1,False,16.0,19.4,74.0,True,3.0,7.0
2025,Australian Grand Prix,HAM,Ferrari,19.0,4.0,INTERMEDIATE,19.0,92.914,33.121,18.861,40.932,261.0,317.0,282.0,273.0,1,False,16.0,19.4,74.0,True,3.0,8.0
2025,Australian Grand Prix,GAS,Alpine,19.0,4.0,INTERMEDIATE,19.0,92.462,32.918,19.141,40.403,258.0,304.0,280.0,268.0,1,False,16.0,19.4,74.0,True,3.0,9.0
2025,Australian Grand Prix,ALO,Aston Martin,19.0,4.0,INTERMEDIATE,19.0,92.28,32.507,18.762,41.011,263.0,321.0,293.0,254.0,1,True,16.0,19.4,74.0,True,3.0,10.0
2025,Australian Grand Prix,STR,Aston Martin,19.0,4.0,INTERMEDIATE,15.0,92.684,33.07,19.43,40.184,262.0,299.0,280.0,275.0,1,False,16.0,19.4,74.0,True,3.0,11.0
2025,Australian Grand Prix,ANT,Mercedes,19.0,4.0,INTERMEDIATE,19.0,91.942,32.822,19.108,40.012,257.0,293.0,281.0,283.0,1,True,16.0,19.4,74.0,True,3.0,12.0
2025,Australian Grand Prix,HUL,Kick Sauber,19.0,4.0,INTERMEDIATE,19.0,93.52,33.281,19.41,40.829,262.0,301.0,280.0,284.0,1,True,16.0,19.4,74.0,True,3.0,13.0
2025,Australian Grand Prix,BOR,Kick Sauber,19.0,4.0,INTERMEDIATE,19.0,93.906,33.356,19.242,41.308,264.0,302.0,281.0,281.0,1,False,16.0,19.4,74.0,True,3.0,14.0
2025,Australian Grand Prix,LAW,Red Bull Racing,19.0,4.0,INTERMEDIATE,18.0,94.695,33.159,19.007,42.529,265.0,322.0,279.0,260.0,1,False,16.0,19.4,74.0,True,3.0,15.0
2025,Australian Grand Prix,OCO,Haas F1 Team,19.0,4.0,INTERMEDIATE,15.0,96.266,33.414,19.397,43.455,255.0,291.0,289.0,273.0,1,False,16.0,19.4,74.0,True,3.0,16.0
2025,Australian Grand Prix,BEA,Haas F1 Team,19.0,4.0,INTERMEDIATE,15.0,94.065,33.454,19.435,41.176,259.0,295.0,281.0,259.0,1,False,16.0,19.4,74.0,True,3.0,17.0
2025,Australian Grand Prix,NOR,McLaren,20.0,4.0,INTERMEDIATE,20.0,90.71,32.482,19.053,39.175,263.0,292.0,281.0,289.0,1,False,16.0,19.4,74.0,True,3.7,1.0
2025,Australian Grand Prix,PIA,McLaren,20.0,4.0,INTERMEDIATE,20.0,90.159,31.769,18.968,39.422,270.0,293.0,283.0,286.0,1,False,16.0,19.4,74.0,True,3.7,2.0
2025,Australian Grand Prix,VER,Red Bull Racing,20.0,4.0,INTERMEDIATE,20.0,91.598,32.354,19.009,40.235,269.0,300.0,279.0,275.0,1,False,16.0,19.4,74.0,True,3.7,3.0
2025,Australian Grand Prix,RUS,Mercedes,20.0,4.0,INTERMEDIATE,20.0,91.315,32.42,19.147,39.748,266.0,302.0,284.0,281.0,1,True,16.0,19.4,74.0,True,3.7,4.0
2025,Australian Grand Prix,LEC,Ferrari,20.0,4.0,INTERMEDIATE,20.0,91.756,32.64,19.249,39.867,263.0,297.0,281.0,284.0,1,True,16.0,19.4,74.0,True,3.7,5.0
2025,Australian Grand Prix,TSU,Racing Bulls,20.0,4.0,INTERMEDIATE,20.0,92.549,33.081,19.254,40.214,266.0,302.0,280.0,256.0,1,False,16.0,19.4,74.0,True,3.7,6.0
2025,Australian Grand Prix,ALB,Williams,20.0,4.0,INTERMEDIATE,18.0,92.356,32.781,19.214,40.361,268.0,304.0,284.0,259.0,1,True,16.0,19.4,74.0,True,3.7,7.0
2025,Australian Grand Prix,HAM,Ferrari,20.0,4.0,INTERMEDIATE,20.0,92.341,33.025,18.909,40.407,262.0,311.0,291.0,272.0,1,True,16.0,19.4,74.0,True,3.7,8.0
2025,Australian Grand Prix,GAS,Alpine,20.0,4.0,INTERMEDIATE,20.0,92.327,32.703,19.09,40.534,258.0,297.0,276.0,275.0,1,True,16.0,19.4,74.0,True,3.7,9.0
2025,Australian Grand Prix,ALO,Aston Martin,20.0,4.0,INTERMEDIATE,20.0,92.61,32.675,18.901,41.034,259.0,312.0,292.0,269.0,1,False,16.0,19.4,74.0,True,3.7,10.0
2025,Australian Grand Prix,STR,Aston Martin,20.0,4.0,INTERMEDIATE,16.0,92.58,33.039,19.371,40.17,265.0,301.0,281.0,282.0,1,False,16.0,19.4,74.0,True,3.7,11.0
2025,Australian Grand Prix,ANT,Mercedes,20.0,4.0,INTERMEDIATE,20.0,91.319,32.598,19.093,39.628,261.0,298.0,280.0,289.0,1,True,16.0,19.4,75.0,True,2.5,12.0
2025,Australian Grand Prix,HUL,Kick Sauber,20.0,4.0,INTERMEDIATE,20.0,93.867,32.992,19.306,41.569,262.0,298.0,278.0,278.0,1,False,16.0,19.4,75.0,True,2.5,13.0
2025,Australian Grand Prix,BOR,Kick Sauber,20.0,4.0,INTERMEDIATE,20.0,93.328,33.261,19.15,40.917,262.0,300.0,281.0,288.0,1,True,16.0,19.4,75.0,True,2.5,14.0
2025,Australian Grand Prix,LAW,Red Bull Racing,20.0,4.0,INTERMEDIATE,19.0,93.497,33.285,19.399,40.813,265.0,297.0,277.0,283.0,1,True,16.0,19.4,75.0,True,2.5,15.0
2025,Australian Grand Prix,OCO,Haas F1 Team,20.0,4.0,INTERMEDIATE,16.0,94.392,33.915,19.385,41.092,253.0,291.0,279.0,256.0,1,False,16.0,19.4,75.0,True,2.5,16.0
2025,Australian Grand Prix,BEA,Haas F1 Team,20.0,4.0,INTERMEDIATE,16.0,94.094,33.365,19.419,41.31,259.0,297.0,278.0,265.0,1,False,16.0,19.4,75.0,True,2.5,17.0
2025,Australian Grand Prix,NOR,McLaren,21.0,4.0,INTERMEDIATE,21.0,90.234,31.839,18.967,39.428,265.0,292.0,281.0,287.0,1,False,16.0,19.4,75.0,True,2.5,1.0
2025,Australian Grand Prix,PIA,McLaren,21.0,4.0,INTERMEDIATE,21.0,89.727,31.622,18.849,39.256,271.0,294.0,282.0,286.0,1,True,16.0,19.4,75.0,True,2.5,2.0
2025,Australian Grand Prix,VER,Red Bull Racing,21.0,4.0,INTERMEDIATE,21.0,91.177,32.272,18.898,40.007,269.0,298.0,279.0,272.0,1,False,16.0,19.4,75.0,True,2.5,3.0
2025,Australian Grand Prix,RUS,Mercedes,21.0,4.0,INTERMEDIATE,21.0,91.127,32.447,19.026,39.654,269.0,301.0,283.0,276.0,1,True,16.0,19.2,76.0,True,3.8,4.0
2025,Australian Grand Prix,LEC,Ferrari,21.0,4.0,INTERMEDIATE,21.0,91.159,32.503,19.048,39.608,265.0,297.0,281.0,284.0,1,True,16.0,19.2,76.0,True,3.8,5.0
2025,Australian Grand Prix,TSU,Racing Bulls,21.0,4.0,INTERMEDIATE,21.0,92.012,32.671,19.306,40.035,265.0,301.0,280.0,266.0,1,True,16.0,19.2,76.0,True,3.8,6.0
2025,Australian Grand Prix,ALB,Williams,21.0,4.0,INTERMEDIATE,19.0,92.036,32.606,19.344,40.086,266.0,302.0,285.0,272.0,1,True,16.0,19.2,76.0,True,3.8,7.0
2025,Australian Grand Prix,HAM,Ferrari,21.0,4.0,INTERMEDIATE,21.0,92.079,32.861,18.776,40.442,269.0,322.0,289.0,281.0,1,True,16.0,19.2,76.0,True,3.8,8.0
2025,Australian Grand Prix,GAS,Alpine,21.0,4.0,INTERMEDIATE,21.0,92.323,32.86,19.181,40.282,258.0,304.0,280.0,269.0,1,True,16.0,19.2,76.0,True,3.8,9.0
2025,Australian Grand Prix,ALO,Aston Martin,21.0,4.0,INTERMEDIATE,21.0,92.545,32.459,18.616,41.47,265.0,323.0,281.0,263.0,1,False,16.0,19.2,76.0,True,3.8,10.0
2025,Australian Grand Prix,STR,Aston Martin,21.0,4.0,INTERMEDIATE,17.0,92.429,33.022,19.304,40.103,264.0,300.0,280.0,282.0,1,False,16.0,19.2,76.0,True,3.8,11.0
2025,Australian Grand Prix,ANT,Mercedes,21.0,4.0,INTERMEDIATE,21.0,91.042,32.385,18.992,39.665,262.0,297.0,283.0,284.0,1,True,16.0,19.2,76.0,True,3.8,12.0
2025,Australian Grand Prix,HUL,Kick Sauber,21.0,4.0,INTERMEDIATE,21.0,93.22,33.16,19.336,40.724,261.0,298.0,280.0,285.0,1,True,16.0,19.2,76.0,True,3.8,13.0
2025,Australian Grand Prix,BOR,Kick Sauber,21.0,4.0,INTERMEDIATE,21.0,93.35,33.17,19.132,41.048,260.0,297.0,282.0,288.0,1,False,16.0,19.2,76.0,True,3.8,14.0
2025,Australian Grand Prix,LAW,Red Bull Racing,21.0,4.0,INTERMEDIATE,20.0,92.883,32.994,19.257,40.632,265.0,298.0,279.0,267.0,1,True,16.0,19.2,76.0,True,3.8,15.0
2025,Australian Grand Prix,OCO,Haas F1 Team,21.0,4.0,INTERMEDIATE,17.0,93.391,33.421,19.169,40.801,259.0,295.0,279.0,267.0,1,True,16.0,19.2,76.0,True,3.8,16.0
2025,Australian Grand Prix,BEA,Haas F1 Team,21.0,4.0,INTERMEDIATE,17.0,93.818,33.39,19.467,40.961,261.0,298.0,279.0,263.0,1,False,16.0,19.2,76.0,True,3.8,17.0
2025,Australian Grand Prix,NOR,McLaren,22.0,4.0,INTERMEDIATE,22.0,90.3,31.922,18.944,39.434,264.0,292.0,283.0,283.0,1,False,15.9,19.2,75.0,True,3.4,1.0
2025,Australian Grand Prix,PIA,McLaren,22.0,4.0,INTERMEDIATE,22.0,90.214,32.012,18.884,39.318,268.0,293.0,284.0,280.0,1,False,15.9,19.2,75.0,True,3.4,2.0
2025,Australian Grand Prix,VER,Red Bull Racing,22.0,4.0,INTERMEDIATE,22.0,91.04,32.48,18.943,39.617,263.0,301.0,281.0,279.0,1,False,15.9,19.2,75.0,True,3.4,3.0
2025,Australian Grand Prix,RUS,Mercedes,22.0,4.0,INTERMEDIATE,22.0,91.029,32.528,19.123,39.378,267.0,302.0,285.0,277.0,1,True,15.9,19.2,75.0,True,3.4,4.0
2025,Australian Grand Prix,LEC,Ferrari,22.0,4.0,INTERMEDIATE,22.0,90.695,32.11,19.024,39.561,266.0,298.0,283.0,285.0,1,True,15.9,19.2,75.0,True,3.4,5.0
2025,Australian Grand Prix,TSU,Racing Bulls,22.0,4.0,INTERMEDIATE,22.0,91.567,32.422,19.246,39.899,267.0,301.0,281.0,267.0,1,True,15.9,19.2,75.0,True,3.4,6.0
2025,Australian Grand Prix,ALB,Williams,22.0,4.0,INTERMEDIATE,20.0,92.053,32.52,19.255,40.278,268.0,301.0,285.0,278.0,1,False,15.9,19.2,75.0,True,3.4,7.0
2025,Australian Grand Prix,HAM,Ferrari,22.0,4.0,INTERMEDIATE,22.0,92.041,32.551,18.8,40.69,262.0,322.0,292.0,281.0,1,True,15.9,19.2,75.0,True,3.4,8.0
2025,Australian Grand Prix,GAS,Alpine,22.0,4.0,INTERMEDIATE,22.0,92.355,32.63,19.183,40.542,259.0,293.0,281.0,280.0,1,False,15.9,19.2,75.0,True,3.4,9.0
2025,Australian Grand Prix,ALO,Aston Martin,22.0,4.0,INTERMEDIATE,22.0,93.282,32.923,19.602,40.757,260.0,300.0,283.0,280.0,1,False,15.9,19.2,76.0,True,2.4,10.0
2025,Australian Grand Prix,ANT,Mercedes,22.0,4.0,INTERMEDIATE,22.0,91.887,32.452,18.953,40.482,265.0,312.0,281.0,290.0,1,False,15.9,19.2,76.0,True,2.4,11.0
2025,Australian Grand Prix,STR,Aston Martin,22.0,4.0,INTERMEDIATE,18.0,94.269,32.986,19.452,41.831,265.0,300.0,291.0,284.0,1,False,15.9,19.2,76.0,True,2.4,12.0
2025,Australian Grand Prix,HUL,Kick Sauber,22.0,4.0,INTERMEDIATE,22.0,93.185,33.304,19.367,40.514,257.0,299.0,281.0,282.0,1,True,15.9,19.2,76.0,True,2.4,13.0
2025,Australian Grand Prix,BOR,Kick Sauber,22.0,4.0,INTERMEDIATE,22.0,92.734,32.833,19.204,40.697,258.0,297.0,282.0,289.0,1,True,15.9,19.2,76.0,True,2.4,14.0
2025,Australian Grand Prix,LAW,Red Bull Racing,22.0,4.0,INTERMEDIATE,21.0,92.08,32.584,19.345,40.151,265.0,298.0,277.0,274.0,1,True,15.9,19.2,76.0,True,2.4,15.0
2025,Australian Grand Prix,OCO,Haas F1 Team,22.0,4.0,INTERMEDIATE,18.0,93.533,33.389,19.224,40.92,259.0,297.0,279.0,270.0,1,False,15.9,19.2,76.0,True,2.4,16.0
2025,Australian Grand Prix,BEA,Haas F1 Team,22.0,4.0,INTERMEDIATE,18.0,93.59,33.526,19.348,40.716,260.0,297.0,280.0,271.0,1,False,15.9,19.2,76.0,True,2.4,17.0
2025,Australian Grand Prix,NOR,McLaren,23.0,4.0,INTERMEDIATE,23.0,89.922,31.865,18.917,39.14,266.0,294.0,283.0,288.0,1,True,15.9,19.2,76.0,True,2.4,1.0
2025,Australian Grand Prix,PIA,McLaren,23.0,4.0,INTERMEDIATE,23.0,89.739,31.686,18.88,39.173,269.0,295.0,284.0,282.0,1,False,15.9,19.2,76.0,True,2.4,2.0
2025,Australian Grand Prix,VER,Red Bull Racing,23.0,4.0,INTERMEDIATE,23.0,90.686,32.099,18.912,39.675,265.0,302.0,280.0,276.0,1,False,15.9,19.2,76.0,True,2.0,3.0
2025,Australian Grand Prix,RUS,Mercedes,23.0,4.0,INTERMEDIATE,23.0,90.975,32.37,19.106,39.499,268.0,303.0,284.0,288.0,1,True,15.9,19.2,76.0,True,2.0,4.0
2025,Australian Grand Prix,LEC,Ferrari,23.0,4.0,INTERMEDIATE,23.0,91.551,32.45,19.025,40.076,267.0,298.0,281.0,290.0,1,False,15.9,19.2,76.0,True,2.0,5.0
2025,Australian Grand Prix,TSU,Racing Bulls,23.0,4.0,INTERMEDIATE,23.0,91.793,32.506,19.206,40.081,267.0,302.0,280.0,273.0,1,False,15.9,19.2,76.0,True,2.0,6.0
2025,Australian Grand Prix,ALB,Williams,23.0,4.0,INTERMEDIATE,21.0,91.75,32.667,19.169,39.914,271.0,304.0,285.0,279.0,1,True,15.9,19.2,76.0,True,2.0,7.0
2025,Australian Grand Prix,HAM,Ferrari,23.0,4.0,INTERMEDIATE,23.0,91.771,32.677,18.806,40.288,266.0,320.0,292.0,289.0,1,True,15.9,19.2,76.0,True,2.0,8.0
2025,Australian Grand Prix,GAS,Alpine,23.0,4.0,INTERMEDIATE,23.0,92.438,32.769,19.18,40.489,257.0,294.0,280.0,272.0,1,False,15.9,19.2,76.0,True,2.0,9.0
2025,Australian Grand Prix,ALO,Aston Martin,23.0,4.0,INTERMEDIATE,23.0,92.51,32.738,19.251,40.521,264.0,297.0,282.0,280.0,1,False,15.9,19.2,76.0,True,2.0,10.0
2025,Australian Grand Prix,ANT,Mercedes,23.0,4.0,INTERMEDIATE,23.0,91.324,32.454,19.041,39.829,267.0,301.0,283.0,287.0,1,False,15.9,19.2,76.0,True,2.0,11.0
2025,Australian Grand Prix,STR,Aston Martin,23.0,4.0,INTERMEDIATE,19.0,92.643,33.11,19.277,40.256,265.0,302.0,281.0,275.0,1,False,15.9,19.2,76.0,True,2.0,12.0
2025,Australian Grand Prix,HUL,Kick Sauber,23.0,4.0,INTERMEDIATE,23.0,92.765,32.799,19.247,40.719,260.0,297.0,279.0,289.0,1,True,15.9,19.2,76.0,True,2.0,13.0
2025,Australian Grand Prix,BOR,Kick Sauber,23.0,4.0,INTERMEDIATE,23.0,92.966,32.882,19.178,40.906,260.0,296.0,281.0,291.0,1,False,15.9,19.2,76.0,True,2.0,14.0
2025,Australian Grand Prix,LAW,Red Bull Racing,23.0,4.0,INTERMEDIATE,22.0,92.622,32.984,19.307,40.331,264.0,298.0,279.0,267.0,1,False,15.9,19.2,76.0,True,2.0,15.0
2025,Australian Grand Prix,OCO,Haas F1 Team,23.0,4.0,INTERMEDIATE,19.0,93.338,33.216,19.337,40.785,260.0,296.0,278.0,276.0,1,True,15.8,19.2,77.0,False,2.6,16.0
2025,Australian Grand Prix,BEA,Haas F1 Team,23.0,4.0,INTERMEDIATE,19.0,93.342,33.184,19.371,40.787,259.0,295.0,279.0,273.0,1,True,15.8,19.2,77.0,False,2.6,17.0
2025,Australian Grand Prix,NOR,McLaren,24.0,4.0,INTERMEDIATE,24.0,89.687,31.717,18.812,39.158,267.0,295.0,284.0,287.0,1,True,15.8,19.2,77.0,False,2.6,1.0
2025,Australian Grand Prix,PIA,McLaren,24.0,4.0,INTERMEDIATE,24.0,89.626,31.595,18.958,39.073,270.0,297.0,285.0,286.0,1,True,15.8,19.2,77.0,False,2.6,2.0
2025,Australian Grand Prix,VER,Red Bull Racing,24.0,4.0,INTERMEDIATE,24.0,90.978,32.243,18.994,39.741,267.0,301.0,281.0,275.0,1,False,15.8,19.2,77.0,False,2.6,3.0
2025,Australian Grand Prix,RUS,Mercedes,24.0,4.0,INTERMEDIATE,24.0,90.673,32.023,19.104,39.546,270.0,302.0,285.0,279.0,1,True,15.8,19.2,77.0,False,2.6,4.0
2025,Australian Grand Prix,LEC,Ferrari,24.0,4.0,INTERMEDIATE,24.0,90.732,32.099,19.026,39.607,268.0,301.0,283.0,287.0,1,False,15.8,19.2,77.0,False,2.6,5.0
2025,Australian Grand Prix,TSU,Racing Bulls,24.0,4.0,INTERMEDIATE,24.0,91.38,32.366,19.163,39.851,268.0,302.0,282.0,272.0,1,True,15.8,19.2,77.0,False,2.6,6.0
2025,Australian Grand Prix,ALB,Williams,24.0,4.0,INTERMEDIATE,22.0,91.868,32.559,19.139,40.17,267.0,302.0,286.0,281.0,1,False,15.8,19.2,77.0,False,2.6,7.0
2025,Australian Grand Prix,HAM,Ferrari,24.0,4.0,INTERMEDIATE,24.0,91.852,32.592,18.648,40.612,267.0,321.0,293.0,283.0,1,False,15.8,19.2,77.0,False,2.6,8.0
2025,Australian Grand Prix,GAS,Alpine,24.0,4.0,INTERMEDIATE,24.0,92.035,32.624,19.219,40.192,259.0,294.0,281.0,272.0,1,True,15.7,19.2,75.0,False,3.6,9.0
2025,Australian Grand Prix,ALO,Aston Martin,24.0,4.0,INTERMEDIATE,24.0,91.665,32.237,19.253,40.175,265.0,300.0,283.0,278.0,1,True,15.7,19.2,75.0,False,3.6,10.0
2025,Australian Grand Prix,ANT,Mercedes,24.0,4.0,INTERMEDIATE,24.0,90.822,32.33,18.978,39.514,268.0,302.0,284.0,293.0,1,True,15.7,19.2,75.0,False,3.6,11.0
2025,Australian Grand Prix,STR,Aston Martin,24.0,4.0,INTERMEDIATE,20.0,92.102,32.976,19.283,39.843,265.0,302.0,282.0,281.0,1,True,15.7,19.2,75.0,False,3.6,12.0
2025,Australian Grand Prix,HUL,Kick Sauber,24.0,4.0,INTERMEDIATE,24.0,92.469,32.825,19.345,40.299,261.0,297.0,281.0,288.0,1,True,15.7,19.2,75.0,False,3.6,13.0
2025,Australian Grand Prix,BOR,Kick Sauber,24.0,4.0,INTERMEDIATE,24.0,92.369,32.738,19.157,40.474,257.0,297.0,282.0,290.0,1,True,15.7,19.2,75.0,False,3.6,14.0
2025,Australian Grand Prix,LAW,Red Bull Racing,24.0,4.0,INTERMEDIATE,23.0,92.155,32.524,19.394,40.237,266.0,299.0,279.0,279.0,1,False,15.7,19.2,75.0,False,3.6,15.0
2025,Australian Grand Prix,OCO,Haas F1 Team,24.0,4.0,INTERMEDIATE,20.0,93.048,33.089,19.269,40.69,259.0,296.0,279.0,272.0,1,True,15.7,19.2,75.0,False,3.6,16.0
2025,Australian Grand Prix,BEA,Haas F1 Team,24.0,4.0,INTERMEDIATE,20.0,93.042,33.076,19.422,40.544,261.0,296.0,280.0,272.0,1,True,15.7,19.2,75.0,False,3.6,17.0
2025,Australian Grand Prix,NOR,McLaren,25.0,4.0,INTERMEDIATE,25.0,89.601,31.927,18.809,38.865,268.0,295.0,285.0,283.0,1,True,15.7,19.2,75.0,False,3.6,1.0
2025,Australian Grand Prix,PIA,McLaren,25.0,4.0,INTERMEDIATE,25.0,89.295,31.593,18.778,38.924,271.0,296.0,286.0,290.0,1,True,15.7,19.2,75.0,False,3.6,2.0
2025,Australian Grand Prix,VER,Red Bull Racing,25.0,4.0,INTERMEDIATE,25.0,90.845,32.279,18.911,39.655,267.0,301.0,281.0,278.0,1,False,15.7,19.2,76.0,False,3.7,3.0
2025,Australian Grand Prix,RUS,Mercedes,25.0,4.0,INTERMEDIATE,25.0,90.488,32.021,19.014,39.453,269.0,303.0,285.0,291.0,1,True,15.7,19.2,76.0,False,3.7,4.0
2025,Australian Grand Prix,LEC,Ferrari,25.0,4.0,INTERMEDIATE,25.0,90.251,31.754,18.94,39.557,267.0,298.0,284.0,287.0,1,True,15.7,19.2,76.0,False,3.7,5.0
2025,Australian Grand Prix,TSU,Racing Bulls,25.0,4.0,INTERMEDIATE,25.0,91.38,32.277,19.314,39.789,268.0,302.0,282.0,278.0,1,False,15.7,19.2,76.0,False,3.7,6.0
2025,Australian Grand Prix,ALB,Williams,25.0,4.0,INTERMEDIATE,23.0,91.014,32.264,19.137,39.613,270.0,304.0,286.0,272.0,1,True,15.7,19.2,76.0,False,3.7,7.0
2025,Australian Grand Prix,HAM,Ferrari,25.0,4.0,INTERMEDIATE,25.0,90.86,32.254,18.764,39.842,265.0,320.0,293.0,284.0,1,True,15.7,19.2,76.0,False,3.7,8.0
2025,Australian Grand Prix,GAS,Alpine,25.0,4.0,INTERMEDIATE,25.0,91.622,32.743,19.12,39.759,260.0,295.0,281.0,275.0,1,True,15.7,19.2,76.0,False,3.7,9.0
2025,Australian Grand Prix,ALO,Aston Martin,25.0,4.0,INTERMEDIATE,25.0,91.761,32.2,19.134,40.427,264.0,300.0,282.0,282.0,1,False,15.7,19.2,76.0,False,3.7,10.0
2025,Australian Grand Prix,ANT,Mercedes,25.0,4.0,INTERMEDIATE,25.0,90.706,32.088,19.045,39.573,268.0,302.0,284.0,299.0,1,True,15.7,19.2,76.0,False,3.7,11.0
2025,Australian Grand Prix,STR,Aston Martin,25.0,4.0,INTERMEDIATE,21.0,92.092,32.667,19.19,40.235,266.0,301.0,281.0,285.0,1,True,15.7,19.2,76.0,False,3.7,12.0
2025,Australian Grand Prix,HUL,Kick Sauber,25.0,4.0,INTERMEDIATE,25.0,91.975,32.628,19.271,40.076,261.0,294.0,280.0,289.0,1,True,15.7,19.2,76.0,False,3.7,13.0
2025,Australian Grand Prix,BOR,Kick Sauber,25.0,4.0,INTERMEDIATE,25.0,92.235,32.743,19.145,40.347,260.0,294.0,282.0,289.0,1,True,15.7,19.2,76.0,False,3.7,14.0
2025,Australian Grand Prix,LAW,Red Bull Racing,25.0,4.0,INTERMEDIATE,24.0,91.959,32.698,19.163,40.098,267.0,298.0,280.0,285.0,1,True,15.7,19.2,78.0,True,2.4,15.0
2025,Australian Grand Prix,OCO,Haas F1 Team,25.0,4.0,INTERMEDIATE,21.0,92.538,32.968,19.225,40.345,259.0,294.0,279.0,279.0,1,True,15.7,19.2,78.0,True,2.4,16.0
2025,Australian Grand Prix,BEA,Haas F1 Team,25.0,4.0,INTERMEDIATE,21.0,92.613,32.813,19.274,40.526,262.0,296.0,276.0,272.0,1,True,15.7,19.2,78.0,True,2.4,17.0
2025,Australian Grand Prix,NOR,McLaren,26.0,4.0,INTERMEDIATE,26.0,89.16,31.638,18.793,38.729,267.0,294.0,285.0,289.0,1,True,15.7,19.2,78.0,True,2.4,1.0
2025,Australian Grand Prix,PIA,McLaren,26.0,4.0,INTERMEDIATE,26.0,89.133,31.668,18.835,38.63,271.0,294.0,286.0,293.0,1,True,15.7,19.2,78.0,True,2.4,2.0
2025,Australian Grand Prix,VER,Red Bull Racing,26.0,4.0,INTERMEDIATE,26.0,90.293,32.159,18.938,39.196,266.0,301.0,281.0,286.0,1,True,15.7,19.2,78.0,True,2.4,3.0
2025,Australian Grand Prix,RUS,Mercedes,26.0,4.0,INTERMEDIATE,26.0,90.111,31.996,18.996,39.119,270.0,303.0,286.0,286.0,1,True,15.7,19.2,78.0,True,2.4,4.0
2025,Australian Grand Prix,LEC,Ferrari,26.0,4.0,INTERMEDIATE,26.0,90.34,31.933,19.002,39.405,268.0,300.0,284.0,288.0,1,False,15.7,19.2,78.0,True,2.4,5.0
2025,Australian Grand Prix,TSU,Racing Bulls,26.0,4.0,INTERMEDIATE,26.0,91.205,32.232,19.055,39.918,266.0,303.0,281.0,274.0,1,True,15.7,19.2,78.0,True,2.4,6.0
2025,Australian Grand Prix,ALB,Williams,26.0,4.0,INTERMEDIATE,24.0,91.309,32.562,19.127,39.62,270.0,304.0,286.0,272.0,1,False,15.8,19.2,77.0,False,3.1,7.0
2025,Australian Grand Prix,HAM,Ferrari,26.0,4.0,INTERMEDIATE,26.0,91.302,32.531,18.781,39.99,266.0,324.0,293.0,286.0,1,False,15.8,19.2,77.0,False,3.1,8.0
2025,Australian Grand Prix,GAS,Alpine,26.0,4.0,INTERMEDIATE,26.0,90.928,32.305,19.052,39.571,263.0,297.0,281.0,282.0,1,True,15.8,19.2,77.0,False,3.1,9.0
2025,Australian Grand Prix,ALO,Aston Martin,26.0,4.0,INTERMEDIATE,26.0,91.343,32.324,19.17,39.849,264.0,298.0,282.0,288.0,1,True,15.8,19.2,77.0,False,3.1,10.0
2025,Australian Grand Prix,ANT,Mercedes,26.0,4.0,INTERMEDIATE,26.0,91.299,32.94,18.942,39.417,267.0,304.0,285.0,292.0,1,False,15.8,19.2,77.0,False,3.1,11.0
2025,Australian Grand Prix,STR,Aston Martin,26.0,4.0,INTERMEDIATE,22.0,91.547,32.676,19.358,39.513,265.0,303.0,281.0,284.0,1,True,15.8,19.2,77.0,False,3.1,12.0
2025,Australian Grand Prix,HUL,Kick Sauber,26.0,4.0,INTERMEDIATE,26.0,91.81,32.653,19.338,39.819,262.0,301.0,280.0,291.0,1,True,15.8,19.2,77.0,False,3.1,13.0
2025,Australian Grand Prix,BOR,Kick Sauber,26.0,4.0,INTERMEDIATE,26.0,91.425,32.394,19.048,39.983,261.0,299.0,283.0,291.0,1,True,15.8,19.2,77.0,False,3.1,14.0
2025,Australian Grand Prix,LAW,Red Bull Racing,26.0,4.0,INTERMEDIATE,25.0,91.129,32.146,19.066,39.917,269.0,301.0,280.0,279.0,1,True,15.8,19.2,77.0,False,3.1,15.0
2025,Australian Grand Prix,OCO,Haas F1 Team,26.0,4.0,INTERMEDIATE,22.0,92.54,32.87,19.322,40.348,258.0,290.0,279.0,278.0,1,False,15.8,19.2,77.0,False,3.1,16.0
2025,Australian Grand Prix,BEA,Haas F1 Team,26.0,4.0,INTERMEDIATE,22.0,92.577,32.854,19.376,40.347,260.0,295.0,279.0,283.0,1,True,15.8,19.2,77.0,False,3.1,17.0
2025,Australian Grand Prix,NOR,McLaren,27.0,4.0,INTERMEDIATE,27.0,89.25,31.708,18.743,38.799,269.0,297.0,285.0,291.0,1,False,15.8,19.2,77.0,False,3.1,1.0
2025,Australian Grand Prix,PIA,McLaren,27.0,4.0,INTERMEDIATE,27.0,89.037,31.514,18.857,38.666,272.0,299.0,287.0,287.0,1,True,15.8,19.2,77.0,False,3.1,2.0
2025,Australian Grand Prix,VER,Red Bull Racing,27.0,4.0,INTERMEDIATE,27.0,89.731,31.904,18.868,38.959,270.0,303.0,282.0,283.0,1,True,15.7,19.1,77.0,False,3.2,3.0
2025,Australian Grand Prix,RUS,Mercedes,27.0,4.0,INTERMEDIATE,27.0,89.863,31.797,18.898,39.168,265.0,299.0,285.0,283.0,1,True,15.7,19.1,77.0,False,3.2,4.0
2025,Australian Grand Prix,LEC,Ferrari,27.0,4.0,INTERMEDIATE,27.0,90.563,32.068,19.011,39.484,268.0,300.0,284.0,291.0,1,False,15.7,19.1,77.0,False,3.2,5.0
2025,Australian Grand Prix,TSU,Racing Bulls,27.0,4.0,INTERMEDIATE,27.0,91.066,32.239,19.137,39.69,268.0,302.0,282.0,280.0,1,True,15.7,19.1,77.0,False,3.2,6.0
2025,Australian Grand Prix,ALB,Williams,27.0,4.0,INTERMEDIATE,25.0,90.452,32.063,19.107,39.282,272.0,306.0,287.0,275.0,1,True,15.7,19.1,77.0,False,3.2,7.0
2025,Australian Grand Prix,HAM,Ferrari,27.0,4.0,INTERMEDIATE,27.0,90.755,32.184,18.685,39.886,265.0,324.0,293.0,296.0,1,True,15.7,19.1,77.0,False,3.2,8.0
2025,Australian Grand Prix,GAS,Alpine,27.0,4.0,INTERMEDIATE,27.0,90.635,32.169,19.002,39.464,264.0,299.0,281.0,279.0,1,True,15.7,19.1,77.0,False,3.2,9.0
2025,Australian Grand Prix,ALO,Aston Martin,27.0,4.0,INTERMEDIATE,27.0,90.895,32.032,19.001,39.862,265.0,300.0,282.0,277.0,1,True,15.7,19.1,77.0,False,3.2,10.0
2025,Australian Grand Prix,ANT,Mercedes,27.0,4.0,INTERMEDIATE,27.0,90.463,32.082,18.871,39.51,267.0,305.0,296.0,293.0,1,True,15.7,19.1,77.0,False,3.2,11.0
2025,Australian Grand Prix,STR,Aston Martin,27.0,4.0,INTERMEDIATE,23.0,91.408,32.397,19.166,39.845,265.0,302.0,283.0,289.0,1,True,15.7,19.1,77.0,False,3.2,12.0
2025,Australian Grand Prix,HUL,Kick Sauber,27.0,4.0,INTERMEDIATE,27.0,91.118,32.379,19.173,39.566,263.0,301.0,281.0,291.0,1,True,15.7,19.1,77.0,False,3.2,13.0
2025,Australian Grand Prix,BOR,Kick Sauber,27.0,4.0,INTERMEDIATE,27.0,91.406,32.44,19.001,39.965,259.0,299.0,283.0,292.0,1,True,15.7,19.1,77.0,False,3.2,14.0
2025,Australian Grand Prix,LAW,Red Bull Racing,27.0,4.0,INTERMEDIATE,26.0,91.094,32.249,19.096,39.749,268.0,300.0,281.0,276.0,1,True,15.7,19.1,77.0,False,2.5,15.0
2025,Australian Grand Prix,OCO,Haas F1 Team,27.0,4.0,INTERMEDIATE,23.0,92.302,32.778,19.238,40.286,259.0,291.0,280.0,280.0,1,True,15.7,19.1,77.0,False,2.5,16.0
2025,Australian Grand Prix,BEA,Haas F1 Team,27.0,4.0,INTERMEDIATE,23.0,92.507,32.949,19.382,40.176,259.0,296.0,277.0,285.0,1,True,15.7,19.1,77.0,False,2.5,17.0
2025,Australian Grand Prix,NOR,McLaren,28.0,4.0,INTERMEDIATE,28.0,89.097,31.595,18.795,38.707,270.0,301.0,287.0,290.0,1,True,15.7,19.1,77.0,False,2.5,1.0
2025,Australian Grand Prix,PIA,McLaren,28.0,4.0,INTERMEDIATE,28.0,88.629,31.511,18.64,38.478,273.0,304.0,298.0,289.0,1,True,15.7,19.1,77.0,False,2.5,2.0
2025,Australian Grand Prix,VER,Red Bull Racing,28.0,4.0,INTERMEDIATE,28.0,89.411,31.769,18.848,38.794,272.0,301.0,283.0,286.0,1,True,15.7,19.1,77.0,False,2.5,3.0
2025,Australian Grand Prix,RUS,Mercedes,28.0,4.0,INTERMEDIATE,28.0,89.696,31.673,18.841,39.182,267.0,296.0,287.0,287.0,1,True,15.7,19.1,77.0,False,2.5,4.0
2025,Australian Grand Prix,LEC,Ferrari,28.0,4.0,INTERMEDIATE,28.0,89.723,31.671,18.863,39.189,271.0,301.0,284.0,288.0,1,True,15.7,19.1,77.0,False,2.5,5.0
2025,Australian Grand Prix,TSU,Racing Bulls,28.0,4.0,INTERMEDIATE,28.0,90.709,32.024,19.006,39.679,269.0,301.0,282.0,277.0,1,True,15.7,19.1,78.0,False,2.3,6.0
2025,Australian Grand Prix,ALB,Williams,28.0,4.0,INTERMEDIATE,26.0,90.332,32.112,19.035,39.185,272.0,304.0,287.0,283.0,1,True,15.7,19.1,78.0,False,2.3,7.0
2025,Australian Grand Prix,HAM,Ferrari,28.0,4.0,INTERMEDIATE,28.0,90.143,31.957,18.498,39.688,268.0,322.0,294.0,293.0,1,True,15.7,19.1,78.0,False,2.3,8.0
2025,Australian Grand Prix,GAS,Alpine,28.0,4.0,INTERMEDIATE,28.0,90.382,32.019,18.955,39.408,265.0,297.0,282.0,277.0,1,True,15.7,19.1,78.0,False,2.3,9.0
2025,Australian Grand Prix,ALO,Aston Martin,28.0,4.0,INTERMEDIATE,28.0,90.652,32.03,19.067,39.555,258.0,296.0,283.0,291.0,1,True,15.7,19.1,78.0,False,2.3,10.0
2025,Australian Grand Prix,ANT,Mercedes,28.0,4.0,INTERMEDIATE,28.0,90.716,32.111,18.504,40.101,266.0,316.0,296.0,296.0,1,False,15.7,19.1,78.0,False,2.3,11.0
2025,Australian Grand Prix,STR,Aston Martin,28.0,4.0,INTERMEDIATE,24.0,90.725,32.017,19.156,39.552,267.0,301.0,283.0,293.0,1,True,15.7,19.1,78.0,False,2.3,12.0
2025,Australian Grand Prix,HUL,Kick Sauber,28.0,4.0,INTERMEDIATE,28.0,90.801,32.247,19.196,39.358,260.0,297.0,281.0,289.0,1,True,15.7,19.1,78.0,False,2.3,13.0
2025,Australian Grand Prix,BOR,Kick Sauber,28.0,4.0,INTERMEDIATE,28.0,90.755,32.268,18.908,39.579,264.0,299.0,282.0,290.0,1,True,15.7,19.1,78.0,False,2.3,14.0
2025,Australian Grand Prix,LAW,Red Bull Racing,28.0,4.0,INTERMEDIATE,27.0,91.084,31.836,19.568,39.68,271.0,298.0,279.0,277.0,1,False,15.7,19.1,78.0,False,2.3,15.0
2025,Australian Grand Prix,OCO,Haas F1 Team,28.0,4.0,INTERMEDIATE,24.0,92.21,32.499,19.286,40.425,262.0,294.0,280.0,283.0,1,True,15.7,19.1,78.0,False,2.3,16.0
2025,Australian Grand Prix,NOR,McLaren,29.0,4.0,INTERMEDIATE,29.0,88.357,31.183,18.556,38.618,272.0,318.0,287.0,291.0,1,True,15.7,19.1,78.0,False,2.3,1.0
2025,Australian Grand Prix,PIA,McLaren,29.0,4.0,INTERMEDIATE,29.0,88.188,31.358,18.343,38.487,273.0,325.0,298.0,292.0,1,True,15.7,19.1,78.0,False,2.3,2.0
2025,Australian Grand Prix,BEA,Haas F1 Team,28.0,4.0,INTERMEDIATE,24.0,94.505,32.809,20.948,40.748,259.0,253.0,280.0,282.0,1,False,15.7,19.1,78.0,False,2.3,17.0
2025,Australian Grand Prix,VER,Red Bull Racing,29.0,4.0,INTERMEDIATE,29.0,89.043,31.543,18.815,38.685,270.0,301.0,283.0,289.0,1,True,15.7,19.1,77.0,False,2.7,3.0
2025,Australian Grand Prix,RUS,Mercedes,29.0,4.0,INTERMEDIATE,29.0,89.488,31.568,18.86,39.06,267.0,298.0,284.0,292.0,1,True,15.7,19.1,77.0,False,2.7,4.0
2025,Australian Grand Prix,LEC,Ferrari,29.0,4.0,INTERMEDIATE,29.0,89.492,31.588,18.944,38.96,271.0,300.0,284.0,291.0,1,True,15.7,19.1,77.0,False,2.7,5.0
2025,Australian Grand Prix,TSU,Racing Bulls,29.0,4.0,INTERMEDIATE,29.0,90.031,31.92,18.945,39.166,268.0,302.0,282.0,284.0,1,True,15.7,19.1,77.0,False,2.7,6.0
2025,Australian Grand Prix,ALB,Williams,29.0,4.0,INTERMEDIATE,27.0,90.023,31.76,19.016,39.247,272.0,306.0,286.0,280.0,1,True,15.7,19.1,77.0,False,2.7,7.0
2025,Australian Grand Prix,HAM,Ferrari,29.0,4.0,INTERMEDIATE,29.0,90.127,31.912,18.584,39.631,268.0,320.0,292.0,297.0,1,True,15.7,19.1,77.0,False,2.7,8.0
2025,Australian Grand Prix,GAS,Alpine,29.0,4.0,INTERMEDIATE,29.0,90.051,31.855,18.938,39.258,264.0,297.0,278.0,284.0,1,True,15.7,19.1,77.0,False,2.7,9.0
2025,Australian Grand Prix,ALO,Aston Martin,29.0,4.0,INTERMEDIATE,29.0,89.718,31.491,18.976,39.251,264.0,296.0,282.0,296.0,1,True,15.7,19.1,77.0,False,2.7,10.0
2025,Australian Grand Prix,ANT,Mercedes,29.0,4.0,INTERMEDIATE,29.0,89.919,31.785,18.794,39.34,268.0,303.0,285.0,297.0,1,True,15.7,19.1,77.0,False,2.7,11.0
2025,Australian Grand Prix,STR,Aston Martin,29.0,4.0,INTERMEDIATE,25.0,90.935,32.319,19.146,39.47,270.0,300.0,283.0,288.0,1,False,15.7,19.1,77.0,False,2.7,12.0
2025,Australian Grand Prix,HUL,Kick Sauber,29.0,4.0,INTERMEDIATE,29.0,90.378,32.112,19.125,39.141,262.0,297.0,282.0,290.0,1,True,15.7,19.1,77.0,False,2.7,13.0
2025,Australian Grand Prix,BOR,Kick Sauber,29.0,4.0,INTERMEDIATE,29.0,91.329,32.451,19.079,39.799,258.0,296.0,283.0,291.0,1,False,15.7,19.1,77.0,False,3.1,14.0
2025,Australian Grand Prix,LAW,Red Bull Racing,29.0,4.0,INTERMEDIATE,28.0,90.803,32.139,19.191,39.473,267.0,297.0,280.0,277.0,1,True,15.7,19.1,77.0,False,3.1,15.0
2025,Australian Grand Prix,NOR,McLaren,30.0,4.0,INTERMEDIATE,30.0,88.032,31.395,18.641,37.996,269.0,296.0,286.0,292.0,1,True,15.7,19.1,77.0,False,3.1,1.0
2025,Australian Grand Prix,PIA,McLaren,30.0,4.0,INTERMEDIATE,30.0,88.331,31.431,18.388,38.512,273.0,320.0,297.0,294.0,1,False,15.7,19.1,77.0,False,3.1,2.0
2025,Australian Grand Prix,OCO,Haas F1 Team,29.0,4.0,INTERMEDIATE,25.0,93.743,34.667,19.133,39.943,258.0,297.0,278.0,277.0,1,False,15.7,19.1,77.0,False,3.1,16.0
2025,Australian Grand Prix,BEA,Haas F1 Team,29.0,4.0,INTERMEDIATE,25.0,91.267,32.417,19.13,39.72,265.0,302.0,278.0,278.0,1,True,15.7,19.1,77.0,False,3.1,17.0
2025,Australian Grand Prix,VER,Red Bull Racing,30.0,4.0,INTERMEDIATE,30.0,88.237,31.103,18.635,38.499,271.0,300.0,282.0,292.0,1,True,15.7,19.1,77.0,False,3.1,3.0
2025,Australian Grand Prix,RUS,Mercedes,30.0,4.0,INTERMEDIATE,30.0,89.789,31.712,18.86,39.217,267.0,296.0,285.0,284.0,1,False,15.7,19.1,77.0,False,3.1,4.0
2025,Australian Grand Prix,LEC,Ferrari,30.0,4.0,INTERMEDIATE,30.0,89.367,31.248,18.963,39.156,271.0,300.0,284.0,293.0,1,True,15.7,19.1,77.0,False,3.1,5.0
2025,Australian Grand Prix,TSU,Racing Bulls,30.0,4.0,INTERMEDIATE,30.0,90.184,31.554,18.929,39.701,271.0,301.0,281.0,282.0,1,False,15.8,19.1,77.0,False,2.5,6.0
2025,Australian Grand Prix,ALB,Williams,30.0,4.0,INTERMEDIATE,28.0,89.628,31.511,18.876,39.241,273.0,304.0,286.0,278.0,1,True,15.8,19.1,77.0,False,2.5,7.0
2025,Australian Grand Prix,HAM,Ferrari,30.0,4.0,INTERMEDIATE,30.0,89.737,31.564,18.46,39.713,271.0,324.0,284.0,291.0,1,True,15.8,19.1,77.0,False,2.5,8.0
2025,Australian Grand Prix,GAS,Alpine,30.0,4.0,INTERMEDIATE,30.0,90.124,31.654,18.998,39.472,265.0,297.0,279.0,282.0,1,False,15.8,19.1,77.0,False,2.5,9.0
2025,Australian Grand Prix,ALO,Aston Martin,30.0,4.0,INTERMEDIATE,30.0,89.374,31.387,18.884,39.103,263.0,293.0,283.0,289.0,1,True,15.8,19.1,77.0,False,2.5,10.0
2025,Australian Grand Prix,ANT,Mercedes,30.0,4.0,INTERMEDIATE,30.0,89.794,31.823,18.759,39.212,269.0,304.0,283.0,288.0,1,True,15.8,19.1,77.0,False,2.5,11.0
2025,Australian Grand Prix,STR,Aston Martin,30.0,4.0,INTERMEDIATE,26.0,90.853,32.46,19.033,39.36,268.0,300.0,282.0,289.0,1,False,15.8,19.1,77.0,False,2.5,12.0
2025,Australian Grand Prix,HUL,Kick Sauber,30.0,4.0,INTERMEDIATE,30.0,90.691,32.048,19.285,39.358,262.0,296.0,281.0,289.0,1,False,15.8,19.1,77.0,False,2.5,13.0
2025,Australian Grand Prix,BOR,Kick Sauber,30.0,4.0,INTERMEDIATE,30.0,91.146,32.456,19.054,39.636,261.0,297.0,282.0,291.0,1,False,15.8,19.1,77.0,False,2.5,14.0
2025,Australian Grand Prix,LAW,Red Bull Racing,30.0,4.0,INTERMEDIATE,29.0,91.312,32.176,19.287,39.849,266.0,297.0,279.0,286.0,1,False,15.8,19.1,77.0,False,2.5,15.0
2025,Australian Grand Prix,NOR,McLaren,31.0,4.0,INTERMEDIATE,31.0,87.695,31.136,18.747,37.812,272.0,297.0,286.0,295.0,1,True,15.8,19.1,77.0,False,2.5,1.0
2025,Australian Grand Prix,PIA,McLaren,31.0,4.0,INTERMEDIATE,31.0,87.916,31.235,18.319,38.362,272.0,318.0,296.0,296.0,1,True,15.8,19.1,77.0,False,2.5,2.0
2025,Australian Grand Prix,OCO,Haas F1 Team,30.0,4.0,INTERMEDIATE,26.0,91.501,32.641,19.103,39.757,263.0,298.0,278.0,279.0,1,True,15.8,19.1,77.0,False,2.5,16.0
2025,Australian Grand Prix,BEA,Haas F1 Team,30.0,4.0,INTERMEDIATE,26.0,91.377,32.569,19.124,39.684,258.0,293.0,278.0,277.0,1,False,15.8,19.1,77.0,False,2.5,17.0
2025,Australian Grand Prix,VER,Red Bull Racing,31.0,4.0,INTERMEDIATE,31.0,88.127,31.123,18.741,38.263,270.0,297.0,284.0,288.0,1,True,15.8,19.1,77.0,False,2.5,3.0
2025,Australian Grand Prix,RUS,Mercedes,31.0,4.0,INTERMEDIATE,31.0,89.041,31.561,18.875,38.605,266.0,298.0,284.0,290.0,1,True,15.8,19.1,77.0,False,2.1,4.0
2025,Australian Grand Prix,LEC,Ferrari,31.0,4.0,INTERMEDIATE,31.0,89.546,31.524,18.867,39.155,269.0,297.0,283.0,292.0,1,False,15.8,19.1,77.0,False,2.1,5.0
2025,Australian Grand Prix,TSU,Racing Bulls,31.0,4.0,INTERMEDIATE,31.0,90.082,31.678,19.021,39.383,271.0,299.0,280.0,283.0,1,False,15.8,19.1,77.0,False,2.1,6.0
2025,Australian Grand Prix,ALB,Williams,31.0,4.0,INTERMEDIATE,29.0,90.053,31.829,19.026,39.198,272.0,303.0,285.0,291.0,1,False,15.8,19.1,77.0,False,2.1,7.0
2025,Australian Grand Prix,HAM,Ferrari,31.0,4.0,INTERMEDIATE,31.0,90.422,32.276,18.942,39.204,253.0,300.0,281.0,295.0,1,False,15.8,19.1,77.0,False,2.1,8.0
2025,Australian Grand Prix,GAS,Alpine,31.0,4.0,INTERMEDIATE,31.0,89.299,31.513,18.869,38.917,266.0,296.0,280.0,283.0,1,True,15.8,19.1,77.0,False,2.1,9.0
2025,Australian Grand Prix,ALO,Aston Martin,31.0,4.0,INTERMEDIATE,31.0,88.85,31.446,18.83,38.574,264.0,294.0,283.0,290.0,1,True,15.8,19.1,77.0,False,2.1,10.0
2025,Australian Grand Prix,ANT,Mercedes,31.0,4.0,INTERMEDIATE,31.0,89.245,31.583,18.748,38.914,271.0,301.0,284.0,289.0,1,True,15.8,19.1,77.0,False,2.1,11.0
2025,Australian Grand Prix,STR,Aston Martin,31.0,4.0,INTERMEDIATE,27.0,91.077,32.533,19.147,39.397,266.0,297.0,282.0,283.0,1,False,15.8,19.1,77.0,False,2.1,12.0
2025,Australian Grand Prix,HUL,Kick Sauber,31.0,4.0,INTERMEDIATE,31.0,90.071,31.864,19.06,39.147,264.0,297.0,281.0,290.0,1,True,15.8,19.1,77.0,False,2.1,13.0
2025,Australian Grand Prix,BOR,Kick Sauber,31.0,4.0,INTERMEDIATE,31.0,90.446,32.239,18.913,39.294,265.0,299.0,283.0,292.0,1,True,15.8,19.1,71.0,False,4.4,14.0
2025,Australian Grand Prix,LAW,Red Bull Racing,31.0,4.0,INTERMEDIATE,30.0,91.649,32.217,19.208,40.224,268.0,295.0,266.0,276.0,1,False,15.8,19.1,71.0,False,4.4,15.0
2025,Australian Grand Prix,NOR,McLaren,32.0,4.0,INTERMEDIATE,32.0,87.8,31.021,18.717,38.062,270.0,300.0,288.0,295.0,1,False,15.8,19.1,71.0,False,4.4,1.0
2025,Australian Grand Prix,PIA,McLaren,32.0,4.0,INTERMEDIATE,32.0,89.379,31.377,19.491,38.511,272.0,295.0,286.0,293.0,1,False,15.8,19.1,71.0,False,4.4,2.0
2025,Australian Grand Prix,OCO,Haas F1 Team,31.0,4.0,INTERMEDIATE,27.0,91.624,32.297,19.419,39.908,258.0,287.0,279.0,277.0,1,False,15.8,19.1,71.0,False,4.4,16.0
2025,Australian Grand Prix,BEA,Haas F1 Team,31.0,4.0,INTERMEDIATE,27.0,91.257,32.206,19.268,39.783,259.0,290.0,278.0,282.0,1,True,15.8,19.1,71.0,False,4.4,17.0
2025,Australian Grand Prix,VER,Red Bull Racing,32.0,4.0,INTERMEDIATE,32.0,88.208,30.905,18.89,38.413,270.0,298.0,283.0,287.0,1,False,15.8,19.1,71.0,False,4.4,3.0
2025,Australian Grand Prix,RUS,Mercedes,32.0,4.0,INTERMEDIATE,32.0,89.361,31.492,18.922,38.947,271.0,298.0,285.0,292.0,1,False,15.8,19.1,71.0,False,4.4,4.0
2025,Australian Grand Prix,LEC,Ferrari,32.0,4.0,INTERMEDIATE,32.0,89.337,31.356,18.945,39.036,271.0,297.0,283.0,293.0,1,True,15.8,19.1,71.0,False,4.4,5.0
2025,Australian Grand Prix,TSU,Racing Bulls,32.0,4.0,INTERMEDIATE,32.0,90.492,31.845,19.051,39.596,268.0,298.0,281.0,281.0,1,False,15.9,19.0,71.0,False,4.3,6.0
2025,Australian Grand Prix,ALB,Williams,32.0,4.0,INTERMEDIATE,30.0,90.186,32.0,19.029,39.157,271.0,302.0,286.0,290.0,1,False,15.9,19.0,71.0,False,4.3,7.0
2025,Australian Grand Prix,HAM,Ferrari,32.0,4.0,INTERMEDIATE,32.0,90.234,31.898,19.33,39.006,264.0,299.0,284.0,289.0,1,False,15.9,19.0,71.0,False,4.3,8.0
2025,Australian Grand Prix,GAS,Alpine,32.0,4.0,INTERMEDIATE,32.0,89.383,31.618,18.85,38.915,267.0,296.0,280.0,280.0,1,False,15.9,19.0,71.0,False,4.3,9.0
2025,Australian Grand Prix,ALO,Aston Martin,32.0,4.0,INTERMEDIATE,32.0,88.819,31.156,19.014,38.649,265.0,298.0,284.0,294.0,1,True,15.9,19.0,71.0,False,4.3,10.0
2025,Australian Grand Prix,ANT,Mercedes,32.0,4.0,INTERMEDIATE,32.0,89.032,31.369,18.773,38.89,270.0,302.0,283.0,291.0,1,True,15.9,19.0,71.0,False,4.3,11.0
2025,Australian Grand Prix,STR,Aston Martin,32.0,4.0,INTERMEDIATE,28.0,90.657,32.003,19.469,39.185,267.0,299.0,282.0,288.0,1,True,15.9,19.0,71.0,False,4.3,12.0
2025,Australian Grand Prix,HUL,Kick Sauber,32.0,4.0,INTERMEDIATE,32.0,90.109,32.056,19.242,38.811,263.0,299.0,282.0,289.0,1,False,15.9,19.0,71.0,False,4.3,13.0
2025,Australian Grand Prix,BOR,Kick Sauber,32.0,4.0,INTERMEDIATE,32.0,89.83,31.969,18.924,38.937,260.0,299.0,283.0,291.0,1,True,15.9,19.0,71.0,False,4.3,14.0
2025,Australian Grand Prix,NOR,McLaren,33.0,4.0,INTERMEDIATE,33.0,87.495,31.193,18.769,37.533,269.0,298.0,287.0,291.0,1,True,15.9,19.0,71.0,False,4.3,1.0
2025,Australian Grand Prix,PIA,McLaren,33.0,4.0,INTERMEDIATE,33.0,88.226,31.02,18.951,38.255,273.0,317.0,287.0,290.0,1,False,15.9,19.0,71.0,False,4.3,2.0
2025,Australian Grand Prix,LAW,Red Bull Racing,32.0,4.0,INTERMEDIATE,31.0,93.76,33.259,20.172,40.329,267.0,275.0,279.0,235.0,1,False,15.9,19.0,71.0,False,4.3,15.0
2025,Australian Grand Prix,OCO,Haas F1 Team,32.0,4.0,INTERMEDIATE,28.0,91.155,31.94,20.057,39.158,259.0,289.0,279.0,279.0,12,True,15.9,19.0,71.0,False,4.3,16.0
2025,Australian Grand Prix,BEA,Haas F1 Team,32.0,4.0,INTERMEDIATE,28.0,91.3,31.996,19.536,39.768,262.0,294.0,280.0,279.0,12,False,15.9,19.0,71.0,False,4.3,17.0
2025,Australian Grand Prix,VER,Red Bull Racing,33.0,4.0,INTERMEDIATE,33.0,88.046,30.905,18.81,38.331,267.0,304.0,282.0,288.0,12,True,15.9,19.0,71.0,False,4.3,3.0
2025,Australian Grand Prix,RUS,Mercedes,33.0,4.0,INTERMEDIATE,33.0,90.553,32.067,19.118,39.368,268.0,301.0,285.0,283.0,124,False,15.9,19.0,71.0,False,1.2,4.0
2025,Australian Grand Prix,LEC,Ferrari,33.0,4.0,INTERMEDIATE,33.0,93.966,31.801,19.053,43.112,270.0,300.0,136.0,287.0,124,False,15.9,19.0,71.0,False,1.2,5.0
2025,Australian Grand Prix,TSU,Racing Bulls,33.0,4.0,INTERMEDIATE,33.0,110.651,31.86,19.027,59.764,266.0,302.0,,281.0,124,False,15.9,19.0,71.0,False,1.2,6.0
2025,Australian Grand Prix,ALB,Williams,33.0,4.0,INTERMEDIATE,31.0,110.179,31.78,18.934,59.465,270.0,304.0,,280.0,124,False,15.9,19.0,71.0,False,1.2,7.0
2025,Australian Grand Prix,HAM,Ferrari,33.0,4.0,INTERMEDIATE,33.0,110.479,31.722,19.152,59.605,263.0,300.0,,292.0,124,False,15.9,19.0,71.0,False,1.2,8.0
2025,Australian Grand Prix,GAS,Alpine,33.0,4.0,INTERMEDIATE,33.0,111.3,31.296,18.975,61.029,263.0,298.0,,284.0,124,False,15.9,19.0,71.0,False,1.2,9.0
2025,Australian Grand Prix,ANT,Mercedes,33.0,4.0,INTERMEDIATE,33.0,112.635,31.156,19.488,61.991,268.0,302.0,,290.0,124,False,16.1,19.0,71.0,False,3.6,10.0
2025,Australian Grand Prix,STR,Aston Martin,33.0,4.0,INTERMEDIATE,29.0,122.766,32.155,25.972,64.639,266.0,136.0,,284.0,124,False,16.1,19.0,71.0,False,3.6,11.0
2025,Australian Grand Prix,HUL,Kick Sauber,33.0,4.0,INTERMEDIATE,33.0,125.643,31.748,27.04,66.855,262.0,265.0,,291.0,124,False,16.1,19.0,71.0,False,3.6,12.0
2025,Australian Grand Prix,NOR,McLaren,34.0,4.0,INTERMEDIATE,34.0,122.273,30.897,28.566,62.81,267.0,212.0,,294.0,124,False,16.1,19.0,71.0,False,3.6,1.0
2025,Australian Grand Prix,BOR,Kick Sauber,33.0,4.0,INTERMEDIATE,33.0,130.326,32.229,26.932,71.165,262.0,220.0,,290.0,124,False,16.1,19.0,71.0,False,3.6,13.0
2025,Australian Grand Prix,PIA,McLaren,34.0,4.0,INTERMEDIATE,34.0,127.025,31.271,30.119,65.635,247.0,226.0,,294.0,124,False,16.1,19.0,71.0,False,3.6,2.0
2025,Australian Grand Prix,OCO,Haas F1 Team,33.0,4.0,INTERMEDIATE,29.0,115.932,38.852,29.562,47.518,162.0,269.0,196.0,279.0,24,False,16.1,19.0,71.0,False,3.6,14.0
2025,Australian Grand Prix,LAW,Red Bull Racing,33.0,4.0,INTERMEDIATE,32.0,128.342,33.47,30.518,64.354,106.0,228.0,,277.0,124,False,16.1,19.0,71.0,False,3.6,15.0
2025,Australian Grand Prix,BEA,Haas F1 Team,33.0,4.0,INTERMEDIATE,29.0,117.148,39.982,29.769,47.397,181.0,272.0,237.0,207.0,24,False,16.1,19.0,71.0,False,3.6,16.0
2025,Australian Grand Prix,VER,Red Bull Racing,34.0,4.0,INTERMEDIATE,34.0,128.598,38.569,29.499,60.53,193.0,276.0,,288.0,24,False,16.1,19.0,71.0,False,2.9,3.0
2025,Australian Grand Prix,RUS,Mercedes,34.0,4.0,INTERMEDIATE,34.0,135.518,42.826,28.443,64.249,193.0,286.0,,121.0,4,False,16.1,19.0,71.0,False,2.9,4.0
2025,Australian Grand Prix,LEC,Ferrari,34.0,4.0,INTERMEDIATE,34.0,133.905,41.463,27.483,64.959,144.0,194.0,,197.0,4,False,16.1,19.0,71.0,False,2.9,5.0
2025,Australian Grand Prix,TSU,Racing Bulls,34.0,5.0,MEDIUM,1.0,146.811,55.104,43.265,48.442,114.0,165.0,258.0,119.0,4,False,16.1,19.0,70.0,False,4.9,6.0
2025,Australian Grand Prix,ALB,Williams,34.0,5.0,MEDIUM,1.0,147.472,55.333,43.059,49.08,120.0,169.0,279.0,116.0,4,False,16.1,19.0,70.0,False,4.9,7.0
2025,Australian Grand Prix,HAM,Ferrari,34.0,5.0,HARD,2.0,146.885,54.802,42.626,49.457,95.0,134.0,251.0,142.0,4,False,16.1,19.0,70.0,False,4.9,8.0
2025,Australian Grand Prix,GAS,Alpine,34.0,5.0,HARD,1.0,145.049,53.338,42.356,49.355,107.0,119.0,268.0,162.0,4,False,16.1,19.0,70.0,False,4.9,9.0
2025,Australian Grand Prix,ANT,Mercedes,34.0,5.0,HARD,1.0,142.596,50.26,41.918,50.418,144.0,130.0,279.0,175.0,4,False,16.1,19.0,70.0,False,4.9,10.0
2025,Australian Grand Prix,STR,Aston Martin,34.0,5.0,HARD,2.0,124.993,47.742,26.264,50.987,203.0,255.0,276.0,162.0,4,False,16.1,19.0,70.0,False,4.9,11.0
2025,Australian Grand Prix,HUL,Kick Sauber,34.0,5.0,MEDIUM,1.0,124.547,47.723,29.614,47.21,165.0,270.0,248.0,160.0,4,False,16.1,19.0,70.0,False,4.9,12.0
2025,Australian Grand Prix,NOR,McLaren,35.0,5.0,HARD,2.0,123.448,46.512,32.868,44.068,244.0,245.0,270.0,179.0,4,False,16.1,19.0,70.0,False,4.9,1.0
2025,Australian Grand Prix,BOR,Kick Sauber,34.0,5.0,MEDIUM,1.0,124.556,46.489,29.834,48.233,228.0,233.0,245.0,159.0,4,False,16.1,19.0,70.0,False,4.9,13.0
2025,Australian Grand Prix,OCO,Haas F1 Team,34.0,4.0,INTERMEDIATE,30.0,120.551,42.972,31.576,46.003,224.0,257.0,255.0,214.0,4,False,16.1,19.0,70.0,False,4.9,14.0
2025,Australian Grand Prix,PIA,McLaren,35.0,5.0,HARD,2.0,123.781,46.738,30.477,46.566,209.0,264.0,280.0,170.0,4,False,16.1,19.0,70.0,False,4.9,2.0
2025,Australian Grand Prix,BEA,Haas F1 Team,34.0,4.0,INTERMEDIATE,30.0,120.646,43.016,30.748,46.882,202.0,268.0,256.0,195.0,4,False,16.1,19.0,70.0,False,4.9,15.0
2025,Australian Grand Prix,LAW,Red Bull Racing,34.0,5.0,MEDIUM,1.0,124.275,46.181,29.653,48.441,246.0,275.0,249.0,155.0,4,False,16.1,19.0,70.0,False,4.9,16.0
2025,Australian Grand Prix,VER,Red Bull Racing,35.0,5.0,MEDIUM,1.0,124.508,46.794,27.33,50.384,241.0,275.0,253.0,177.0,4,False,16.1,19.0,72.0,False,2.5,3.0
2025,Australian Grand Prix,RUS,Mercedes,35.0,5.0,HARD,1.0,125.981,49.054,30.229,46.698,200.0,295.0,278.0,159.0,4,False,16.1,19.0,72.0,False,2.5,4.0
2025,Australian Grand Prix,LEC,Ferrari,35.0,5.0,HARD,2.0,126.872,47.333,29.541,49.998,224.0,272.0,267.0,180.0,4,False,16.1,19.0,72.0,False,2.5,5.0
2025,Australian Grand Prix,TSU,Racing Bulls,35.0,5.0,MEDIUM,2.0,102.362,35.888,24.675,41.799,241.0,277.0,259.0,213.0,4,False,16.1,19.0,71.0,False,3.9,6.0
2025,Australian Grand Prix,ALB,Williams,35.0,5.0,MEDIUM,2.0,102.979,35.361,26.965,40.653,231.0,289.0,286.0,217.0,4,False,16.1,19.0,71.0,False,3.9,7.0
2025,Australian Grand Prix,HAM,Ferrari,35.0,5.0,HARD,3.0,103.401,34.992,28.283,40.126,243.0,268.0,257.0,249.0,4,False,16.1,19.0,71.0,False,3.9,8.0
2025,Australian Grand Prix,GAS,Alpine,35.0,5.0,HARD,2.0,105.531,35.632,28.822,41.077,248.0,279.0,271.0,237.0,4,False,16.1,19.0,71.0,False,3.9,9.0
2025,Australian Grand Prix,ANT,Mercedes,35.0,5.0,HARD,2.0,104.67,35.474,28.102,41.094,248.0,284.0,285.0,263.0,4,False,16.1,19.0,71.0,False,3.9,10.0
2025,Australian Grand Prix,STR,Aston Martin,35.0,5.0,HARD,3.0,105.462,35.76,26.217,43.485,243.0,283.0,283.0,219.0,4,False,16.1,19.0,71.0,False,3.9,11.0
2025,Australian Grand Prix,HUL,Kick Sauber,35.0,5.0,MEDIUM,2.0,103.738,36.092,26.746,40.9,243.0,289.0,279.0,229.0,4,False,16.1,19.0,71.0,False,3.9,12.0
2025,Australian Grand Prix,NOR,McLaren,36.0,5.0,HARD,3.0,136.883,47.119,35.095,54.669,145.0,151.0,167.0,184.0,4,False,16.1,19.0,71.0,False,3.9,1.0
2025,Australian Grand Prix,BOR,Kick Sauber,35.0,5.0,MEDIUM,2.0,132.146,42.282,34.853,55.011,161.0,147.0,142.0,200.0,4,False,16.1,19.0,71.0,False,3.9,13.0
2025,Australian Grand Prix,OCO,Haas F1 Team,35.0,4.0,INTERMEDIATE,31.0,132.165,42.151,35.341,54.673,145.0,185.0,162.0,187.0,4,False,16.1,19.2,71.0,False,3.7,14.0
2025,Australian Grand Prix,PIA,McLaren,36.0,5.0,HARD,3.0,131.212,41.431,35.359,54.422,196.0,162.0,141.0,191.0,4,False,16.1,19.2,71.0,False,3.7,2.0
2025,Australian Grand Prix,BEA,Haas F1 Team,35.0,4.0,INTERMEDIATE,31.0,131.067,41.364,35.359,54.344,187.0,126.0,138.0,202.0,4,False,16.1,19.2,71.0,False,3.7,15.0
2025,Australian Grand Prix,LAW,Red Bull Racing,35.0,5.0,MEDIUM,2.0,128.71,40.793,33.852,54.065,139.0,133.0,128.0,213.0,4,False,16.1,19.2,71.0,False,3.7,16.0
2025,Australian Grand Prix,VER,Red Bull Racing,36.0,5.0,MEDIUM,2.0,116.334,33.284,30.201,52.849,257.0,257.0,123.0,247.0,4,False,16.1,19.2,71.0,False,3.7,3.0
2025,Australian Grand Prix,RUS,Mercedes,36.0,5.0,HARD,2.0,104.906,34.859,28.574,41.473,259.0,296.0,284.0,255.0,4,False,16.1,19.2,71.0,False,3.7,4.0
2025,Australian Grand Prix,LEC,Ferrari,36.0,5.0,HARD,3.0,102.406,32.141,25.374,44.891,266.0,295.0,256.0,265.0,4,False,16.1,19.2,71.0,False,3.7,5.0
2025,Australian Grand Prix,TSU,Racing Bulls,36.0,5.0,MEDIUM,3.0,99.366,33.064,26.558,39.744,248.0,272.0,262.0,249.0,4,False,16.1,19.2,71.0,False,3.7,6.0
2025,Australian Grand Prix,ALB,Williams,36.0,5.0,MEDIUM,3.0,102.745,32.857,31.34,38.548,218.0,288.0,285.0,227.0,4,False,16.1,19.2,71.0,False,3.7,7.0
2025,Australian Grand Prix,HAM,Ferrari,36.0,5.0,HARD,4.0,102.431,33.507,30.249,38.675,246.0,272.0,259.0,268.0,4,False,16.1,19.2,71.0,False,3.7,8.0
2025,Australian Grand Prix,GAS,Alpine,36.0,5.0,HARD,3.0,101.62,32.286,29.596,39.738,252.0,282.0,270.0,280.0,4,False,16.1,19.2,71.0,False,3.7,9.0
2025,Australian Grand Prix,ANT,Mercedes,36.0,5.0,HARD,3.0,101.655,32.604,29.457,39.594,258.0,288.0,287.0,277.0,4,False,16.1,19.2,71.0,False,3.7,10.0
2025,Australian Grand Prix,STR,Aston Martin,36.0,5.0,HARD,4.0,99.85,32.683,27.967,39.2,252.0,287.0,284.0,262.0,4,False,16.1,19.2,71.0,False,3.7,11.0
2025,Australian Grand Prix,HUL,Kick Sauber,36.0,5.0,MEDIUM,3.0,99.268,32.729,27.808,38.731,263.0,295.0,283.0,276.0,4,False,16.2,19.2,70.0,False,3.1,12.0
2025,Australian Grand Prix,LEC,Ferrari,37.0,5.0,HARD,4.0,148.223,33.25,38.962,76.011,150.0,144.0,224.0,269.0,4,False,16.2,19.2,71.0,False,3.3,5.0
2025,Australian Grand Prix,TSU,Racing Bulls,37.0,5.0,MEDIUM,4.0,131.741,32.244,28.343,71.154,248.0,275.0,228.0,271.0,4,False,16.2,19.2,71.0,False,3.3,6.0
2025,Australian Grand Prix,ALB,Williams,37.0,5.0,MEDIUM,4.0,127.286,33.338,29.122,64.826,199.0,290.0,241.0,250.0,4,False,16.2,19.2,71.0,False,3.3,7.0
2025,Australian Grand Prix,HAM,Ferrari,37.0,5.0,HARD,5.0,128.079,32.779,30.772,64.528,204.0,271.0,219.0,269.0,4,False,16.2,19.2,71.0,False,3.3,8.0
2025,Australian Grand Prix,GAS,Alpine,37.0,5.0,HARD,4.0,127.218,31.629,29.727,65.862,255.0,289.0,213.0,270.0,4,False,16.2,19.2,71.0,False,3.3,9.0
2025,Australian Grand Prix,ANT,Mercedes,37.0,5.0,HARD,4.0,127.298,31.948,30.64,64.71,213.0,288.0,237.0,272.0,4,False,16.2,19.2,71.0,False,3.3,10.0
2025,Australian Grand Prix,STR,Aston Martin,37.0,5.0,HARD,5.0,126.301,33.203,29.445,63.653,192.0,286.0,220.0,285.0,4,False,16.2,19.2,71.0,False,3.3,11.0
2025,Australian Grand Prix,HUL,Kick Sauber,37.0,5.0,MEDIUM,4.0,120.019,31.433,28.144,60.442,262.0,297.0,201.0,284.0,4,False,16.3,19.2,71.0,False,4.0,12.0
2025,Australian Grand Prix,NOR,McLaren,38.0,5.0,HARD,5.0,141.02,45.763,41.277,53.98,169.0,168.0,269.0,186.0,4,False,16.3,19.2,69.0,False,3.2,1.0
2025,Australian Grand Prix,BOR,Kick Sauber,37.0,5.0,MEDIUM,4.0,140.921,45.391,40.838,54.692,138.0,198.0,240.0,195.0,4,False,16.3,19.2,69.0,False,3.2,13.0
2025,Australian Grand Prix,OCO,Haas F1 Team,37.0,4.0,INTERMEDIATE,33.0,140.137,44.21,41.09,54.837,127.0,194.0,237.0,170.0,4,False,16.3,19.2,69.0,False,3.2,14.0
2025,Australian Grand Prix,PIA,McLaren,38.0,5.0,HARD,5.0,138.892,42.993,41.293,54.606,118.0,189.0,259.0,246.0,4,False,16.3,19.2,69.0,False,3.2,2.0
2025,Australian Grand Prix,BEA,Haas F1 Team,37.0,4.0,INTERMEDIATE,33.0,138.672,42.101,41.701,54.87,105.0,119.0,238.0,247.0,4,False,16.3,19.2,68.0,False,3.9,15.0
2025,Australian Grand Prix,LAW,Red Bull Racing,37.0,5.0,MEDIUM,4.0,137.76,40.914,42.012,54.834,106.0,118.0,234.0,228.0,4,False,16.3,19.2,68.0,False,3.9,16.0
2025,Australian Grand Prix,VER,Red Bull Racing,38.0,5.0,MEDIUM,4.0,137.91,40.652,41.364,55.894,78.0,111.0,235.0,248.0,4,False,16.3,19.2,68.0,False,3.9,3.0
2025,Australian Grand Prix,RUS,Mercedes,38.0,5.0,HARD,4.0,138.272,40.496,41.465,56.311,95.0,135.0,254.0,231.0,4,False,16.3,19.2,68.0,False,3.9,4.0
2025,Australian Grand Prix,LEC,Ferrari,38.0,5.0,HARD,5.0,139.475,39.579,40.983,58.913,148.0,123.0,222.0,241.0,4,False,16.3,19.2,68.0,False,3.9,5.0
2025,Australian Grand Prix,TSU,Racing Bulls,38.0,5.0,MEDIUM,5.0,139.231,39.051,41.233,58.947,126.0,120.0,222.0,212.0,4,False,16.3,19.2,68.0,False,3.9,6.0
2025,Australian Grand Prix,ALB,Williams,38.0,5.0,MEDIUM,5.0,139.137,39.774,40.39,58.973,139.0,128.0,241.0,193.0,4,False,16.3,19.2,68.0,False,3.9,7.0
2025,Australian Grand Prix,HAM,Ferrari,38.0,5.0,HARD,6.0,138.415,38.81,40.044,59.561,107.0,125.0,223.0,249.0,4,False,16.3,19.2,68.0,False,3.9,8.0
2025,Australian Grand Prix,GAS,Alpine,38.0,5.0,HARD,5.0,139.376,38.274,39.552,61.55,85.0,171.0,222.0,258.0,4,False,16.3,19.2,68.0,False,3.9,9.0
2025,Australian Grand Prix,ANT,Mercedes,38.0,5.0,HARD,5.0,139.681,38.143,39.653,61.885,94.0,182.0,237.0,250.0,4,False,16.3,19.2,68.0,False,3.9,10.0
2025,Australian Grand Prix,STR,Aston Martin,38.0,5.0,HARD,6.0,140.07,38.003,39.484,62.583,105.0,183.0,237.0,250.0,4,False,16.3,19.2,68.0,False,3.9,11.0
2025,Australian Grand Prix,HUL,Kick Sauber,38.0,5.0,MEDIUM,5.0,139.971,38.06,38.725,63.186,129.0,233.0,238.0,242.0,4,False,16.3,19.2,68.0,False,3.9,12.0
2025,Australian Grand Prix,NOR,McLaren,39.0,5.0,HARD,6.0,133.694,44.586,34.303,54.805,117.0,156.0,257.0,224.0,4,False,16.4,19.2,69.0,False,4.6,1.0
2025,Australian Grand Prix,BOR,Kick Sauber,38.0,5.0,MEDIUM,5.0,133.374,44.094,34.435,54.845,126.0,172.0,237.0,187.0,4,False,16.4,19.2,69.0,False,4.6,13.0
2025,Australian Grand Prix,OCO,Haas F1 Team,38.0,4.0,INTERMEDIATE,34.0,132.933,43.583,34.325,55.025,140.0,188.0,235.0,201.0,4,False,16.4,19.2,69.0,False,4.6,14.0
2025,Australian Grand Prix,PIA,McLaren,39.0,5.0,HARD,6.0,133.78,43.94,34.284,55.556,91.0,212.0,222.0,195.0,4,False,16.4,19.2,69.0,False,4.6,2.0
2025,Australian Grand Prix,BEA,Haas F1 Team,38.0,4.0,INTERMEDIATE,34.0,132.858,43.636,33.78,55.442,110.0,212.0,221.0,205.0,4,False,16.4,19.2,69.0,False,4.6,15.0
2025,Australian Grand Prix,LAW,Red Bull Racing,38.0,5.0,MEDIUM,5.0,133.353,43.569,34.894,54.89,108.0,241.0,234.0,173.0,4,False,16.4,19.2,69.0,False,4.6,16.0
2025,Australian Grand Prix,VER,Red Bull Racing,39.0,5.0,MEDIUM,5.0,132.714,42.699,36.267,53.748,97.0,191.0,236.0,201.0,4,False,16.4,19.2,69.0,False,4.6,3.0
2025,Australian Grand Prix,RUS,Mercedes,39.0,5.0,HARD,5.0,132.784,42.704,35.771,54.309,101.0,183.0,252.0,209.0,4,False,16.4,19.2,69.0,False,4.6,4.0
2025,Australian Grand Prix,LEC,Ferrari,39.0,5.0,HARD,6.0,131.723,40.103,35.96,55.66,105.0,180.0,227.0,251.0,4,False,16.4,19.2,69.0,False,4.6,5.0
2025,Australian Grand Prix,TSU,Racing Bulls,39.0,5.0,MEDIUM,6.0,131.98,40.191,35.729,56.06,109.0,176.0,227.0,238.0,4,False,16.4,19.2,69.0,False,4.6,6.0
2025,Australian Grand Prix,ALB,Williams,39.0,5.0,MEDIUM,6.0,132.043,40.189,35.829,56.025,110.0,141.0,237.0,218.0,4,False,16.4,19.2,69.0,False,4.6,7.0
2025,Australian Grand Prix,HAM,Ferrari,39.0,5.0,HARD,7.0,132.085,39.677,36.23,56.178,105.0,164.0,224.0,241.0,4,False,16.4,19.2,69.0,False,4.6,8.0
2025,Australian Grand Prix,GAS,Alpine,39.0,5.0,HARD,6.0,131.226,38.456,36.07,56.7,80.0,156.0,229.0,258.0,4,False,16.4,19.2,69.0,False,4.6,9.0
2025,Australian Grand Prix,ANT,Mercedes,39.0,5.0,HARD,6.0,131.642,38.95,35.025,57.667,84.0,136.0,242.0,256.0,4,False,16.4,19.2,69.0,False,4.6,10.0
2025,Australian Grand Prix,STR,Aston Martin,39.0,5.0,HARD,7.0,131.9,37.918,35.259,58.723,102.0,114.0,244.0,242.0,4,False,16.4,19.2,69.0,False,4.6,11.0
2025,Australian Grand Prix,HUL,Kick Sauber,39.0,5.0,MEDIUM,6.0,131.714,38.204,34.474,59.036,91.0,119.0,245.0,257.0,4,False,16.4,19.2,69.0,False,4.6,12.0
2025,Australian Grand Prix,BOR,Kick Sauber,39.0,5.0,MEDIUM,6.0,108.623,41.886,22.879,43.858,218.0,265.0,278.0,175.0,4,False,16.4,19.2,68.0,False,3.7,13.0
2025,Australian Grand Prix,LAW,Red Bull Racing,39.0,5.0,MEDIUM,6.0,108.534,42.936,25.015,40.583,160.0,276.0,256.0,220.0,4,False,16.4,19.2,68.0,False,4.8,14.0
2025,Australian Grand Prix,OCO,Haas F1 Team,39.0,4.0,INTERMEDIATE,35.0,124.201,42.286,21.998,59.917,232.0,255.0,,169.0,4,False,16.4,19.2,68.0,False,4.8,15.0
2025,Australian Grand Prix,BEA,Haas F1 Team,39.0,4.0,INTERMEDIATE,35.0,130.476,43.905,23.897,62.674,172.0,283.0,,207.0,4,False,16.4,19.2,68.0,False,4.8,16.0
2025,Australian Grand Prix,NOR,McLaren,40.0,5.0,HARD,7.0,135.337,47.795,33.656,53.886,178.0,199.0,181.0,151.0,4,False,16.4,19.2,68.0,False,4.8,1.0
2025,Australian Grand Prix,PIA,McLaren,40.0,5.0,HARD,7.0,133.016,45.907,33.189,53.92,112.0,178.0,262.0,243.0,4,False,16.4,19.2,68.0,False,4.8,2.0
2025,Australian Grand Prix,VER,Red Bull Racing,40.0,5.0,MEDIUM,6.0,131.498,43.488,33.721,54.289,101.0,192.0,238.0,245.0,4,False,16.4,19.2,68.0,False,4.8,3.0
2025,Australian Grand Prix,RUS,Mercedes,40.0,5.0,HARD,6.0,131.368,43.127,34.37,53.871,158.0,130.0,256.0,239.0,4,False,16.4,19.2,68.0,False,4.8,4.0
2025,Australian Grand Prix,LEC,Ferrari,40.0,5.0,HARD,7.0,131.985,41.463,34.386,56.136,169.0,166.0,230.0,225.0,4,False,16.4,19.2,68.0,False,4.8,5.0
2025,Australian Grand Prix,TSU,Racing Bulls,40.0,5.0,MEDIUM,7.0,131.829,40.94,34.971,55.918,185.0,180.0,224.0,242.0,4,False,16.4,19.2,68.0,False,4.8,6.0
2025,Australian Grand Prix,ALB,Williams,40.0,5.0,MEDIUM,7.0,131.839,41.658,34.413,55.768,154.0,182.0,232.0,197.0,4,False,16.4,19.2,68.0,False,4.8,7.0
2025,Australian Grand Prix,HAM,Ferrari,40.0,5.0,HARD,8.0,131.407,41.408,35.213,54.786,122.0,176.0,216.0,238.0,4,False,16.4,19.2,68.0,False,4.8,8.0
2025,Australian Grand Prix,GAS,Alpine,40.0,5.0,HARD,7.0,130.476,40.824,35.543,54.109,128.0,173.0,249.0,262.0,4,False,16.4,19.2,68.0,False,4.8,9.0
2025,Australian Grand Prix,ANT,Mercedes,40.0,5.0,HARD,7.0,129.615,39.633,35.891,54.091,119.0,192.0,238.0,267.0,4,False,16.4,19.2,68.0,False,4.8,10.0
2025,Australian Grand Prix,STR,Aston Martin,40.0,5.0,HARD,8.0,129.9,38.748,35.471,55.681,161.0,185.0,256.0,274.0,4,False,16.4,19.2,68.0,False,4.8,11.0
2025,Australian Grand Prix,HUL,Kick Sauber,40.0,5.0,MEDIUM,7.0,130.024,38.773,35.573,55.678,196.0,171.0,252.0,273.0,4,False,16.4,19.2,68.0,False,4.8,12.0
2025,Australian Grand Prix,BOR,Kick Sauber,40.0,5.0,MEDIUM,7.0,92.438,33.855,19.731,38.852,257.0,296.0,282.0,241.0,4,False,16.4,19.3,69.0,False,3.6,13.0
2025,Australian Grand Prix,LAW,Red Bull Racing,40.0,5.0,MEDIUM,7.0,91.05,31.869,21.143,38.038,243.0,273.0,284.0,266.0,4,False,16.4,19.3,69.0,False,3.6,14.0
2025,Australian Grand Prix,OCO,Haas F1 Team,40.0,5.0,MEDIUM,1.0,102.035,42.369,20.285,39.381,244.0,283.0,280.0,180.0,4,False,16.4,19.3,69.0,False,3.6,15.0
2025,Australian Grand Prix,BEA,Haas F1 Team,40.0,5.0,MEDIUM,,113.822,47.593,25.942,40.287,146.0,253.0,280.0,176.0,4,False,16.5,19.3,70.0,False,4.7,16.0
2025,Australian Grand Prix,NOR,McLaren,41.0,5.0,HARD,8.0,133.937,44.793,29.454,59.69,216.0,241.0,287.0,211.0,41,False,16.5,19.3,70.0,False,4.7,1.0
2025,Australian Grand Prix,PIA,McLaren,41.0,5.0,HARD,8.0,133.553,44.925,29.037,59.591,188.0,228.0,288.0,219.0,41,False,16.5,19.3,70.0,False,4.7,2.0
2025,Australian Grand Prix,VER,Red Bull Racing,41.0,5.0,MEDIUM,7.0,132.004,44.791,29.249,57.964,168.0,215.0,289.0,200.0,41,False,16.5,19.3,70.0,False,4.7,3.0
2025,Australian Grand Prix,RUS,Mercedes,41.0,5.0,HARD,7.0,131.214,44.501,29.287,57.426,194.0,196.0,288.0,156.0,41,False,16.5,19.3,70.0,False,4.7,4.0
2025,Australian Grand Prix,LEC,Ferrari,41.0,5.0,HARD,8.0,128.829,43.051,28.891,56.887,154.0,193.0,288.0,238.0,41,False,16.5,19.3,70.0,False,4.7,5.0
2025,Australian Grand Prix,TSU,Racing Bulls,41.0,5.0,MEDIUM,8.0,127.526,42.467,30.028,55.031,110.0,193.0,288.0,257.0,41,False,16.5,19.3,70.0,False,4.7,6.0
2025,Australian Grand Prix,ALB,Williams,41.0,5.0,MEDIUM,8.0,127.143,42.976,29.357,54.81,104.0,186.0,290.0,196.0,41,False,16.5,19.3,70.0,False,4.7,7.0
2025,Australian Grand Prix,HAM,Ferrari,41.0,5.0,HARD,9.0,126.607,43.723,28.691,54.193,105.0,174.0,290.0,241.0,41,False,16.5,19.3,70.0,False,4.7,8.0
2025,Australian Grand Prix,GAS,Alpine,41.0,5.0,HARD,8.0,126.368,43.945,29.012,53.411,107.0,208.0,287.0,201.0,41,False,16.5,19.3,70.0,False,4.7,9.0
2025,Australian Grand Prix,ANT,Mercedes,41.0,5.0,HARD,8.0,126.22,44.333,28.681,53.206,105.0,185.0,286.0,208.0,41,False,16.5,19.3,70.0,False,4.7,10.0
2025,Australian Grand Prix,STR,Aston Martin,41.0,5.0,HARD,9.0,124.101,42.904,28.804,52.393,120.0,160.0,287.0,273.0,41,False,16.5,19.3,70.0,False,4.7,11.0
2025,Australian Grand Prix,HUL,Kick Sauber,41.0,5.0,MEDIUM,8.0,123.528,43.382,27.686,52.46,121.0,147.0,287.0,262.0,41,False,16.5,19.3,70.0,False,4.7,12.0
2025,Australian Grand Prix,BOR,Kick Sauber,41.0,5.0,MEDIUM,8.0,88.125,31.898,19.169,37.058,262.0,297.0,286.0,288.0,41,True,16.5,19.3,70.0,False,4.7,13.0
2025,Australian Grand Prix,LAW,Red Bull Racing,41.0,5.0,MEDIUM,8.0,86.446,30.467,19.372,36.607,266.0,298.0,286.0,295.0,41,True,16.5,19.3,69.0,False,3.9,14.0
2025,Australian Grand Prix,OCO,Haas F1 Team,41.0,5.0,MEDIUM,2.0,89.339,32.041,19.341,37.957,250.0,288.0,284.0,269.0,41,True,16.5,19.3,69.0,False,3.9,15.0
2025,Australian Grand Prix,BEA,Haas F1 Team,41.0,5.0,MEDIUM,,89.149,31.306,19.948,37.895,252.0,290.0,284.0,282.0,41,True,16.5,19.3,69.0,False,3.9,16.0
2025,Australian Grand Prix,NOR,McLaren,42.0,5.0,HARD,9.0,83.797,30.016,18.891,34.89,266.0,292.0,291.0,298.0,1,True,16.6,19.3,68.0,False,5.1,1.0
2025,Australian Grand Prix,PIA,McLaren,42.0,5.0,HARD,9.0,84.583,30.119,18.793,35.671,269.0,299.0,292.0,296.0,1,True,16.6,19.3,68.0,False,5.1,2.0
2025,Australian Grand Prix,VER,Red Bull Racing,42.0,5.0,MEDIUM,8.0,85.317,30.288,18.886,36.143,270.0,299.0,291.0,282.0,1,True,16.6,19.3,68.0,False,5.1,3.0
2025,Australian Grand Prix,RUS,Mercedes,42.0,5.0,HARD,8.0,86.239,30.615,18.828,36.796,273.0,302.0,291.0,289.0,1,True,16.6,19.3,68.0,False,5.1,4.0
2025,Australian Grand Prix,LEC,Ferrari,42.0,5.0,HARD,9.0,86.831,30.927,18.992,36.912,258.0,291.0,292.0,286.0,1,True,16.6,19.3,68.0,False,5.1,5.0
2025,Australian Grand Prix,TSU,Racing Bulls,42.0,5.0,MEDIUM,9.0,87.146,31.474,18.8,36.872,271.0,306.0,292.0,273.0,1,True,16.6,19.3,68.0,False,5.1,6.0
2025,Australian Grand Prix,ALB,Williams,42.0,5.0,MEDIUM,9.0,87.127,31.343,18.776,37.008,272.0,305.0,297.0,268.0,1,True,16.6,19.3,68.0,False,5.1,7.0
2025,Australian Grand Prix,HAM,Ferrari,42.0,5.0,HARD,10.0,87.508,31.531,19.059,36.918,255.0,301.0,292.0,268.0,1,True,16.6,19.3,68.0,False,5.1,8.0
2025,Australian Grand Prix,GAS,Alpine,42.0,5.0,HARD,9.0,87.942,31.318,18.881,37.743,260.0,295.0,289.0,284.0,1,True,16.6,19.3,68.0,False,5.1,9.0
2025,Australian Grand Prix,ANT,Mercedes,42.0,5.0,HARD,9.0,87.505,30.908,19.021,37.576,267.0,309.0,294.0,295.0,1,True,16.6,19.3,68.0,False,5.1,10.0
2025,Australian Grand Prix,STR,Aston Martin,42.0,5.0,HARD,10.0,87.301,30.923,19.001,37.377,267.0,306.0,291.0,291.0,1,True,16.6,19.3,68.0,False,5.1,11.0
2025,Australian Grand Prix,HUL,Kick Sauber,42.0,5.0,MEDIUM,9.0,87.472,31.081,19.257,37.134,268.0,302.0,291.0,277.0,1,True,16.6,19.3,68.0,False,5.1,12.0
2025,Australian Grand Prix,BOR,Kick Sauber,42.0,5.0,MEDIUM,9.0,84.77,30.071,18.781,35.918,266.0,290.0,288.0,295.0,1,True,16.6,19.3,68.0,False,5.1,13.0
2025,Australian Grand Prix,LAW,Red Bull Racing,42.0,5.0,MEDIUM,9.0,84.098,29.498,18.79,35.81,272.0,298.0,289.0,296.0,1,True,16.6,19.3,68.0,False,5.1,14.0
2025,Australian Grand Prix,OCO,Haas F1 Team,42.0,5.0,MEDIUM,3.0,86.764,30.261,19.144,37.359,255.0,282.0,285.0,283.0,1,True,16.6,19.3,68.0,False,5.1,15.0
2025,Australian Grand Prix,BEA,Haas F1 Team,42.0,5.0,MEDIUM,,87.603,30.422,19.362,37.819,257.0,285.0,286.0,284.0,1,True,16.6,19.3,71.0,False,2.2,16.0
2025,Australian Grand Prix,NOR,McLaren,43.0,5.0,HARD,10.0,82.167,28.553,18.537,35.077,271.0,290.0,292.0,300.0,1,True,16.6,19.3,71.0,False,2.2,1.0
2025,Australian Grand Prix,PIA,McLaren,43.0,5.0,HARD,10.0,83.242,28.966,18.613,35.663,273.0,293.0,292.0,304.0,1,True,16.6,19.3,71.0,False,2.2,2.0
2025,Australian Grand Prix,VER,Red Bull Racing,43.0,5.0,MEDIUM,9.0,83.081,28.878,18.569,35.634,278.0,298.0,293.0,297.0,1,True,16.6,19.3,71.0,False,2.2,3.0
2025,Australian Grand Prix,RUS,Mercedes,43.0,5.0,HARD,9.0,85.065,29.511,18.617,36.937,275.0,291.0,293.0,298.0,1,True,16.6,19.3,71.0,False,2.2,4.0
2025,Australian Grand Prix,TSU,Racing Bulls,43.0,5.0,MEDIUM,10.0,84.194,29.553,18.1,36.541,276.0,324.0,293.0,304.0,1,True,16.6,19.3,71.0,False,2.2,5.0
2025,Australian Grand Prix,LEC,Ferrari,43.0,5.0,HARD,10.0,85.271,29.433,18.459,37.379,269.0,301.0,307.0,295.0,1,True,16.6,19.3,71.0,False,2.2,6.0
2025,Australian Grand Prix,ALB,Williams,43.0,5.0,MEDIUM,10.0,84.597,29.496,18.2,36.901,278.0,322.0,310.0,287.0,1,True,16.6,19.3,71.0,False,2.2,7.0
2025,Australian Grand Prix,HAM,Ferrari,43.0,5.0,HARD,11.0,84.218,29.552,18.475,36.191,266.0,314.0,310.0,293.0,1,True,16.6,19.3,71.0,False,2.2,8.0
2025,Australian Grand Prix,GAS,Alpine,43.0,5.0,HARD,10.0,85.02,29.787,18.627,36.606,255.0,306.0,292.0,294.0,1,True,16.6,19.3,71.0,False,2.2,9.0
2025,Australian Grand Prix,ANT,Mercedes,43.0,5.0,HARD,10.0,84.901,29.606,18.461,36.834,273.0,327.0,306.0,297.0,1,True,16.6,19.3,71.0,False,2.2,10.0
2025,Australian Grand Prix,STR,Aston Martin,43.0,5.0,HARD,11.0,85.538,29.78,18.445,37.313,263.0,320.0,294.0,301.0,1,True,16.6,19.3,71.0,False,2.2,11.0
2025,Australian Grand Prix,HUL,Kick Sauber,43.0,5.0,MEDIUM,10.0,85.243,30.039,18.732,36.472,266.0,300.0,294.0,296.0,1,True,16.6,19.3,71.0,False,2.2,12.0
2025,Australian Grand Prix,BOR,Kick Sauber,43.0,5.0,MEDIUM,10.0,84.192,29.066,18.822,36.304,264.0,280.0,289.0,294.0,1,True,16.6,19.3,71.0,False,2.2,13.0
2025,Australian Grand Prix,LAW,Red Bull Racing,43.0,5.0,MEDIUM,10.0,82.97,28.841,18.234,35.895,277.0,318.0,304.0,295.0,1,True,16.6,19.3,71.0,False,2.2,14.0
2025,Australian Grand Prix,OCO,Haas F1 Team,43.0,5.0,MEDIUM,4.0,88.505,30.027,18.897,39.581,266.0,292.0,285.0,292.0,1,False,16.6,19.3,75.0,False,1.3,15.0
2025,Australian Grand Prix,BEA,Haas F1 Team,43.0,5.0,MEDIUM,,91.057,30.29,19.299,41.468,263.0,289.0,280.0,287.0,1,False,16.6,19.3,75.0,False,1.3,16.0
2025,Australian Grand Prix,VER,Red Bull Racing,44.0,5.0,MEDIUM,10.0,86.789,28.766,18.154,39.869,281.0,315.0,286.0,298.0,12,False,16.6,19.3,75.0,False,1.3,1.0
2025,Australian Grand Prix,TSU,Racing Bulls,44.0,5.0,MEDIUM,11.0,88.252,29.703,18.442,40.107,274.0,302.0,294.0,299.0,12,False,16.4,19.3,76.0,True,2.5,2.0
2025,Australian Grand Prix,HAM,Ferrari,44.0,5.0,HARD,12.0,89.454,29.929,18.44,41.085,268.0,322.0,295.0,312.0,12,False,16.4,19.3,76.0,True,2.5,3.0
2025,Australian Grand Prix,GAS,Alpine,44.0,5.0,HARD,11.0,88.332,29.467,18.594,40.271,265.0,297.0,290.0,296.0,12,False,16.4,19.3,76.0,True,2.5,4.0
2025,Australian Grand Prix,LEC,Ferrari,44.0,5.0,HARD,11.0,96.363,29.953,18.038,48.372,272.0,317.0,289.0,291.0,12,False,16.4,19.3,76.0,True,2.5,5.0
2025,Australian Grand Prix,NOR,McLaren,44.0,5.0,HARD,11.0,105.587,28.841,18.581,58.165,272.0,289.0,,305.0,12,False,16.4,19.3,76.0,True,2.5,6.0
2025,Australian Grand Prix,LAW,Red Bull Racing,44.0,5.0,MEDIUM,11.0,86.332,28.698,18.777,38.857,272.0,289.0,285.0,305.0,12,False,16.4,19.3,76.0,True,2.5,7.0
2025,Australian Grand Prix,RUS,Mercedes,44.0,5.0,HARD,10.0,106.238,29.685,18.585,57.968,274.0,287.0,,304.0,12,False,16.4,19.3,76.0,True,2.5,8.0
2025,Australian Grand Prix,ALB,Williams,44.0,5.0,MEDIUM,11.0,105.335,29.876,18.171,57.288,276.0,317.0,,290.0,12,False,16.4,19.3,76.0,True,2.5,9.0
2025,Australian Grand Prix,STR,Aston Martin,44.0,5.0,HARD,12.0,104.738,29.501,18.324,56.913,266.0,317.0,,300.0,12,False,16.4,19.3,76.0,True,2.5,10.0
2025,Australian Grand Prix,ANT,Mercedes,44.0,5.0,HARD,11.0,108.276,29.991,18.732,59.553,264.0,298.0,,292.0,12,False,16.4,19.3,76.0,True,2.5,11.0
2025,Australian Grand Prix,HUL,Kick Sauber,44.0,5.0,MEDIUM,11.0,106.696,30.497,18.959,57.24,259.0,290.0,,293.0,12,False,16.4,19.3,76.0,True,2.5,12.0
2025,Australian Grand Prix,BOR,Kick Sauber,44.0,5.0,MEDIUM,11.0,112.582,30.251,18.627,63.704,264.0,290.0,,265.0,12,False,16.4,19.3,76.0,True,2.5,13.0
2025,Australian Grand Prix,OCO,Haas F1 Team,44.0,5.0,MEDIUM,5.0,93.574,30.003,18.857,44.714,263.0,290.0,281.0,291.0,12,False,16.4,19.3,76.0,True,2.5,14.0
2025,Australian Grand Prix,VER,Red Bull Racing,45.0,5.0,MEDIUM,11.0,92.874,29.993,18.865,44.016,274.0,292.0,281.0,277.0,21,False,16.1,19.3,77.0,True,3.5,1.0
2025,Australian Grand Prix,HAM,Ferrari,45.0,5.0,HARD,13.0,93.045,29.877,18.836,44.332,271.0,294.0,281.0,268.0,21,False,16.1,19.3,77.0,True,3.5,2.0
2025,Australian Grand Prix,TSU,Racing Bulls,45.0,5.0,MEDIUM,12.0,95.983,30.48,18.605,46.898,269.0,293.0,280.0,270.0,21,False,16.1,19.3,77.0,True,3.5,3.0
2025,Australian Grand Prix,GAS,Alpine,45.0,5.0,HARD,12.0,92.969,30.352,18.899,43.718,265.0,293.0,281.0,287.0,21,False,16.1,19.3,77.0,True,3.5,4.0
2025,Australian Grand Prix,LEC,Ferrari,45.0,5.0,HARD,12.0,91.269,29.782,18.516,42.971,271.0,285.0,285.0,280.0,21,False,16.1,19.3,77.0,True,3.5,5.0
2025,Australian Grand Prix,NOR,McLaren,45.0,6.0,INTERMEDIATE,1.0,96.407,37.17,18.913,40.324,273.0,297.0,299.0,223.0,21,False,16.1,19.3,77.0,True,3.5,6.0
2025,Australian Grand Prix,BEA,Haas F1 Team,44.0,5.0,MEDIUM,,122.961,30.419,19.282,73.26,268.0,292.0,,278.0,12,False,16.1,19.3,77.0,True,3.5,16.0
2025,Australian Grand Prix,LAW,Red Bull Racing,45.0,5.0,MEDIUM,12.0,97.844,31.402,18.773,47.669,276.0,290.0,279.0,289.0,21,False,16.1,19.3,77.0,True,3.5,7.0
2025,Australian Grand Prix,RUS,Mercedes,45.0,6.0,INTERMEDIATE,1.0,96.33,37.662,18.989,39.679,266.0,284.0,291.0,224.0,21,False,16.1,19.3,77.0,True,3.5,8.0
2025,Australian Grand Prix,ALB,Williams,45.0,6.0,INTERMEDIATE,1.0,96.573,37.246,18.881,40.446,270.0,307.0,291.0,219.0,21,False,16.1,19.3,77.0,True,3.5,9.0
2025,Australian Grand Prix,STR,Aston Martin,45.0,6.0,INTERMEDIATE,1.0,97.256,37.854,19.421,39.981,259.0,285.0,286.0,222.0,21,False,15.9,19.3,80.0,True,1.4,10.0
2025,Australian Grand Prix,ANT,Mercedes,45.0,6.0,INTERMEDIATE,1.0,95.593,37.157,19.091,39.345,263.0,291.0,299.0,223.0,21,False,15.9,19.3,80.0,True,1.4,11.0
2025,Australian Grand Prix,HUL,Kick Sauber,45.0,6.0,INTERMEDIATE,1.0,97.137,37.709,19.258,40.17,265.0,291.0,287.0,211.0,21,False,15.9,19.3,80.0,True,1.4,12.0
2025,Australian Grand Prix,BOR,Kick Sauber,45.0,6.0,INTERMEDIATE,1.0,96.255,37.176,19.099,39.98,261.0,281.0,285.0,209.0,21,False,15.9,19.3,80.0,True,1.4,13.0
2025,Australian Grand Prix,OCO,Haas F1 Team,45.0,5.0,MEDIUM,6.0,96.259,30.74,18.823,46.696,265.0,290.0,276.0,276.0,21,False,15.9,19.3,80.0,True,1.4,14.0
2025,Australian Grand Prix,HAM,Ferrari,46.0,5.0,HARD,14.0,96.714,30.967,19.082,46.665,269.0,291.0,272.0,276.0,1,False,15.7,19.3,80.0,True,1.8,1.0
2025,Australian Grand Prix,PIA,McLaren,45.0,6.0,INTERMEDIATE,1.0,98.184,36.775,19.084,42.325,263.0,285.0,295.0,216.0,1,False,15.7,19.3,80.0,True,1.8,15.0
2025,Australian Grand Prix,LEC,Ferrari,46.0,5.0,HARD,13.0,96.429,31.136,17.831,47.462,272.0,331.0,286.0,256.0,1,False,15.7,19.3,80.0,True,1.8,2.0
2025,Australian Grand Prix,NOR,McLaren,46.0,6.0,INTERMEDIATE,2.0,91.567,31.083,19.028,41.456,267.0,294.0,287.0,292.0,1,False,15.7,19.3,80.0,True,1.8,3.0
2025,Australian Grand Prix,TSU,Racing Bulls,46.0,5.0,MEDIUM,13.0,100.978,34.153,18.442,48.383,266.0,310.0,279.0,256.0,1,False,15.7,19.3,80.0,True,1.8,4.0
2025,Australian Grand Prix,VER,Red Bull Racing,46.0,5.0,MEDIUM,12.0,112.606,31.037,19.186,62.383,268.0,287.0,,266.0,1,False,15.7,19.3,80.0,True,1.8,5.0
2025,Australian Grand Prix,RUS,Mercedes,46.0,6.0,INTERMEDIATE,2.0,91.87,31.808,18.881,41.181,265.0,292.0,290.0,292.0,1,False,15.7,19.3,80.0,True,1.8,6.0
2025,Australian Grand Prix,ALB,Williams,46.0,6.0,INTERMEDIATE,2.0,92.795,31.869,18.953,41.973,263.0,318.0,296.0,272.0,1,False,15.7,19.3,80.0,True,1.8,7.0
2025,Australian Grand Prix,BEA,Haas F1 Team,45.0,6.0,INTERMEDIATE,1.0,101.777,38.459,19.274,44.044,269.0,247.0,280.0,219.0,1,False,15.7,19.3,80.0,True,1.8,16.0
2025,Australian Grand Prix,ANT,Mercedes,46.0,6.0,INTERMEDIATE,2.0,90.78,31.827,18.635,40.318,264.0,319.0,287.0,288.0,1,False,15.7,19.3,80.0,True,1.8,8.0
2025,Australian Grand Prix,LAW,Red Bull Racing,46.0,5.0,MEDIUM,13.0,99.457,32.773,19.003,47.681,270.0,290.0,269.0,263.0,1,False,15.7,19.3,80.0,True,1.8,9.0
2025,Australian Grand Prix,STR,Aston Martin,46.0,6.0,INTERMEDIATE,2.0,92.361,31.718,19.199,41.444,266.0,297.0,287.0,292.0,1,False,15.7,19.3,80.0,True,1.8,10.0
2025,Australian Grand Prix,GAS,Alpine,46.0,5.0,HARD,13.0,116.069,33.157,18.982,63.93,262.0,292.0,,262.0,1,False,15.7,19.3,80.0,True,1.8,11.0
2025,Australian Grand Prix,HUL,Kick Sauber,46.0,6.0,INTERMEDIATE,2.0,91.21,31.335,19.143,40.732,267.0,300.0,287.0,294.0,1,False,15.7,19.3,80.0,True,1.8,12.0
2025,Australian Grand Prix,OCO,Haas F1 Team,46.0,5.0,MEDIUM,7.0,141.745,40.828,23.639,77.278,233.0,205.0,,227.0,124,False,15.5,19.3,80.0,True,2.1,13.0
2025,Australian Grand Prix,PIA,McLaren,46.0,6.0,INTERMEDIATE,2.0,111.022,34.707,25.856,50.459,250.0,143.0,269.0,263.0,124,False,15.3,19.3,80.0,True,1.6,14.0
2025,Australian Grand Prix,NOR,McLaren,47.0,6.0,INTERMEDIATE,3.0,113.728,36.023,26.573,51.132,264.0,160.0,278.0,228.0,124,False,15.3,19.3,80.0,True,1.6,1.0
2025,Australian Grand Prix,VER,Red Bull Racing,47.0,6.0,INTERMEDIATE,1.0,127.213,40.7,31.56,54.953,249.0,227.0,257.0,224.0,124,False,15.3,19.3,80.0,True,1.6,2.0
2025,Australian Grand Prix,RUS,Mercedes,47.0,6.0,INTERMEDIATE,3.0,122.439,35.488,31.352,55.599,252.0,213.0,271.0,276.0,124,False,15.3,19.3,80.0,True,1.6,3.0
2025,Australian Grand Prix,ALB,Williams,47.0,6.0,INTERMEDIATE,3.0,125.49,35.865,32.418,57.207,250.0,197.0,282.0,245.0,124,False,15.3,19.3,80.0,True,1.6,4.0
2025,Australian Grand Prix,BEA,Haas F1 Team,46.0,6.0,INTERMEDIATE,2.0,125.498,35.08,32.355,58.063,247.0,181.0,256.0,248.0,124,False,15.3,19.3,80.0,True,1.6,15.0
2025,Australian Grand Prix,ANT,Mercedes,47.0,6.0,INTERMEDIATE,3.0,125.75,34.497,33.267,57.986,249.0,178.0,260.0,260.0,124,False,15.3,19.3,80.0,True,1.6,5.0
2025,Australian Grand Prix,STR,Aston Martin,47.0,6.0,INTERMEDIATE,3.0,125.678,34.89,33.105,57.683,225.0,177.0,279.0,229.0,124,False,15.3,19.3,80.0,True,1.6,6.0
2025,Australian Grand Prix,HUL,Kick Sauber,47.0,6.0,INTERMEDIATE,3.0,125.179,38.914,29.037,57.228,87.0,176.0,275.0,252.0,124,False,15.3,19.3,80.0,True,1.6,7.0
2025,Australian Grand Prix,GAS,Alpine,47.0,6.0,INTERMEDIATE,1.0,126.74,45.479,24.021,57.24,226.0,212.0,266.0,221.0,124,False,15.3,19.3,80.0,True,1.6,8.0
2025,Australian Grand Prix,OCO,Haas F1 Team,47.0,6.0,INTERMEDIATE,1.0,127.226,52.325,26.25,48.651,138.0,264.0,274.0,190.0,4,False,15.1,18.8,81.0,True,1.3,12.0
2025,Australian Grand Prix,PIA,McLaren,47.0,6.0,INTERMEDIATE,3.0,120.17,41.299,28.61,50.261,200.0,276.0,276.0,177.0,4,False,15.1,18.8,81.0,True,1.3,13.0
2025,Australian Grand Prix,NOR,McLaren,48.0,6.0,INTERMEDIATE,4.0,136.995,42.091,29.643,65.261,123.0,206.0,140.0,224.0,4,False,15.1,18.8,81.0,True,1.3,1.0
2025,Australian Grand Prix,VER,Red Bull Racing,48.0,6.0,INTERMEDIATE,2.0,122.406,38.909,23.85,59.647,247.0,117.0,168.0,192.0,4,False,15.1,18.8,81.0,True,1.3,2.0
2025,Australian Grand Prix,RUS,Mercedes,48.0,6.0,INTERMEDIATE,4.0,123.129,40.318,24.087,58.724,255.0,132.0,137.0,163.0,4,False,15.1,18.8,81.0,True,1.3,3.0
2025,Australian Grand Prix,ALB,Williams,48.0,6.0,INTERMEDIATE,4.0,119.008,39.533,21.649,57.826,246.0,208.0,173.0,198.0,4,False,15.1,18.8,81.0,True,1.3,4.0
2025,Australian Grand Prix,BEA,Haas F1 Team,47.0,6.0,INTERMEDIATE,3.0,118.594,39.315,22.038,57.241,235.0,263.0,175.0,215.0,4,False,15.1,18.8,81.0,True,1.3,14.0
2025,Australian Grand Prix,ANT,Mercedes,48.0,6.0,INTERMEDIATE,4.0,118.429,40.189,21.083,57.157,243.0,256.0,172.0,199.0,4,False,15.1,18.8,81.0,True,1.3,5.0
2025,Australian Grand Prix,STR,Aston Martin,48.0,6.0,INTERMEDIATE,4.0,119.297,40.496,21.252,57.549,241.0,244.0,204.0,172.0,4,False,15.1,18.8,81.0,True,1.3,6.0
2025,Australian Grand Prix,HUL,Kick Sauber,48.0,6.0,INTERMEDIATE,4.0,120.075,41.96,21.517,56.598,248.0,285.0,213.0,167.0,4,False,15.1,18.8,81.0,True,1.3,7.0
2025,Australian Grand Prix,GAS,Alpine,48.0,6.0,INTERMEDIATE,2.0,121.785,41.932,22.835,57.018,244.0,111.0,180.0,185.0,4,False,15.1,18.8,81.0,True,1.3,8.0
2025,Australian Grand Prix,HAM,Ferrari,48.0,6.0,INTERMEDIATE,1.0,119.219,44.112,22.186,52.921,237.0,262.0,185.0,190.0,4,False,15.1,18.8,81.0,True,1.3,9.0
2025,Australian Grand Prix,LEC,Ferrari,48.0,6.0,INTERMEDIATE,1.0,116.044,42.86,21.823,51.361,247.0,261.0,239.0,208.0,4,False,15.1,18.8,81.0,True,1.3,10.0
2025,Australian Grand Prix,TSU,Racing Bulls,48.0,6.0,INTERMEDIATE,1.0,116.286,44.076,21.954,50.256,232.0,276.0,247.0,183.0,4,False,15.1,18.8,81.0,True,1.3,11.0
2025,Australian Grand Prix,OCO,Haas F1 Team,48.0,6.0,INTERMEDIATE,2.0,106.416,40.046,20.638,45.732,249.0,284.0,278.0,216.0,4,False,15.1,18.8,83.0,True,0.7,12.0
2025,Australian Grand Prix,PIA,McLaren,48.0,6.0,INTERMEDIATE,4.0,102.413,37.344,20.296,44.773,251.0,292.0,284.0,150.0,4,False,15.1,18.8,83.0,True,0.7,13.0
2025,Australian Grand Prix,NOR,McLaren,49.0,6.0,INTERMEDIATE,5.0,144.979,52.528,32.458,59.993,216.0,134.0,235.0,147.0,4,False,15.1,18.8,82.0,False,2.2,1.0
2025,Australian Grand Prix,VER,Red Bull Racing,49.0,6.0,INTERMEDIATE,3.0,144.892,51.981,32.432,60.479,151.0,137.0,249.0,181.0,4,False,15.1,18.8,82.0,False,2.2,2.0
2025,Australian Grand Prix,RUS,Mercedes,49.0,6.0,INTERMEDIATE,5.0,144.163,52.027,31.92,60.216,149.0,128.0,266.0,128.0,4,False,15.1,18.8,82.0,False,2.2,3.0
2025,Australian Grand Prix,ALB,Williams,49.0,6.0,INTERMEDIATE,5.0,144.662,51.77,32.102,60.79,135.0,127.0,254.0,129.0,4,False,15.1,18.8,82.0,False,2.2,4.0
2025,Australian Grand Prix,BEA,Haas F1 Team,48.0,6.0,INTERMEDIATE,4.0,144.788,51.7,31.711,61.377,123.0,137.0,228.0,115.0,4,False,15.1,18.8,82.0,False,2.2,14.0
2025,Australian Grand Prix,ANT,Mercedes,49.0,6.0,INTERMEDIATE,5.0,144.964,51.54,31.716,61.708,137.0,147.0,235.0,115.0,4,False,15.1,18.8,83.0,False,1.3,5.0
2025,Australian Grand Prix,STR,Aston Martin,49.0,6.0,INTERMEDIATE,5.0,145.123,50.928,32.514,61.681,139.0,117.0,219.0,145.0,4,False,15.1,18.8,83.0,False,1.3,6.0
2025,Australian Grand Prix,HUL,Kick Sauber,49.0,6.0,INTERMEDIATE,5.0,144.804,50.498,32.115,62.191,161.0,111.0,233.0,140.0,4,False,15.1,18.8,83.0,False,1.3,7.0
2025,Australian Grand Prix,GAS,Alpine,49.0,6.0,INTERMEDIATE,3.0,144.669,48.264,32.422,63.983,131.0,137.0,231.0,204.0,4,False,15.1,18.8,83.0,False,1.3,8.0
2025,Australian Grand Prix,HAM,Ferrari,49.0,6.0,INTERMEDIATE,2.0,144.575,47.408,32.622,64.545,140.0,123.0,185.0,182.0,4,False,15.1,18.8,83.0,False,1.3,9.0
2025,Australian Grand Prix,LEC,Ferrari,49.0,6.0,INTERMEDIATE,2.0,142.777,45.441,32.69,64.646,176.0,131.0,237.0,168.0,4,False,15.1,18.8,83.0,False,1.3,10.0
2025,Australian Grand Prix,TSU,Racing Bulls,49.0,6.0,INTERMEDIATE,2.0,142.564,45.095,32.615,64.854,167.0,127.0,233.0,165.0,4,False,15.1,18.8,83.0,False,1.3,11.0
2025,Australian Grand Prix,OCO,Haas F1 Team,49.0,6.0,INTERMEDIATE,3.0,101.743,38.787,20.242,42.714,251.0,282.0,279.0,258.0,4,False,15.1,18.8,83.0,False,1.3,12.0
2025,Australian Grand Prix,PIA,McLaren,49.0,6.0,INTERMEDIATE,5.0,100.44,37.63,20.249,42.561,249.0,281.0,283.0,205.0,4,False,15.1,18.8,83.0,False,1.3,13.0
2025,Australian Grand Prix,BEA,Haas F1 Team,49.0,6.0,INTERMEDIATE,5.0,110.488,45.915,21.257,43.316,237.0,276.0,278.0,193.0,4,False,15.1,18.8,83.0,False,2.2,14.0
2025,Australian Grand Prix,NOR,McLaren,50.0,6.0,INTERMEDIATE,6.0,142.395,53.654,31.089,57.652,119.0,226.0,266.0,128.0,4,False,15.2,18.8,83.0,False,1.5,1.0
2025,Australian Grand Prix,VER,Red Bull Racing,50.0,6.0,INTERMEDIATE,4.0,142.085,52.682,32.177,57.226,145.0,206.0,252.0,127.0,4,False,15.2,18.8,83.0,False,1.5,2.0
2025,Australian Grand Prix,RUS,Mercedes,50.0,6.0,INTERMEDIATE,6.0,142.305,53.048,31.69,57.567,124.0,222.0,269.0,120.0,4,False,15.2,18.8,83.0,False,1.5,3.0
2025,Australian Grand Prix,ALB,Williams,50.0,6.0,INTERMEDIATE,6.0,141.482,52.815,31.26,57.407,108.0,200.0,265.0,137.0,4,False,15.2,18.8,83.0,False,1.5,4.0
2025,Australian Grand Prix,ANT,Mercedes,50.0,6.0,INTERMEDIATE,6.0,140.284,51.512,30.864,57.908,101.0,208.0,268.0,171.0,4,False,15.2,18.8,83.0,False,1.5,5.0
2025,Australian Grand Prix,STR,Aston Martin,50.0,6.0,INTERMEDIATE,6.0,139.57,50.984,31.146,57.44,84.0,190.0,265.0,170.0,4,False,15.2,18.8,83.0,False,1.5,6.0
2025,Australian Grand Prix,HUL,Kick Sauber,50.0,6.0,INTERMEDIATE,6.0,139.444,51.223,30.682,57.539,87.0,177.0,246.0,130.0,4,False,15.2,18.8,83.0,False,1.5,7.0
2025,Australian Grand Prix,GAS,Alpine,50.0,6.0,INTERMEDIATE,4.0,137.754,49.575,30.79,57.389,75.0,158.0,263.0,223.0,4,False,15.2,18.8,83.0,False,1.5,8.0
2025,Australian Grand Prix,HAM,Ferrari,50.0,6.0,INTERMEDIATE,3.0,137.095,49.8,29.673,57.622,95.0,168.0,244.0,225.0,4,False,15.2,18.8,83.0,False,1.5,9.0
2025,Australian Grand Prix,LEC,Ferrari,50.0,6.0,INTERMEDIATE,3.0,139.782,50.079,29.365,60.338,102.0,134.0,259.0,188.0,4,False,15.2,18.8,83.0,False,1.5,10.0
2025,Australian Grand Prix,TSU,Racing Bulls,50.0,6.0,INTERMEDIATE,3.0,140.101,49.609,29.727,60.765,105.0,156.0,236.0,187.0,4,False,15.2,18.8,83.0,False,1.5,11.0
2025,Australian Grand Prix,OCO,Haas F1 Team,50.0,6.0,INTERMEDIATE,4.0,122.853,35.793,26.509,60.551,247.0,141.0,220.0,256.0,4,False,15.2,18.8,83.0,False,1.5,12.0
2025,Australian Grand Prix,PIA,McLaren,50.0,6.0,INTERMEDIATE,6.0,123.732,34.861,26.734,62.137,244.0,134.0,244.0,266.0,4,False,15.2,18.8,83.0,False,1.5,13.0
2025,Australian Grand Prix,BEA,Haas F1 Team,50.0,6.0,INTERMEDIATE,6.0,96.187,33.885,20.099,42.203,256.0,283.0,279.0,258.0,4,False,15.1,18.8,81.0,False,1.8,14.0
2025,Australian Grand Prix,NOR,McLaren,51.0,6.0,INTERMEDIATE,7.0,134.178,46.614,29.935,57.629,230.0,231.0,283.0,193.0,41,False,15.1,18.8,80.0,False,1.5,1.0
2025,Australian Grand Prix,VER,Red Bull Racing,51.0,6.0,INTERMEDIATE,5.0,133.879,47.272,29.576,57.031,221.0,210.0,285.0,135.0,41,False,15.1,18.8,80.0,False,1.5,2.0
2025,Australian Grand Prix,RUS,Mercedes,51.0,6.0,INTERMEDIATE,7.0,133.149,47.256,29.53,56.363,201.0,197.0,286.0,162.0,41,False,15.1,18.8,80.0,False,1.5,3.0
2025,Australian Grand Prix,ALB,Williams,51.0,6.0,INTERMEDIATE,7.0,133.177,47.246,29.759,56.172,163.0,186.0,283.0,147.0,41,False,15.1,18.8,80.0,False,1.5,4.0
2025,Australian Grand Prix,ANT,Mercedes,51.0,6.0,INTERMEDIATE,7.0,132.971,46.897,29.666,56.408,149.0,172.0,284.0,148.0,41,False,15.1,18.8,80.0,False,1.5,5.0
2025,Australian Grand Prix,STR,Aston Martin,51.0,6.0,INTERMEDIATE,7.0,133.847,46.45,29.796,57.601,154.0,170.0,279.0,173.0,41,False,15.1,18.8,80.0,False,1.5,6.0
2025,Australian Grand Prix,HUL,Kick Sauber,51.0,6.0,INTERMEDIATE,7.0,132.717,46.37,29.224,57.123,185.0,202.0,277.0,175.0,41,False,15.1,18.8,80.0,False,1.5,7.0
2025,Australian Grand Prix,GAS,Alpine,51.0,6.0,INTERMEDIATE,5.0,131.745,46.466,28.377,56.902,225.0,217.0,285.0,138.0,41,False,15.1,18.8,80.0,False,1.5,8.0
2025,Australian Grand Prix,HAM,Ferrari,51.0,6.0,INTERMEDIATE,4.0,131.311,49.266,25.65,56.395,155.0,218.0,289.0,178.0,41,False,15.1,18.8,80.0,False,1.5,9.0
2025,Australian Grand Prix,LEC,Ferrari,51.0,6.0,INTERMEDIATE,4.0,127.996,46.891,25.694,55.411,123.0,199.0,292.0,218.0,41,False,15.1,18.8,80.0,False,1.5,10.0
2025,Australian Grand Prix,TSU,Racing Bulls,51.0,6.0,INTERMEDIATE,4.0,127.055,45.712,26.251,55.092,117.0,152.0,284.0,211.0,41,False,15.1,18.8,80.0,False,1.5,11.0
2025,Australian Grand Prix,PIA,McLaren,51.0,6.0,INTERMEDIATE,7.0,124.275,44.202,26.208,53.865,110.0,101.0,289.0,185.0,41,False,15.1,18.8,80.0,False,1.5,12.0
2025,Australian Grand Prix,OCO,Haas F1 Team,51.0,6.0,INTERMEDIATE,5.0,127.663,45.866,26.039,55.758,120.0,164.0,281.0,190.0,41,False,15.1,18.8,80.0,False,1.5,13.0
2025,Australian Grand Prix,BEA,Haas F1 Team,51.0,6.0,INTERMEDIATE,7.0,94.937,33.549,19.959,41.429,256.0,281.0,280.0,271.0,41,False,15.1,18.7,78.0,False,1.4,14.0
2025,Australian Grand Prix,NOR,McLaren,52.0,6.0,INTERMEDIATE,8.0,93.198,33.533,19.49,40.175,263.0,293.0,286.0,268.0,1,False,15.2,18.7,77.0,False,1.6,1.0
2025,Australian Grand Prix,VER,Red Bull Racing,52.0,6.0,INTERMEDIATE,6.0,93.864,34.079,19.408,40.377,267.0,293.0,286.0,244.0,1,False,15.2,18.7,77.0,False,1.6,2.0
2025,Australian Grand Prix,RUS,Mercedes,52.0,6.0,INTERMEDIATE,8.0,94.334,33.99,19.388,40.956,267.0,302.0,289.0,242.0,1,False,15.2,18.7,77.0,False,1.6,3.0
2025,Australian Grand Prix,ALB,Williams,52.0,6.0,INTERMEDIATE,8.0,94.996,34.191,19.708,41.097,265.0,300.0,289.0,240.0,1,False,15.2,18.7,77.0,False,1.6,4.0
2025,Australian Grand Prix,ANT,Mercedes,52.0,6.0,INTERMEDIATE,8.0,95.008,34.277,19.53,41.201,265.0,299.0,286.0,253.0,1,False,15.2,18.7,77.0,False,1.6,5.0
2025,Australian Grand Prix,STR,Aston Martin,52.0,6.0,INTERMEDIATE,8.0,95.395,34.809,19.564,41.022,262.0,295.0,286.0,257.0,1,False,15.2,18.7,77.0,False,1.6,6.0
2025,Australian Grand Prix,HUL,Kick Sauber,52.0,6.0,INTERMEDIATE,8.0,95.935,35.346,19.5,41.089,265.0,301.0,287.0,236.0,1,False,15.2,18.7,77.0,False,1.6,7.0
2025,Australian Grand Prix,GAS,Alpine,52.0,6.0,INTERMEDIATE,6.0,96.326,35.475,19.5,41.351,260.0,303.0,287.0,233.0,1,False,15.2,18.7,77.0,False,1.6,8.0
2025,Australian Grand Prix,LEC,Ferrari,52.0,6.0,INTERMEDIATE,5.0,96.38,35.427,19.167,41.786,264.0,295.0,289.0,239.0,1,False,15.2,18.7,77.0,False,1.6,9.0
2025,Australian Grand Prix,HAM,Ferrari,52.0,6.0,INTERMEDIATE,5.0,97.051,36.302,19.305,41.444,261.0,304.0,289.0,239.0,1,False,15.2,18.7,77.0,False,1.6,10.0
2025,Australian Grand Prix,TSU,Racing Bulls,52.0,6.0,INTERMEDIATE,5.0,97.809,35.918,19.545,42.346,262.0,307.0,285.0,225.0,1,False,15.2,18.7,77.0,False,1.6,11.0
2025,Australian Grand Prix,PIA,McLaren,52.0,6.0,INTERMEDIATE,8.0,97.224,36.897,19.713,40.614,262.0,301.0,293.0,243.0,1,False,15.2,18.7,77.0,False,1.6,12.0
2025,Australian Grand Prix,OCO,Haas F1 Team,52.0,6.0,INTERMEDIATE,6.0,98.747,35.981,19.771,42.995,257.0,283.0,284.0,223.0,1,False,15.2,18.7,77.0,False,1.6,13.0
2025,Australian Grand Prix,BEA,Haas F1 Team,52.0,6.0,INTERMEDIATE,8.0,93.258,32.933,19.588,40.737,254.0,278.0,281.0,274.0,1,False,15.2,18.7,77.0,False,1.6,14.0
2025,Australian Grand Prix,NOR,McLaren,53.0,6.0,INTERMEDIATE,9.0,90.482,32.025,19.219,39.238,267.0,287.0,289.0,290.0,1,False,15.4,18.7,77.0,False,2.3,1.0
2025,Australian Grand Prix,VER,Red Bull Racing,53.0,6.0,INTERMEDIATE,7.0,90.859,32.113,19.031,39.715,270.0,292.0,286.0,273.0,1,False,15.4,18.7,77.0,False,2.3,2.0
2025,Australian Grand Prix,RUS,Mercedes,53.0,6.0,INTERMEDIATE,9.0,91.177,32.409,19.021,39.747,272.0,298.0,289.0,272.0,1,False,15.4,18.7,77.0,False,2.3,3.0
2025,Australian Grand Prix,ALB,Williams,53.0,6.0,INTERMEDIATE,9.0,91.917,32.586,19.108,40.223,268.0,294.0,288.0,260.0,1,False,15.4,18.7,77.0,False,2.3,4.0
2025,Australian Grand Prix,ANT,Mercedes,53.0,6.0,INTERMEDIATE,9.0,91.398,32.679,19.001,39.718,269.0,297.0,288.0,280.0,1,False,15.4,18.7,77.0,False,2.3,5.0
2025,Australian Grand Prix,STR,Aston Martin,53.0,6.0,INTERMEDIATE,9.0,91.558,32.677,19.155,39.726,263.0,288.0,285.0,274.0,1,False,15.4,18.7,77.0,False,2.3,6.0
2025,Australian Grand Prix,HUL,Kick Sauber,53.0,6.0,INTERMEDIATE,9.0,91.815,32.726,19.124,39.965,266.0,298.0,287.0,275.0,1,False,15.4,18.7,77.0,False,2.3,7.0
2025,Australian Grand Prix,GAS,Alpine,53.0,6.0,INTERMEDIATE,7.0,92.297,32.856,19.045,40.396,258.0,300.0,280.0,258.0,1,False,15.4,18.7,77.0,False,2.3,8.0
2025,Australian Grand Prix,LEC,Ferrari,53.0,6.0,INTERMEDIATE,6.0,92.731,32.685,18.763,41.283,268.0,301.0,288.0,261.0,1,False,15.4,18.7,77.0,False,2.3,9.0
2025,Australian Grand Prix,HAM,Ferrari,53.0,6.0,INTERMEDIATE,6.0,93.039,32.86,18.86,41.319,270.0,308.0,287.0,269.0,1,False,15.4,18.7,77.0,False,2.3,10.0
2025,Australian Grand Prix,PIA,McLaren,53.0,6.0,INTERMEDIATE,9.0,91.809,32.931,19.045,39.833,264.0,294.0,289.0,272.0,1,False,15.4,18.7,77.0,False,2.3,11.0
2025,Australian Grand Prix,TSU,Racing Bulls,53.0,6.0,INTERMEDIATE,6.0,94.836,34.723,19.01,41.103,268.0,301.0,285.0,255.0,1,False,15.4,18.7,77.0,False,2.3,12.0
2025,Australian Grand Prix,OCO,Haas F1 Team,53.0,6.0,INTERMEDIATE,7.0,94.582,34.133,19.343,41.106,262.0,293.0,284.0,250.0,1,False,15.4,18.7,77.0,False,2.3,13.0
2025,Australian Grand Prix,BEA,Haas F1 Team,53.0,6.0,INTERMEDIATE,9.0,91.366,31.993,19.286,40.087,269.0,292.0,283.0,287.0,1,False,15.6,18.7,75.0,False,2.6,14.0
2025,Australian Grand Prix,NOR,McLaren,54.0,6.0,INTERMEDIATE,10.0,89.428,31.71,18.906,38.812,272.0,293.0,288.0,289.0,1,False,15.8,18.7,76.0,False,1.3,1.0
2025,Australian Grand Prix,VER,Red Bull Racing,54.0,6.0,INTERMEDIATE,8.0,89.1,31.437,18.688,38.975,274.0,296.0,287.0,273.0,1,False,15.8,18.7,76.0,False,1.3,2.0
2025,Australian Grand Prix,RUS,Mercedes,54.0,6.0,INTERMEDIATE,10.0,90.41,32.048,18.908,39.454,274.0,299.0,289.0,284.0,1,False,15.8,18.7,76.0,False,1.3,3.0
2025,Australian Grand Prix,ALB,Williams,54.0,6.0,INTERMEDIATE,10.0,90.587,32.122,19.072,39.393,271.0,297.0,290.0,261.0,1,False,15.8,18.7,76.0,False,1.3,4.0
2025,Australian Grand Prix,ANT,Mercedes,54.0,6.0,INTERMEDIATE,10.0,90.562,32.258,18.783,39.521,270.0,305.0,300.0,289.0,1,False,15.8,18.7,76.0,False,1.3,5.0
2025,Australian Grand Prix,STR,Aston Martin,54.0,6.0,INTERMEDIATE,10.0,90.794,32.101,19.054,39.639,269.0,297.0,287.0,289.0,1,False,15.8,18.7,76.0,False,1.3,6.0
2025,Australian Grand Prix,HUL,Kick Sauber,54.0,6.0,INTERMEDIATE,10.0,90.994,32.446,19.07,39.478,264.0,291.0,288.0,284.0,1,False,15.8,18.7,76.0,False,1.3,7.0
2025,Australian Grand Prix,LEC,Ferrari,54.0,6.0,INTERMEDIATE,7.0,91.082,32.942,18.901,39.239,267.0,290.0,289.0,272.0,1,False,15.8,18.7,76.0,False,1.3,8.0
2025,Australian Grand Prix,HAM,Ferrari,54.0,6.0,INTERMEDIATE,7.0,91.265,32.77,18.803,39.692,266.0,298.0,298.0,272.0,1,False,15.8,18.7,76.0,False,1.3,9.0
2025,Australian Grand Prix,GAS,Alpine,54.0,6.0,INTERMEDIATE,8.0,94.967,35.345,19.237,40.385,259.0,300.0,286.0,277.0,1,False,15.8,18.7,76.0,False,1.3,10.0
2025,Australian Grand Prix,PIA,McLaren,54.0,6.0,INTERMEDIATE,10.0,92.507,32.689,19.188,40.63,258.0,299.0,302.0,285.0,1,False,15.8,18.7,76.0,False,1.3,11.0
2025,Australian Grand Prix,TSU,Racing Bulls,54.0,6.0,INTERMEDIATE,7.0,92.363,32.73,18.917,40.716,270.0,304.0,286.0,258.0,1,False,15.8,18.7,76.0,False,1.3,12.0
2025,Australian Grand Prix,OCO,Haas F1 Team,54.0,6.0,INTERMEDIATE,8.0,93.152,32.927,19.345,40.88,266.0,296.0,284.0,269.0,1,False,15.8,18.7,76.0,False,1.3,13.0
2025,Australian Grand Prix,BEA,Haas F1 Team,54.0,6.0,INTERMEDIATE,10.0,90.49,31.429,19.147,39.914,269.0,293.0,283.0,289.0,1,False,15.8,18.7,76.0,False,1.3,14.0
2025,Australian Grand Prix,NOR,McLaren,55.0,6.0,INTERMEDIATE,11.0,89.195,30.994,19.466,38.735,273.0,297.0,288.0,295.0,1,False,15.9,18.7,74.0,False,1.5,1.0
2025,Australian Grand Prix,VER,Red Bull Racing,55.0,6.0,INTERMEDIATE,9.0,88.538,30.812,18.798,38.928,276.0,302.0,299.0,284.0,1,False,15.9,18.7,74.0,False,1.5,2.0
2025,Australian Grand Prix,RUS,Mercedes,55.0,6.0,INTERMEDIATE,11.0,90.076,31.595,18.924,39.557,275.0,299.0,289.0,292.0,1,False,15.9,18.7,74.0,False,1.5,3.0
2025,Australian Grand Prix,ALB,Williams,55.0,6.0,INTERMEDIATE,11.0,90.301,31.82,19.049,39.432,271.0,298.0,289.0,270.0,1,False,15.9,18.7,74.0,False,1.5,4.0
2025,Australian Grand Prix,ANT,Mercedes,55.0,6.0,INTERMEDIATE,11.0,90.602,31.97,18.49,40.142,271.0,310.0,299.0,286.0,1,False,15.9,18.7,74.0,False,1.5,5.0
2025,Australian Grand Prix,STR,Aston Martin,55.0,6.0,INTERMEDIATE,11.0,90.387,31.722,19.151,39.514,272.0,298.0,287.0,296.0,1,False,15.9,18.7,74.0,False,1.5,6.0
2025,Australian Grand Prix,HUL,Kick Sauber,55.0,6.0,INTERMEDIATE,11.0,90.437,31.527,18.83,40.08,266.0,301.0,288.0,291.0,1,False,15.9,18.7,74.0,False,1.5,7.0
2025,Australian Grand Prix,LEC,Ferrari,55.0,6.0,INTERMEDIATE,8.0,89.975,31.892,18.59,39.493,268.0,291.0,289.0,285.0,1,False,15.9,18.7,74.0,False,1.5,8.0
2025,Australian Grand Prix,HAM,Ferrari,55.0,6.0,INTERMEDIATE,8.0,89.874,31.41,18.451,40.013,272.0,321.0,298.0,277.0,1,False,15.9,18.7,74.0,False,1.5,9.0
2025,Australian Grand Prix,PIA,McLaren,55.0,6.0,INTERMEDIATE,11.0,90.051,31.795,18.949,39.307,267.0,293.0,289.0,260.0,1,False,15.9,18.7,74.0,False,1.5,10.0
2025,Australian Grand Prix,GAS,Alpine,55.0,6.0,INTERMEDIATE,9.0,92.316,33.195,19.199,39.922,262.0,293.0,286.0,269.0,1,False,15.9,18.7,74.0,False,1.5,11.0
2025,Australian Grand Prix,TSU,Racing Bulls,55.0,6.0,INTERMEDIATE,8.0,91.891,32.22,18.926,40.745,271.0,304.0,286.0,261.0,1,False,15.9,18.7,74.0,False,1.5,12.0
2025,Australian Grand Prix,OCO,Haas F1 Team,55.0,6.0,INTERMEDIATE,9.0,92.26,32.69,19.264,40.306,262.0,291.0,285.0,269.0,1,False,15.9,18.7,74.0,False,1.5,13.0
2025,Australian Grand Prix,BEA,Haas F1 Team,55.0,6.0,INTERMEDIATE,11.0,91.284,31.538,19.483,40.263,267.0,292.0,282.0,287.0,1,False,16.0,18.7,71.0,False,1.2,14.0
2025,Australian Grand Prix,NOR,McLaren,56.0,6.0,INTERMEDIATE,12.0,87.996,30.804,18.717,38.475,273.0,295.0,288.0,293.0,1,False,16.1,18.7,72.0,False,0.8,1.0
2025,Australian Grand Prix,VER,Red Bull Racing,56.0,6.0,INTERMEDIATE,10.0,87.921,30.695,18.32,38.906,282.0,321.0,300.0,280.0,1,False,16.1,18.7,72.0,False,0.8,2.0
2025,Australian Grand Prix,RUS,Mercedes,56.0,6.0,INTERMEDIATE,12.0,89.454,31.449,18.852,39.153,274.0,299.0,290.0,278.0,1,False,16.1,18.7,72.0,False,0.8,3.0
2025,Australian Grand Prix,ANT,Mercedes,56.0,6.0,INTERMEDIATE,12.0,88.149,31.023,18.341,38.785,275.0,323.0,288.0,293.0,1,False,16.1,18.7,72.0,False,0.8,4.0
2025,Australian Grand Prix,ALB,Williams,56.0,6.0,INTERMEDIATE,12.0,90.298,31.241,18.867,40.19,276.0,302.0,291.0,267.0,1,False,16.1,18.7,72.0,False,0.8,5.0
2025,Australian Grand Prix,STR,Aston Martin,56.0,6.0,INTERMEDIATE,12.0,90.323,31.618,19.17,39.535,274.0,299.0,286.0,285.0,1,False,16.1,18.7,72.0,False,0.8,6.0
2025,Australian Grand Prix,HUL,Kick Sauber,56.0,6.0,INTERMEDIATE,12.0,90.36,31.692,18.902,39.766,269.0,297.0,287.0,289.0,1,False,16.1,18.7,72.0,False,0.8,7.0
2025,Australian Grand Prix,LEC,Ferrari,56.0,6.0,INTERMEDIATE,9.0,89.801,31.38,18.561,39.86,274.0,299.0,289.0,277.0,1,False,16.1,18.7,72.0,False,0.8,8.0
2025,Australian Grand Prix,HAM,Ferrari,56.0,6.0,INTERMEDIATE,9.0,90.095,31.448,18.823,39.824,272.0,300.0,288.0,280.0,1,False,16.1,18.7,72.0,False,0.8,9.0
2025,Australian Grand Prix,PIA,McLaren,56.0,6.0,INTERMEDIATE,12.0,88.559,30.605,18.722,39.232,275.0,295.0,292.0,295.0,1,False,16.1,18.7,72.0,False,0.8,10.0
2025,Australian Grand Prix,GAS,Alpine,56.0,6.0,INTERMEDIATE,10.0,90.866,31.867,19.159,39.84,261.0,289.0,285.0,265.0,1,False,16.1,18.7,72.0,False,0.8,11.0
2025,Australian Grand Prix,TSU,Racing Bulls,56.0,6.0,INTERMEDIATE,9.0,91.524,32.151,18.97,40.403,274.0,301.0,286.0,272.0,1,False,16.1,18.7,72.0,False,0.8,12.0
2025,Australian Grand Prix,OCO,Haas F1 Team,56.0,6.0,INTERMEDIATE,10.0,91.913,32.451,19.168,40.294,262.0,290.0,283.0,281.0,1,False,16.1,18.7,72.0,False,0.8,13.0
2025,Australian Grand Prix,BEA,Haas F1 Team,56.0,6.0,INTERMEDIATE,12.0,90.226,31.349,19.207,39.67,268.0,294.0,283.0,290.0,1,False,16.1,18.7,72.0,False,0.8,14.0
2025,Australian Grand Prix,NOR,McLaren,57.0,6.0,INTERMEDIATE,13.0,87.126,30.396,18.664,38.066,274.0,299.0,289.0,300.0,1,False,16.1,18.7,72.0,False,1.4,1.0
2025,Australian Grand Prix,VER,Red Bull Racing,57.0,6.0,INTERMEDIATE,11.0,87.4,30.421,18.285,38.694,282.0,321.0,287.0,293.0,1,False,16.1,18.7,72.0,False,1.4,2.0
2025,Australian Grand Prix,RUS,Mercedes,57.0,6.0,INTERMEDIATE,13.0,89.117,31.356,18.721,39.04,274.0,300.0,292.0,289.0,1,False,16.1,18.7,72.0,False,1.4,3.0
2025,Australian Grand Prix,ANT,Mercedes,57.0,6.0,INTERMEDIATE,13.0,88.65,31.048,18.709,38.893,274.0,301.0,288.0,291.0,1,False,16.1,18.7,72.0,False,1.4,4.0
2025,Australian Grand Prix,ALB,Williams,57.0,6.0,INTERMEDIATE,13.0,89.944,31.494,18.857,39.593,277.0,300.0,289.0,264.0,1,False,16.1,18.7,72.0,False,1.4,5.0
2025,Australian Grand Prix,STR,Aston Martin,57.0,6.0,INTERMEDIATE,13.0,90.957,31.819,19.209,39.929,272.0,298.0,286.0,288.0,1,False,16.1,18.7,72.0,False,1.4,6.0
2025,Australian Grand Prix,HUL,Kick Sauber,57.0,6.0,INTERMEDIATE,13.0,90.86,31.739,19.048,40.073,269.0,301.0,282.0,290.0,1,False,16.1,18.7,72.0,False,1.4,7.0
2025,Australian Grand Prix,LEC,Ferrari,57.0,6.0,INTERMEDIATE,10.0,90.964,31.616,18.907,40.441,273.0,300.0,289.0,290.0,1,False,16.1,18.7,72.0,False,1.4,8.0
2025,Australian Grand Prix,PIA,McLaren,57.0,6.0,INTERMEDIATE,13.0,89.517,31.475,18.119,39.923,275.0,319.0,302.0,296.0,1,False,16.1,18.7,72.0,False,1.4,9.0
2025,Australian Grand Prix,HAM,Ferrari,57.0,6.0,INTERMEDIATE,10.0,92.418,31.658,18.758,42.002,272.0,302.0,268.0,283.0,1,False,16.1,18.7,72.0,False,1.4,10.0
2025,Australian Grand Prix,GAS,Alpine,57.0,6.0,INTERMEDIATE,11.0,91.312,31.774,19.075,40.463,264.0,291.0,285.0,269.0,1,False,16.1,18.7,72.0,False,1.4,11.0
2025,Australian Grand Prix,TSU,Racing Bulls,57.0,6.0,INTERMEDIATE,10.0,91.511,31.959,19.035,40.517,273.0,301.0,287.0,282.0,1,False,16.1,18.7,72.0,False,1.4,12.0
2025,Australian Grand Prix,OCO,Haas F1 Team,57.0,6.0,INTERMEDIATE,11.0,90.924,32.076,19.022,39.826,266.0,294.0,285.0,278.0,1,False,16.2,18.7,72.0,False,2.4,13.0
2025,Australian Grand Prix,BEA,Haas F1 Team,57.0,6.0,INTERMEDIATE,13.0,90.553,31.384,19.175,39.994,265.0,288.0,286.0,282.0,1,False,16.2,18.7,72.0,False,2.4,14.0
