Year,GrandPrix,Driver,Team,LapNumber,Stint,Compound,TyreLife,LapTimeSeconds,Sector1TimeSeconds,Sector2TimeSeconds,Sector3TimeSeconds,SpeedI1,SpeedI2,SpeedFL,SpeedST,TrackStatus,IsPersonalBest,AirTemp,TrackTemp,Humidity,Rainfall,WindSpeed,Position
2025,British Grand Prix,VER,Red Bull Racing,1.0,1.0,INTERMEDIATE,1.0,105.82,,41.707,28.921,299.0,242.0,216.0,304.0,12,False,18.5,24.5,82.0,False,1.0,1.0
2025,British Grand Prix,PIA,McLaren,1.0,1.0,INTERMEDIATE,1.0,106.554,,41.49,28.951,298.0,243.0,210.0,298.0,12,False,18.5,24.5,82.0,False,1.0,2.0
2025,British Grand Prix,NOR,McLaren,1.0,1.0,INTERMEDIATE,1.0,108.196,,42.322,29.525,295.0,231.0,214.0,299.0,12,False,18.5,24.5,82.0,False,1.0,3.0
2025,British Grand Prix,HAM,Ferrari,1.0,1.0,INTERMEDIATE,1.0,108.827,,42.254,29.916,291.0,240.0,201.0,309.0,12,False,18.5,24.5,82.0,False,1.0,4.0
2025,British Grand Prix,GAS,Alpine,1.0,1.0,INTERMEDIATE,1.0,109.058,,42.619,29.224,297.0,240.0,204.0,306.0,12,False,18.5,24.5,82.0,False,1.0,5.0
2025,British Grand Prix,ALO,Aston Martin,1.0,1.0,INTERMEDIATE,1.0,110.468,,43.067,29.963,288.0,233.0,205.0,294.0,12,False,18.5,24.5,82.0,False,1.0,6.0
2025,British Grand Prix,SAI,Williams,1.0,1.0,INTERMEDIATE,1.0,111.254,,43.19,30.173,288.0,240.0,199.0,307.0,12,False,18.5,24.5,82.0,False,1.0,7.0
2025,British Grand Prix,ANT,Mercedes,1.0,1.0,INTERMEDIATE,1.0,111.613,,42.82,30.063,299.0,240.0,198.0,308.0,12,False,18.5,24.5,82.0,False,1.0,8.0
2025,British Grand Prix,ALB,Williams,1.0,1.0,INTERMEDIATE,1.0,112.18,,43.343,30.001,287.0,241.0,205.0,302.0,12,False,18.5,24.5,82.0,False,1.0,9.0
2025,British Grand Prix,TSU,Red Bull Racing,1.0,1.0,INTERMEDIATE,1.0,112.897,,42.999,29.852,293.0,242.0,208.0,308.0,12,False,18.5,24.5,82.0,False,1.0,10.0
2025,British Grand Prix,HUL,Kick Sauber,1.0,1.0,INTERMEDIATE,1.0,113.433,,43.027,29.856,299.0,234.0,204.0,299.0,12,False,18.5,24.5,82.0,False,1.0,11.0
2025,British Grand Prix,STR,Aston Martin,1.0,1.0,INTERMEDIATE,1.0,114.213,,43.719,30.011,291.0,231.0,198.0,305.0,12,False,18.5,24.5,82.0,False,1.0,12.0
2025,British Grand Prix,OCO,Haas F1 Team,1.0,1.0,INTERMEDIATE,1.0,114.646,,43.16,30.045,272.0,240.0,202.0,299.0,12,False,18.5,24.5,82.0,False,1.0,13.0
2025,British Grand Prix,RUS,Mercedes,1.0,1.0,HARD,1.0,130.567,,46.483,37.692,272.0,207.0,140.0,249.0,126,False,18.5,24.5,82.0,False,1.0,14.0
2025,British Grand Prix,LEC,Ferrari,1.0,1.0,MEDIUM,1.0,131.978,,46.019,38.067,259.0,197.0,120.0,280.0,126,False,18.5,24.5,82.0,False,1.0,15.0
2025,British Grand Prix,HAD,Racing Bulls,1.0,1.0,MEDIUM,1.0,133.171,,45.799,37.873,266.0,204.0,140.0,277.0,126,False,18.5,24.5,82.0,False,1.0,16.0
2025,British Grand Prix,BOR,Kick Sauber,1.0,1.0,MEDIUM,1.0,135.202,,46.265,38.544,260.0,197.0,128.0,267.0,126,False,18.5,24.5,82.0,False,1.0,17.0
2025,British Grand Prix,BEA,Haas F1 Team,1.0,1.0,HARD,1.0,136.342,,46.851,38.669,263.0,199.0,141.0,291.0,126,False,18.5,24.5,82.0,False,1.0,18.0
2025,British Grand Prix,VER,Red Bull Racing,2.0,1.0,INTERMEDIATE,2.0,135.598,45.755,53.7,36.143,110.0,223.0,158.0,257.0,26,True,18.4,24.5,80.0,False,1.5,1.0
2025,British Grand Prix,PIA,McLaren,2.0,1.0,INTERMEDIATE,2.0,135.131,48.156,51.266,35.709,120.0,226.0,166.0,266.0,26,True,18.4,24.5,80.0,False,1.5,2.0
2025,British Grand Prix,NOR,McLaren,2.0,1.0,INTERMEDIATE,2.0,136.245,49.795,49.624,36.826,138.0,226.0,135.0,241.0,26,True,18.4,24.5,80.0,False,1.5,3.0
2025,British Grand Prix,ANT,Mercedes,2.0,1.0,INTERMEDIATE,2.0,133.229,57.948,46.64,28.641,100.0,227.0,,270.0,26,False,18.4,24.5,80.0,False,1.5,4.0
2025,British Grand Prix,HAM,Ferrari,2.0,1.0,INTERMEDIATE,2.0,137.611,52.654,49.054,35.903,118.0,218.0,115.0,264.0,26,True,18.4,24.5,80.0,False,1.5,5.0
2025,British Grand Prix,GAS,Alpine,2.0,1.0,INTERMEDIATE,2.0,138.221,54.906,48.049,35.266,96.0,195.0,111.0,281.0,26,True,18.4,24.5,80.0,False,1.5,6.0
2025,British Grand Prix,ALO,Aston Martin,2.0,1.0,INTERMEDIATE,2.0,137.676,55.28,47.964,34.432,115.0,229.0,121.0,292.0,26,True,18.4,24.5,80.0,False,1.5,7.0
2025,British Grand Prix,SAI,Williams,2.0,1.0,INTERMEDIATE,2.0,138.077,57.172,47.311,33.594,117.0,225.0,104.0,279.0,26,True,18.4,24.5,80.0,False,1.5,8.0
2025,British Grand Prix,ALB,Williams,2.0,1.0,INTERMEDIATE,2.0,138.765,58.205,47.127,33.433,114.0,230.0,107.0,294.0,26,True,18.4,24.5,80.0,False,1.5,9.0
2025,British Grand Prix,TSU,Red Bull Racing,2.0,1.0,INTERMEDIATE,2.0,138.902,58.609,48.368,31.925,104.0,219.0,117.0,283.0,26,True,18.4,24.5,80.0,False,1.5,10.0
2025,British Grand Prix,HUL,Kick Sauber,2.0,1.0,INTERMEDIATE,2.0,139.63,58.82,49.952,30.858,98.0,224.0,139.0,280.0,26,True,18.4,24.5,80.0,False,1.5,11.0
2025,British Grand Prix,STR,Aston Martin,2.0,1.0,INTERMEDIATE,2.0,139.999,58.9,49.857,31.242,102.0,224.0,145.0,275.0,26,True,18.4,24.5,80.0,False,1.5,12.0
2025,British Grand Prix,OCO,Haas F1 Team,2.0,1.0,INTERMEDIATE,2.0,140.933,59.547,49.833,31.553,91.0,220.0,167.0,277.0,26,True,18.4,24.5,80.0,False,1.5,13.0
2025,British Grand Prix,RUS,Mercedes,2.0,1.0,HARD,2.0,136.938,47.756,52.218,36.964,136.0,201.0,157.0,238.0,6,True,18.4,24.5,80.0,False,1.5,14.0
2025,British Grand Prix,LEC,Ferrari,2.0,1.0,MEDIUM,2.0,137.868,47.82,53.895,36.153,157.0,173.0,157.0,255.0,6,True,18.4,24.5,80.0,False,1.5,15.0
2025,British Grand Prix,HAD,Racing Bulls,2.0,1.0,MEDIUM,2.0,138.715,48.422,52.429,37.864,143.0,190.0,152.0,220.0,6,True,18.4,24.5,80.0,False,1.5,16.0
2025,British Grand Prix,BOR,Kick Sauber,2.0,1.0,MEDIUM,2.0,137.78,47.212,52.669,37.899,140.0,191.0,152.0,225.0,6,True,18.4,24.5,80.0,False,1.5,17.0
2025,British Grand Prix,BEA,Haas F1 Team,2.0,1.0,HARD,2.0,137.12,46.816,52.406,37.898,140.0,202.0,144.0,255.0,6,True,18.4,24.5,80.0,False,1.5,18.0
2025,British Grand Prix,VER,Red Bull Racing,3.0,1.0,INTERMEDIATE,3.0,137.357,48.885,50.924,37.548,123.0,211.0,136.0,187.0,6,False,18.6,24.8,78.0,False,1.1,1.0
2025,British Grand Prix,PIA,McLaren,3.0,1.0,INTERMEDIATE,3.0,137.795,50.555,49.592,37.648,135.0,208.0,128.0,138.0,6,False,18.6,24.8,78.0,False,1.1,2.0
2025,British Grand Prix,NOR,McLaren,3.0,1.0,INTERMEDIATE,3.0,137.443,50.956,48.037,38.45,114.0,168.0,113.0,145.0,6,False,18.6,24.8,78.0,False,1.1,3.0
2025,British Grand Prix,HAM,Ferrari,3.0,1.0,INTERMEDIATE,3.0,136.362,49.759,50.37,36.233,118.0,217.0,150.0,181.0,6,True,18.6,24.8,78.0,False,1.1,4.0
2025,British Grand Prix,GAS,Alpine,3.0,1.0,INTERMEDIATE,3.0,137.418,50.783,51.569,35.066,98.0,205.0,145.0,286.0,6,True,18.6,24.8,78.0,False,1.1,5.0
2025,British Grand Prix,ALO,Aston Martin,3.0,1.0,INTERMEDIATE,3.0,137.227,50.884,50.838,35.505,100.0,223.0,174.0,276.0,6,True,18.6,24.8,78.0,False,1.1,6.0
2025,British Grand Prix,SAI,Williams,3.0,1.0,INTERMEDIATE,3.0,137.24,50.557,51.1,35.583,100.0,220.0,141.0,283.0,6,True,18.6,24.8,78.0,False,1.1,7.0
2025,British Grand Prix,ALB,Williams,3.0,1.0,INTERMEDIATE,3.0,136.656,50.169,51.169,35.318,108.0,204.0,133.0,285.0,6,True,18.6,24.8,78.0,False,1.1,8.0
2025,British Grand Prix,TSU,Red Bull Racing,3.0,1.0,INTERMEDIATE,3.0,136.524,50.178,51.122,35.224,119.0,194.0,122.0,278.0,67,True,18.6,24.8,78.0,False,1.1,9.0
2025,British Grand Prix,HUL,Kick Sauber,3.0,1.0,INTERMEDIATE,3.0,135.863,50.13,50.554,35.179,130.0,190.0,127.0,281.0,67,True,18.6,24.8,78.0,False,1.1,10.0
2025,British Grand Prix,STR,Aston Martin,3.0,1.0,INTERMEDIATE,3.0,135.927,50.266,50.259,35.402,120.0,165.0,132.0,281.0,67,True,18.6,24.8,78.0,False,1.1,11.0
2025,British Grand Prix,OCO,Haas F1 Team,3.0,1.0,INTERMEDIATE,3.0,135.573,50.081,49.943,35.549,124.0,213.0,145.0,266.0,67,True,18.6,24.8,78.0,False,1.1,12.0
2025,British Grand Prix,RUS,Mercedes,3.0,1.0,HARD,3.0,136.427,46.174,52.268,37.985,92.0,205.0,165.0,158.0,671,True,18.7,24.8,75.0,False,1.3,14.0
2025,British Grand Prix,LEC,Ferrari,3.0,1.0,MEDIUM,3.0,135.872,45.563,51.923,38.386,112.0,191.0,163.0,146.0,671,True,18.7,24.8,75.0,False,1.3,15.0
2025,British Grand Prix,HAD,Racing Bulls,3.0,1.0,MEDIUM,3.0,135.981,45.591,51.045,39.345,150.0,202.0,158.0,203.0,671,True,18.7,24.8,75.0,False,1.3,16.0
2025,British Grand Prix,BOR,Kick Sauber,3.0,1.0,MEDIUM,3.0,136.121,45.225,51.62,39.276,130.0,208.0,152.0,211.0,671,True,18.7,24.8,75.0,False,1.3,17.0
2025,British Grand Prix,BEA,Haas F1 Team,3.0,1.0,HARD,3.0,137.209,45.811,51.037,40.361,142.0,218.0,161.0,206.0,671,False,18.7,24.8,75.0,False,1.3,18.0
2025,British Grand Prix,VER,Red Bull Racing,4.0,1.0,INTERMEDIATE,4.0,105.568,36.223,40.712,28.633,301.0,242.0,218.0,308.0,6712,True,18.6,24.9,75.0,False,0.9,1.0
2025,British Grand Prix,PIA,McLaren,4.0,1.0,INTERMEDIATE,4.0,105.828,36.081,40.95,28.797,297.0,234.0,217.0,307.0,6712,True,18.6,24.9,75.0,False,0.9,2.0
2025,British Grand Prix,NOR,McLaren,4.0,1.0,INTERMEDIATE,4.0,105.751,35.715,41.225,28.811,295.0,240.0,221.0,303.0,6712,True,18.6,24.9,75.0,False,0.9,3.0
2025,British Grand Prix,HAM,Ferrari,4.0,1.0,INTERMEDIATE,4.0,106.333,35.675,41.582,29.076,293.0,234.0,213.0,296.0,6712,True,18.6,24.9,75.0,False,0.9,4.0
2025,British Grand Prix,GAS,Alpine,4.0,1.0,INTERMEDIATE,4.0,105.466,34.368,41.889,29.209,300.0,235.0,213.0,308.0,6712,True,18.6,24.9,75.0,False,0.9,5.0
2025,British Grand Prix,ALO,Aston Martin,4.0,1.0,INTERMEDIATE,4.0,105.678,34.565,41.914,29.199,294.0,238.0,216.0,305.0,6712,True,18.6,24.9,75.0,False,0.9,6.0
2025,British Grand Prix,SAI,Williams,4.0,1.0,INTERMEDIATE,4.0,106.016,34.426,42.224,29.366,298.0,239.0,214.0,306.0,6712,True,18.6,24.9,75.0,False,0.9,7.0
2025,British Grand Prix,ALB,Williams,4.0,1.0,INTERMEDIATE,4.0,105.774,33.774,42.651,29.349,304.0,239.0,210.0,308.0,6712,True,18.6,24.9,75.0,False,0.9,8.0
2025,British Grand Prix,TSU,Red Bull Racing,4.0,1.0,INTERMEDIATE,4.0,106.058,34.142,42.779,29.137,293.0,242.0,211.0,313.0,712,True,18.6,24.9,75.0,False,0.9,9.0
2025,British Grand Prix,HUL,Kick Sauber,4.0,1.0,INTERMEDIATE,4.0,106.563,34.781,42.183,29.599,288.0,239.0,215.0,299.0,712,True,18.6,24.9,75.0,False,0.9,10.0
2025,British Grand Prix,STR,Aston Martin,4.0,1.0,INTERMEDIATE,4.0,106.197,34.119,42.518,29.56,288.0,238.0,212.0,304.0,712,True,18.6,24.9,75.0,False,0.9,11.0
2025,British Grand Prix,OCO,Haas F1 Team,4.0,1.0,INTERMEDIATE,4.0,106.266,33.769,42.947,29.55,287.0,238.0,215.0,296.0,712,True,18.6,24.9,75.0,False,0.9,12.0
2025,British Grand Prix,ANT,Mercedes,4.0,2.0,HARD,2.0,115.035,37.597,44.156,33.282,285.0,235.0,167.0,306.0,712,True,18.6,24.9,75.0,False,0.9,13.0
2025,British Grand Prix,RUS,Mercedes,4.0,1.0,HARD,4.0,111.418,35.919,42.781,32.718,286.0,240.0,179.0,309.0,12,True,18.6,24.9,75.0,False,0.9,14.0
2025,British Grand Prix,LEC,Ferrari,4.0,1.0,MEDIUM,4.0,112.993,37.56,42.616,32.817,286.0,232.0,174.0,296.0,12,True,18.6,24.9,75.0,False,0.9,15.0
2025,British Grand Prix,HAD,Racing Bulls,4.0,1.0,MEDIUM,4.0,113.542,37.387,42.421,33.734,286.0,239.0,146.0,306.0,12,True,18.6,24.9,75.0,False,0.7,16.0
2025,British Grand Prix,BEA,Haas F1 Team,4.0,1.0,HARD,4.0,111.955,37.218,41.454,33.283,290.0,237.0,165.0,302.0,12,True,18.6,24.9,75.0,False,0.7,17.0
2025,British Grand Prix,VER,Red Bull Racing,5.0,1.0,INTERMEDIATE,5.0,104.809,31.996,43.11,29.703,291.0,233.0,204.0,306.0,126,True,18.8,25.2,77.0,False,1.2,1.0
2025,British Grand Prix,PIA,McLaren,5.0,1.0,INTERMEDIATE,5.0,104.455,31.795,42.952,29.708,297.0,238.0,213.0,307.0,126,True,18.8,25.2,77.0,False,1.2,2.0
2025,British Grand Prix,NOR,McLaren,5.0,1.0,INTERMEDIATE,5.0,105.033,32.084,42.984,29.965,297.0,237.0,127.0,304.0,126,False,18.8,25.2,77.0,False,1.2,3.0
2025,British Grand Prix,HAM,Ferrari,5.0,1.0,INTERMEDIATE,5.0,107.677,32.173,42.898,32.606,293.0,234.0,86.0,300.0,126,False,18.8,25.2,77.0,False,1.2,4.0
2025,British Grand Prix,GAS,Alpine,5.0,1.0,INTERMEDIATE,5.0,108.978,32.428,43.49,33.06,294.0,236.0,98.0,304.0,126,False,18.8,25.2,77.0,False,1.2,5.0
2025,British Grand Prix,ALO,Aston Martin,5.0,1.0,INTERMEDIATE,5.0,109.536,32.334,43.77,33.432,290.0,238.0,130.0,302.0,126,False,18.8,25.2,77.0,False,1.2,6.0
2025,British Grand Prix,SAI,Williams,5.0,1.0,INTERMEDIATE,5.0,110.644,32.383,43.616,34.645,298.0,238.0,142.0,308.0,126,False,18.8,25.2,77.0,False,1.2,7.0
2025,British Grand Prix,ALB,Williams,5.0,1.0,INTERMEDIATE,5.0,110.861,32.304,43.596,34.961,298.0,234.0,134.0,308.0,126,False,18.8,25.2,77.0,False,1.2,8.0
2025,British Grand Prix,TSU,Red Bull Racing,5.0,1.0,INTERMEDIATE,5.0,111.106,32.432,43.49,35.184,286.0,236.0,128.0,312.0,126,False,18.8,25.2,77.0,False,1.2,9.0
2025,British Grand Prix,HUL,Kick Sauber,5.0,1.0,INTERMEDIATE,5.0,111.575,32.67,43.456,35.449,289.0,238.0,132.0,299.0,126,False,18.8,25.2,77.0,False,1.2,10.0
2025,British Grand Prix,STR,Aston Martin,5.0,1.0,INTERMEDIATE,5.0,111.895,32.552,43.791,35.552,280.0,237.0,145.0,302.0,126,False,18.8,25.2,77.0,False,1.2,11.0
2025,British Grand Prix,OCO,Haas F1 Team,5.0,1.0,INTERMEDIATE,5.0,112.165,32.752,43.835,35.578,289.0,238.0,156.0,297.0,126,False,18.8,25.2,77.0,False,1.2,12.0
2025,British Grand Prix,RUS,Mercedes,5.0,1.0,HARD,5.0,115.425,34.224,41.657,39.544,298.0,175.0,168.0,262.0,126,False,18.8,25.2,77.0,False,1.2,13.0
2025,British Grand Prix,ANT,Mercedes,5.0,2.0,HARD,3.0,121.805,36.376,44.804,40.625,271.0,103.0,143.0,263.0,126,False,18.8,25.2,77.0,False,1.2,14.0
2025,British Grand Prix,LEC,Ferrari,5.0,1.0,MEDIUM,5.0,118.458,35.369,45.467,37.622,291.0,117.0,160.0,245.0,126,False,18.8,25.2,77.0,False,1.2,15.0
2025,British Grand Prix,HAD,Racing Bulls,5.0,1.0,MEDIUM,5.0,119.848,35.47,45.443,38.935,296.0,172.0,159.0,243.0,126,False,19.1,25.0,74.0,False,1.5,16.0
2025,British Grand Prix,BEA,Haas F1 Team,5.0,1.0,HARD,5.0,120.293,36.66,45.584,38.049,293.0,215.0,155.0,248.0,126,False,19.1,25.0,74.0,False,1.5,17.0
2025,British Grand Prix,VER,Red Bull Racing,6.0,1.0,INTERMEDIATE,6.0,139.789,47.766,56.615,35.408,225.0,179.0,141.0,247.0,6,False,19.1,24.4,75.0,False,1.3,1.0
2025,British Grand Prix,PIA,McLaren,6.0,1.0,INTERMEDIATE,6.0,139.626,48.201,55.968,35.457,213.0,187.0,129.0,282.0,6,False,19.1,24.4,75.0,False,1.3,2.0
2025,British Grand Prix,NOR,McLaren,6.0,1.0,INTERMEDIATE,6.0,139.233,46.769,56.955,35.509,237.0,201.0,133.0,275.0,6,False,19.1,24.4,75.0,False,1.3,3.0
2025,British Grand Prix,HAM,Ferrari,6.0,1.0,INTERMEDIATE,6.0,136.745,43.37,58.154,35.221,244.0,216.0,138.0,268.0,6,False,19.1,24.4,75.0,False,1.3,4.0
2025,British Grand Prix,GAS,Alpine,6.0,1.0,INTERMEDIATE,6.0,136.266,42.854,60.526,32.886,232.0,217.0,138.0,282.0,6,False,19.1,24.4,75.0,False,1.3,5.0
2025,British Grand Prix,ALO,Aston Martin,6.0,1.0,INTERMEDIATE,6.0,136.643,42.485,60.33,33.828,185.0,231.0,143.0,292.0,6,False,19.1,24.4,75.0,False,1.3,6.0
2025,British Grand Prix,SAI,Williams,6.0,1.0,INTERMEDIATE,6.0,135.577,41.329,60.584,33.664,204.0,220.0,148.0,272.0,6,False,19.1,24.4,75.0,False,1.3,7.0
2025,British Grand Prix,STR,Aston Martin,6.0,1.0,INTERMEDIATE,6.0,131.987,40.703,61.13,30.154,181.0,218.0,,275.0,6,False,19.1,24.4,75.0,False,1.3,8.0
2025,British Grand Prix,ALB,Williams,6.0,1.0,INTERMEDIATE,6.0,136.208,41.581,61.096,33.531,197.0,214.0,163.0,262.0,6,False,19.1,24.4,75.0,False,1.3,9.0
2025,British Grand Prix,TSU,Red Bull Racing,6.0,1.0,INTERMEDIATE,6.0,135.867,41.104,61.389,33.374,202.0,213.0,171.0,285.0,6,False,19.1,24.4,75.0,False,1.3,10.0
2025,British Grand Prix,HUL,Kick Sauber,6.0,1.0,INTERMEDIATE,6.0,136.14,41.313,60.853,33.974,172.0,204.0,167.0,280.0,6,False,19.1,24.4,75.0,False,1.3,11.0
2025,British Grand Prix,OCO,Haas F1 Team,6.0,1.0,INTERMEDIATE,6.0,135.737,42.922,58.816,33.999,176.0,214.0,153.0,247.0,6,False,19.1,24.4,75.0,False,1.3,12.0
2025,British Grand Prix,RUS,Mercedes,6.0,1.0,HARD,6.0,137.488,43.919,54.738,38.831,181.0,238.0,168.0,184.0,6,False,19.1,24.0,73.0,False,2.6,13.0
2025,British Grand Prix,ANT,Mercedes,6.0,2.0,HARD,4.0,135.762,42.283,55.916,37.563,207.0,233.0,153.0,213.0,6,False,19.1,24.0,73.0,False,2.6,14.0
2025,British Grand Prix,LEC,Ferrari,6.0,1.0,MEDIUM,6.0,137.909,44.034,55.199,38.676,223.0,198.0,160.0,194.0,6,False,19.1,24.0,73.0,False,2.6,15.0
2025,British Grand Prix,HAD,Racing Bulls,6.0,1.0,MEDIUM,6.0,137.761,43.886,54.655,39.22,182.0,207.0,156.0,232.0,6,False,19.1,24.0,73.0,False,2.6,16.0
2025,British Grand Prix,BEA,Haas F1 Team,6.0,1.0,HARD,6.0,137.467,44.693,54.489,38.285,200.0,230.0,157.0,231.0,6,False,19.1,24.0,73.0,False,2.6,17.0
2025,British Grand Prix,VER,Red Bull Racing,7.0,1.0,INTERMEDIATE,7.0,122.547,42.832,50.714,29.001,259.0,241.0,214.0,309.0,671,False,19.2,24.0,74.0,False,1.1,1.0
2025,British Grand Prix,PIA,McLaren,7.0,1.0,INTERMEDIATE,7.0,122.77,43.218,50.249,29.303,258.0,247.0,222.0,315.0,671,False,19.2,24.0,74.0,False,1.1,2.0
2025,British Grand Prix,NOR,McLaren,7.0,1.0,INTERMEDIATE,7.0,123.224,44.196,49.317,29.711,264.0,234.0,217.0,305.0,671,False,19.2,24.0,74.0,False,1.1,3.0
2025,British Grand Prix,HAM,Ferrari,7.0,1.0,INTERMEDIATE,7.0,124.009,44.098,49.749,30.162,238.0,239.0,214.0,297.0,671,False,19.2,24.0,74.0,False,1.1,4.0
2025,British Grand Prix,GAS,Alpine,7.0,1.0,INTERMEDIATE,7.0,123.029,43.562,50.171,29.296,252.0,239.0,217.0,306.0,671,False,19.2,24.0,74.0,False,1.1,5.0
2025,British Grand Prix,ALO,Aston Martin,7.0,1.0,INTERMEDIATE,7.0,122.063,43.103,49.49,29.47,230.0,243.0,216.0,309.0,671,False,19.2,24.0,74.0,False,1.1,6.0
2025,British Grand Prix,SAI,Williams,7.0,1.0,INTERMEDIATE,7.0,122.205,43.131,49.313,29.761,229.0,239.0,218.0,307.0,671,False,19.2,24.0,74.0,False,1.1,7.0
2025,British Grand Prix,ALB,Williams,7.0,1.0,INTERMEDIATE,7.0,121.594,42.56,49.115,29.919,195.0,241.0,210.0,310.0,671,False,19.2,24.0,74.0,False,1.1,8.0
2025,British Grand Prix,TSU,Red Bull Racing,7.0,1.0,INTERMEDIATE,7.0,122.043,42.532,49.758,29.753,213.0,241.0,206.0,311.0,671,False,19.2,24.0,74.0,False,1.1,9.0
2025,British Grand Prix,HUL,Kick Sauber,7.0,1.0,INTERMEDIATE,7.0,121.737,42.41,49.416,29.911,200.0,239.0,214.0,296.0,671,False,19.2,24.0,74.0,False,1.1,10.0
2025,British Grand Prix,OCO,Haas F1 Team,7.0,1.0,INTERMEDIATE,7.0,121.435,43.998,47.3,30.137,195.0,237.0,209.0,295.0,671,False,19.2,24.0,74.0,False,1.1,11.0
2025,British Grand Prix,STR,Aston Martin,7.0,2.0,SOFT,1.0,131.823,59.741,40.659,31.423,201.0,246.0,182.0,306.0,671,False,19.2,24.0,74.0,False,1.1,12.0
2025,British Grand Prix,RUS,Mercedes,7.0,1.0,HARD,7.0,113.675,42.931,39.775,30.969,254.0,251.0,190.0,309.0,671,False,19.2,24.2,75.0,False,1.0,13.0
2025,British Grand Prix,ANT,Mercedes,7.0,2.0,HARD,5.0,115.536,41.806,41.21,32.52,268.0,249.0,177.0,309.0,671,False,19.2,24.2,75.0,False,1.0,14.0
2025,British Grand Prix,LEC,Ferrari,7.0,1.0,MEDIUM,7.0,112.542,40.42,40.352,31.77,290.0,245.0,179.0,309.0,671,True,19.2,24.2,75.0,False,1.0,15.0
2025,British Grand Prix,HAD,Racing Bulls,7.0,1.0,MEDIUM,7.0,111.751,39.021,40.63,32.1,292.0,244.0,173.0,307.0,671,True,19.2,24.2,75.0,False,1.0,16.0
2025,British Grand Prix,BEA,Haas F1 Team,7.0,1.0,HARD,7.0,111.212,39.089,39.921,32.202,287.0,250.0,168.0,303.0,671,True,19.2,24.2,75.0,False,1.0,17.0
2025,British Grand Prix,PIA,McLaren,8.0,1.0,INTERMEDIATE,8.0,104.171,31.681,43.106,29.384,308.0,242.0,216.0,318.0,1,True,19.2,24.8,74.0,False,1.1,1.0
2025,British Grand Prix,VER,Red Bull Racing,8.0,1.0,INTERMEDIATE,8.0,105.834,32.223,43.021,30.59,298.0,234.0,204.0,308.0,1,False,19.2,24.8,74.0,False,1.1,2.0
2025,British Grand Prix,NOR,McLaren,8.0,1.0,INTERMEDIATE,8.0,104.869,32.657,42.786,29.426,296.0,238.0,205.0,307.0,1,True,19.2,24.8,74.0,False,1.1,3.0
2025,British Grand Prix,HAM,Ferrari,8.0,1.0,INTERMEDIATE,8.0,106.102,32.457,43.174,30.471,291.0,235.0,204.0,305.0,1,True,19.2,24.8,74.0,False,1.1,4.0
2025,British Grand Prix,GAS,Alpine,8.0,1.0,INTERMEDIATE,8.0,106.083,32.684,43.237,30.162,295.0,236.0,207.0,309.0,1,False,19.2,24.8,74.0,False,1.1,5.0
2025,British Grand Prix,ALO,Aston Martin,8.0,1.0,INTERMEDIATE,8.0,106.42,32.453,43.657,30.31,291.0,237.0,207.0,315.0,1,False,19.2,24.8,74.0,False,1.1,6.0
2025,British Grand Prix,SAI,Williams,8.0,1.0,INTERMEDIATE,8.0,106.227,32.323,43.458,30.446,302.0,236.0,209.0,308.0,1,False,19.2,24.8,74.0,False,1.1,7.0
2025,British Grand Prix,ALB,Williams,8.0,1.0,INTERMEDIATE,8.0,106.496,32.551,43.511,30.434,292.0,237.0,205.0,309.0,1,False,19.2,24.8,74.0,False,1.1,8.0
2025,British Grand Prix,TSU,Red Bull Racing,8.0,1.0,INTERMEDIATE,8.0,106.957,32.643,44.022,30.292,290.0,237.0,200.0,313.0,1,False,19.2,24.8,74.0,False,1.1,9.0
2025,British Grand Prix,HUL,Kick Sauber,8.0,1.0,INTERMEDIATE,8.0,106.517,32.566,43.773,30.178,289.0,238.0,206.0,303.0,1,True,19.2,24.8,74.0,False,1.1,10.0
2025,British Grand Prix,OCO,Haas F1 Team,8.0,1.0,INTERMEDIATE,8.0,107.293,32.632,44.249,30.412,288.0,236.0,193.0,298.0,1,False,19.2,24.8,74.0,False,1.1,11.0
2025,British Grand Prix,STR,Aston Martin,8.0,2.0,SOFT,2.0,103.353,32.507,39.439,31.407,293.0,247.0,183.0,314.0,1,True,19.2,24.8,74.0,False,1.1,12.0
2025,British Grand Prix,RUS,Mercedes,8.0,1.0,HARD,8.0,101.287,31.912,38.915,30.46,299.0,252.0,198.0,310.0,1,True,19.2,24.8,74.0,False,1.1,13.0
2025,British Grand Prix,ANT,Mercedes,8.0,2.0,HARD,6.0,105.576,33.574,39.634,32.368,298.0,252.0,179.0,309.0,1,True,19.2,24.8,74.0,False,1.1,14.0
2025,British Grand Prix,LEC,Ferrari,8.0,1.0,MEDIUM,8.0,104.73,32.95,39.59,32.19,305.0,254.0,178.0,328.0,1,True,19.2,24.8,74.0,False,1.1,15.0
2025,British Grand Prix,HAD,Racing Bulls,8.0,1.0,MEDIUM,8.0,103.759,33.559,38.899,31.301,297.0,250.0,169.0,310.0,1,True,19.2,24.8,74.0,False,1.1,16.0
2025,British Grand Prix,BEA,Haas F1 Team,8.0,1.0,HARD,8.0,104.011,33.383,38.878,31.75,305.0,255.0,174.0,319.0,1,True,19.2,24.8,74.0,False,1.1,17.0
2025,British Grand Prix,PIA,McLaren,9.0,1.0,INTERMEDIATE,9.0,104.393,32.311,42.336,29.746,289.0,237.0,214.0,299.0,1,False,19.2,24.8,74.0,False,0.7,1.0
2025,British Grand Prix,VER,Red Bull Racing,9.0,1.0,INTERMEDIATE,9.0,106.326,32.688,43.578,30.06,294.0,235.0,210.0,309.0,1,False,19.2,24.3,72.0,False,1.9,2.0
2025,British Grand Prix,NOR,McLaren,9.0,1.0,INTERMEDIATE,9.0,105.595,32.526,43.325,29.744,295.0,236.0,214.0,303.0,1,False,19.2,24.3,72.0,False,1.9,3.0
2025,British Grand Prix,HAM,Ferrari,9.0,1.0,INTERMEDIATE,9.0,108.049,33.149,44.203,30.697,288.0,227.0,200.0,300.0,1,False,19.2,24.3,72.0,False,1.9,4.0
2025,British Grand Prix,GAS,Alpine,9.0,1.0,INTERMEDIATE,9.0,107.962,33.078,44.273,30.611,293.0,235.0,205.0,314.0,1,False,19.2,24.3,72.0,False,1.9,5.0
2025,British Grand Prix,ALO,Aston Martin,9.0,1.0,INTERMEDIATE,9.0,107.569,32.757,44.149,30.663,289.0,235.0,205.0,314.0,1,False,19.2,24.3,72.0,False,1.9,6.0
2025,British Grand Prix,SAI,Williams,9.0,1.0,INTERMEDIATE,9.0,107.819,32.922,44.35,30.547,299.0,235.0,205.0,311.0,1,False,19.2,24.3,72.0,False,1.9,7.0
2025,British Grand Prix,HUL,Kick Sauber,9.0,1.0,INTERMEDIATE,9.0,105.879,32.936,45.163,27.78,299.0,236.0,,316.0,1,False,19.2,24.3,72.0,False,1.9,8.0
2025,British Grand Prix,ALB,Williams,9.0,1.0,INTERMEDIATE,9.0,108.888,33.399,44.888,30.601,295.0,234.0,205.0,311.0,1,False,19.2,24.3,72.0,False,1.9,9.0
2025,British Grand Prix,TSU,Red Bull Racing,9.0,1.0,INTERMEDIATE,9.0,109.0,33.264,44.752,30.984,290.0,233.0,201.0,313.0,1,False,19.2,24.3,72.0,False,1.9,10.0
2025,British Grand Prix,STR,Aston Martin,9.0,2.0,SOFT,3.0,104.912,32.024,41.072,31.816,302.0,236.0,185.0,295.0,1,False,19.2,24.3,72.0,False,1.9,11.0
2025,British Grand Prix,OCO,Haas F1 Team,9.0,1.0,INTERMEDIATE,9.0,109.361,33.553,45.191,30.617,249.0,234.0,208.0,300.0,1,False,19.2,24.3,72.0,False,1.9,12.0
2025,British Grand Prix,RUS,Mercedes,9.0,1.0,HARD,9.0,101.503,31.324,38.957,31.222,301.0,250.0,194.0,295.0,1,False,19.2,24.3,72.0,False,1.9,13.0
2025,British Grand Prix,ANT,Mercedes,9.0,2.0,HARD,7.0,99.336,32.35,38.922,28.064,298.0,252.0,,296.0,1,False,19.2,24.3,72.0,False,1.9,14.0
2025,British Grand Prix,LEC,Ferrari,9.0,1.0,MEDIUM,9.0,100.941,32.265,39.013,29.663,311.0,258.0,193.0,330.0,1,True,19.2,24.3,72.0,False,1.9,15.0
2025,British Grand Prix,HAD,Racing Bulls,9.0,1.0,MEDIUM,9.0,101.705,32.709,38.545,30.451,298.0,251.0,191.0,314.0,1,True,19.2,24.3,72.0,False,1.9,16.0
2025,British Grand Prix,BEA,Haas F1 Team,9.0,1.0,HARD,9.0,102.431,32.593,38.763,31.075,295.0,252.0,181.0,308.0,1,True,19.2,24.3,72.0,False,1.9,17.0
2025,British Grand Prix,PIA,McLaren,10.0,1.0,INTERMEDIATE,10.0,104.89,32.185,43.284,29.421,294.0,238.0,218.0,306.0,1,False,19.0,24.1,74.0,False,0.7,1.0
2025,British Grand Prix,VER,Red Bull Racing,10.0,1.0,INTERMEDIATE,10.0,106.432,32.657,44.139,29.636,293.0,239.0,210.0,309.0,1,False,19.0,24.1,74.0,False,0.7,2.0
2025,British Grand Prix,NOR,McLaren,10.0,1.0,INTERMEDIATE,10.0,105.857,32.396,43.819,29.642,295.0,237.0,213.0,307.0,1,False,19.0,24.1,74.0,False,0.7,3.0
2025,British Grand Prix,HAM,Ferrari,10.0,1.0,INTERMEDIATE,10.0,108.242,32.745,44.528,30.969,293.0,228.0,200.0,304.0,1,False,19.0,24.1,74.0,False,0.7,4.0
2025,British Grand Prix,STR,Aston Martin,10.0,2.0,SOFT,4.0,100.708,32.535,40.558,27.615,298.0,254.0,,305.0,1,False,19.0,24.0,74.0,True,1.2,5.0
2025,British Grand Prix,GAS,Alpine,10.0,1.0,INTERMEDIATE,10.0,108.953,33.314,45.153,30.486,290.0,233.0,209.0,306.0,1,False,19.0,24.0,74.0,True,1.2,6.0
2025,British Grand Prix,ALO,Aston Martin,10.0,1.0,INTERMEDIATE,10.0,108.951,33.111,45.151,30.689,293.0,234.0,209.0,315.0,1,False,19.0,24.0,74.0,True,1.2,7.0
2025,British Grand Prix,SAI,Williams,10.0,1.0,INTERMEDIATE,10.0,108.531,33.07,44.821,30.64,297.0,235.0,206.0,310.0,1,False,19.0,24.0,74.0,True,1.2,8.0
2025,British Grand Prix,ALB,Williams,10.0,1.0,INTERMEDIATE,10.0,109.218,33.367,45.322,30.529,290.0,234.0,211.0,316.0,1,False,19.0,24.0,74.0,True,1.2,9.0
2025,British Grand Prix,RUS,Mercedes,10.0,1.0,HARD,10.0,102.417,31.628,42.29,28.499,298.0,249.0,,280.0,1,False,19.0,24.0,74.0,True,1.2,10.0
2025,British Grand Prix,TSU,Red Bull Racing,10.0,1.0,INTERMEDIATE,10.0,110.083,33.442,45.635,31.006,279.0,232.0,202.0,310.0,1,False,19.0,24.0,74.0,True,1.2,11.0
2025,British Grand Prix,OCO,Haas F1 Team,10.0,1.0,INTERMEDIATE,10.0,109.77,33.766,45.506,30.498,283.0,233.0,209.0,302.0,1,False,19.0,24.0,74.0,True,1.2,12.0
2025,British Grand Prix,LEC,Ferrari,10.0,1.0,MEDIUM,10.0,100.092,31.426,41.038,27.628,287.0,252.0,,302.0,1,False,19.0,24.0,74.0,True,1.2,13.0
2025,British Grand Prix,HAD,Racing Bulls,10.0,1.0,MEDIUM,10.0,102.691,31.608,43.987,27.096,297.0,248.0,,310.0,1,False,19.0,24.0,74.0,True,1.2,14.0
2025,British Grand Prix,BEA,Haas F1 Team,10.0,1.0,HARD,10.0,103.208,32.53,43.643,27.035,287.0,249.0,,310.0,1,False,19.0,24.0,74.0,True,1.2,15.0
2025,British Grand Prix,HUL,Kick Sauber,10.0,2.0,INTERMEDIATE,1.0,124.672,52.942,43.537,28.193,256.0,245.0,229.0,299.0,1,False,19.0,24.0,74.0,True,1.2,16.0
2025,British Grand Prix,ANT,Mercedes,10.0,3.0,INTERMEDIATE,1.0,125.979,51.667,44.491,29.821,285.0,243.0,203.0,309.0,1,False,19.0,24.0,74.0,True,1.2,17.0
2025,British Grand Prix,PIA,McLaren,11.0,1.0,INTERMEDIATE,11.0,105.937,32.236,46.88,26.821,259.0,235.0,,311.0,1,False,18.9,23.3,73.0,True,1.1,1.0
2025,British Grand Prix,NOR,McLaren,11.0,1.0,INTERMEDIATE,11.0,107.735,32.917,47.442,27.376,275.0,234.0,,311.0,1,False,18.9,23.3,73.0,True,1.1,2.0
2025,British Grand Prix,VER,Red Bull Racing,11.0,1.0,INTERMEDIATE,11.0,110.497,33.168,49.265,28.064,251.0,184.0,,310.0,1,False,18.9,23.3,73.0,True,1.1,3.0
2025,British Grand Prix,HAM,Ferrari,11.0,1.0,INTERMEDIATE,11.0,109.484,33.469,48.256,27.759,275.0,224.0,,308.0,1,False,18.9,23.3,73.0,True,1.1,4.0
2025,British Grand Prix,GAS,Alpine,11.0,1.0,INTERMEDIATE,11.0,109.24,33.788,47.721,27.731,275.0,230.0,,309.0,1,False,18.9,23.3,73.0,True,1.1,5.0
2025,British Grand Prix,ALO,Aston Martin,11.0,1.0,INTERMEDIATE,11.0,109.478,33.787,47.624,28.067,260.0,230.0,,309.0,1,False,18.9,23.3,73.0,True,1.1,6.0
2025,British Grand Prix,SAI,Williams,11.0,1.0,INTERMEDIATE,11.0,109.688,33.952,48.152,27.584,262.0,231.0,,310.0,1,False,18.9,23.3,73.0,True,1.1,7.0
2025,British Grand Prix,ALB,Williams,11.0,1.0,INTERMEDIATE,11.0,111.991,33.505,47.734,30.752,255.0,230.0,204.0,310.0,1,False,18.9,23.3,73.0,True,1.1,8.0
2025,British Grand Prix,TSU,Red Bull Racing,11.0,1.0,INTERMEDIATE,11.0,111.245,34.841,48.637,27.767,251.0,219.0,,307.0,1,False,18.9,23.3,73.0,True,1.1,9.0
2025,British Grand Prix,OCO,Haas F1 Team,11.0,1.0,INTERMEDIATE,11.0,111.866,34.081,47.41,30.375,269.0,227.0,212.0,302.0,1,False,18.7,22.5,72.0,True,3.1,10.0
2025,British Grand Prix,STR,Aston Martin,11.0,3.0,INTERMEDIATE,1.0,126.264,51.725,45.388,29.151,279.0,233.0,216.0,297.0,1,False,18.7,22.5,72.0,True,3.1,11.0
2025,British Grand Prix,HUL,Kick Sauber,11.0,2.0,INTERMEDIATE,2.0,105.789,32.22,44.209,29.36,285.0,240.0,218.0,312.0,1,True,18.7,22.5,72.0,True,3.1,12.0
2025,British Grand Prix,RUS,Mercedes,11.0,2.0,INTERMEDIATE,1.0,124.881,52.121,43.847,28.913,287.0,238.0,227.0,309.0,1,False,18.7,22.5,72.0,True,3.1,13.0
2025,British Grand Prix,LEC,Ferrari,11.0,2.0,INTERMEDIATE,1.0,128.576,53.666,45.316,29.594,280.0,220.0,211.0,295.0,1,False,18.7,22.5,72.0,True,3.1,14.0
2025,British Grand Prix,ANT,Mercedes,11.0,3.0,INTERMEDIATE,2.0,108.439,33.719,44.749,29.971,290.0,241.0,202.0,308.0,1,False,18.7,22.5,72.0,True,3.1,15.0
2025,British Grand Prix,HAD,Racing Bulls,11.0,2.0,INTERMEDIATE,1.0,129.977,54.045,45.463,30.469,263.0,237.0,209.0,305.0,1,False,18.7,22.5,72.0,True,3.1,16.0
2025,British Grand Prix,BEA,Haas F1 Team,11.0,2.0,INTERMEDIATE,1.0,128.816,53.791,44.86,30.165,281.0,239.0,207.0,298.0,1,False,18.7,22.5,72.0,True,3.1,17.0
2025,British Grand Prix,PIA,McLaren,12.0,2.0,INTERMEDIATE,1.0,126.15,53.419,43.664,29.067,284.0,243.0,217.0,302.0,1,False,18.5,21.5,72.0,True,5.8,1.0
2025,British Grand Prix,VER,Red Bull Racing,12.0,2.0,INTERMEDIATE,1.0,126.914,52.919,45.231,28.764,276.0,241.0,212.0,310.0,1,False,18.5,21.5,72.0,True,5.8,2.0
2025,British Grand Prix,ALB,Williams,12.0,1.0,INTERMEDIATE,12.0,109.68,34.463,47.712,27.505,277.0,227.0,,308.0,1,False,18.5,21.5,72.0,True,5.8,3.0
2025,British Grand Prix,NOR,McLaren,12.0,2.0,INTERMEDIATE,1.0,130.451,55.268,46.176,29.007,278.0,241.0,210.0,301.0,1,False,18.5,21.5,72.0,True,5.8,4.0
2025,British Grand Prix,STR,Aston Martin,12.0,3.0,INTERMEDIATE,2.0,107.154,33.005,45.064,29.085,276.0,241.0,207.0,309.0,1,False,18.5,21.5,72.0,True,5.8,5.0
2025,British Grand Prix,HUL,Kick Sauber,12.0,2.0,INTERMEDIATE,3.0,107.347,33.179,44.867,29.301,280.0,242.0,210.0,305.0,1,False,18.5,21.5,72.0,True,5.8,6.0
2025,British Grand Prix,OCO,Haas F1 Team,12.0,1.0,INTERMEDIATE,12.0,110.786,33.98,46.13,30.676,286.0,236.0,198.0,305.0,1,False,18.5,21.5,72.0,True,5.8,7.0
2025,British Grand Prix,HAM,Ferrari,12.0,2.0,INTERMEDIATE,1.0,127.044,53.133,45.146,28.765,283.0,240.0,210.0,300.0,1,False,18.5,21.5,72.0,True,5.8,8.0
2025,British Grand Prix,GAS,Alpine,12.0,2.0,INTERMEDIATE,1.0,127.003,53.214,44.725,29.064,270.0,237.0,215.0,311.0,1,False,18.5,21.5,72.0,True,5.8,9.0
2025,British Grand Prix,ALO,Aston Martin,12.0,2.0,INTERMEDIATE,1.0,127.516,52.681,44.935,29.9,268.0,241.0,185.0,304.0,1,False,18.5,21.5,72.0,True,5.8,10.0
2025,British Grand Prix,RUS,Mercedes,12.0,2.0,INTERMEDIATE,2.0,107.571,32.83,45.089,29.652,279.0,243.0,204.0,311.0,1,False,18.5,21.5,72.0,True,5.8,11.0
2025,British Grand Prix,SAI,Williams,12.0,2.0,INTERMEDIATE,1.0,128.134,53.666,44.881,29.587,275.0,240.0,193.0,306.0,1,False,18.1,21.0,74.0,True,4.5,12.0
2025,British Grand Prix,TSU,Red Bull Racing,12.0,2.0,INTERMEDIATE,1.0,128.361,53.294,45.676,29.391,275.0,239.0,205.0,312.0,1,False,18.1,21.0,74.0,True,4.5,13.0
2025,British Grand Prix,LEC,Ferrari,12.0,2.0,INTERMEDIATE,2.0,108.142,33.873,44.628,29.641,290.0,238.0,200.0,305.0,1,False,18.1,21.0,74.0,True,4.5,14.0
2025,British Grand Prix,ANT,Mercedes,12.0,3.0,INTERMEDIATE,3.0,107.009,33.207,44.121,29.681,294.0,242.0,196.0,308.0,1,False,18.1,21.0,74.0,True,4.5,15.0
2025,British Grand Prix,HAD,Racing Bulls,12.0,2.0,INTERMEDIATE,2.0,108.339,33.888,44.272,30.179,282.0,238.0,201.0,304.0,1,False,18.1,21.0,74.0,True,4.5,16.0
2025,British Grand Prix,BEA,Haas F1 Team,12.0,2.0,INTERMEDIATE,2.0,108.51,34.01,44.576,29.924,285.0,240.0,197.0,301.0,1,False,18.1,21.0,74.0,True,4.5,17.0
2025,British Grand Prix,PIA,McLaren,13.0,2.0,INTERMEDIATE,2.0,107.585,32.915,45.072,29.598,285.0,239.0,208.0,307.0,1,False,17.8,20.5,77.0,True,3.9,1.0
2025,British Grand Prix,VER,Red Bull Racing,13.0,2.0,INTERMEDIATE,2.0,111.224,33.824,47.545,29.855,250.0,239.0,203.0,310.0,12,False,17.8,20.5,77.0,True,3.9,2.0
2025,British Grand Prix,NOR,McLaren,13.0,2.0,INTERMEDIATE,2.0,109.605,33.267,46.498,29.84,282.0,242.0,203.0,309.0,12,False,17.8,20.5,77.0,True,3.9,3.0
2025,British Grand Prix,STR,Aston Martin,13.0,3.0,INTERMEDIATE,3.0,112.134,35.382,47.079,29.673,279.0,235.0,207.0,302.0,124,False,17.8,20.5,77.0,True,3.9,4.0
2025,British Grand Prix,HUL,Kick Sauber,13.0,2.0,INTERMEDIATE,4.0,113.815,34.775,48.673,30.367,274.0,238.0,115.0,302.0,124,False,17.8,20.5,77.0,True,3.9,5.0
2025,British Grand Prix,GAS,Alpine,13.0,2.0,INTERMEDIATE,2.0,115.838,34.043,49.187,32.608,248.0,235.0,117.0,309.0,124,False,17.8,20.5,77.0,True,3.9,6.0
2025,British Grand Prix,OCO,Haas F1 Team,13.0,1.0,INTERMEDIATE,13.0,120.169,34.995,49.953,35.221,261.0,230.0,116.0,305.0,124,False,17.8,20.5,77.0,True,3.9,7.0
2025,British Grand Prix,HAM,Ferrari,13.0,2.0,INTERMEDIATE,2.0,120.754,34.77,50.499,35.485,279.0,235.0,104.0,301.0,124,False,17.8,20.5,77.0,True,3.9,8.0
2025,British Grand Prix,RUS,Mercedes,13.0,2.0,INTERMEDIATE,3.0,119.779,34.099,48.515,37.165,262.0,241.0,126.0,309.0,124,False,17.8,20.5,77.0,True,3.9,9.0
2025,British Grand Prix,ALO,Aston Martin,13.0,2.0,INTERMEDIATE,2.0,122.342,35.433,50.178,36.731,247.0,239.0,100.0,308.0,124,False,17.4,20.1,78.0,True,5.4,10.0
2025,British Grand Prix,SAI,Williams,13.0,2.0,INTERMEDIATE,2.0,123.101,34.399,50.519,38.183,249.0,234.0,81.0,308.0,124,False,17.4,20.1,78.0,True,5.4,11.0
2025,British Grand Prix,ALB,Williams,13.0,2.0,INTERMEDIATE,1.0,138.76,54.156,46.637,37.967,263.0,236.0,84.0,306.0,124,False,17.4,20.1,78.0,True,5.4,12.0
2025,British Grand Prix,TSU,Red Bull Racing,13.0,2.0,INTERMEDIATE,2.0,119.762,34.444,48.568,36.75,251.0,236.0,101.0,310.0,124,False,17.4,20.1,78.0,True,5.4,13.0
2025,British Grand Prix,LEC,Ferrari,13.0,2.0,INTERMEDIATE,3.0,120.583,34.348,49.458,36.777,283.0,200.0,88.0,301.0,124,False,17.4,20.1,78.0,True,5.4,14.0
2025,British Grand Prix,ANT,Mercedes,13.0,3.0,INTERMEDIATE,4.0,118.898,34.008,48.2,36.69,285.0,236.0,97.0,306.0,124,False,17.4,20.1,78.0,True,5.4,15.0
2025,British Grand Prix,HAD,Racing Bulls,13.0,2.0,INTERMEDIATE,3.0,117.216,34.06,47.098,36.058,286.0,237.0,144.0,303.0,124,False,17.4,20.1,78.0,True,5.4,16.0
2025,British Grand Prix,BEA,Haas F1 Team,13.0,2.0,INTERMEDIATE,3.0,118.712,34.088,48.151,36.473,276.0,235.0,154.0,157.0,124,False,17.4,20.1,78.0,True,5.4,17.0
2025,British Grand Prix,PIA,McLaren,14.0,2.0,INTERMEDIATE,3.0,135.81,43.228,55.213,37.369,185.0,227.0,172.0,155.0,124,False,17.1,20.0,80.0,True,4.2,1.0
2025,British Grand Prix,VER,Red Bull Racing,14.0,2.0,INTERMEDIATE,3.0,136.82,43.081,58.275,35.464,197.0,215.0,169.0,221.0,14,False,17.1,20.0,80.0,True,4.2,2.0
2025,British Grand Prix,NOR,McLaren,14.0,2.0,INTERMEDIATE,3.0,138.86,43.187,59.652,36.021,219.0,179.0,153.0,263.0,14,False,17.1,20.0,80.0,True,4.2,3.0
2025,British Grand Prix,STR,Aston Martin,14.0,3.0,INTERMEDIATE,4.0,138.76,44.553,59.651,34.556,204.0,216.0,199.0,248.0,4,False,16.7,20.0,82.0,True,2.9,4.0
2025,British Grand Prix,HUL,Kick Sauber,14.0,2.0,INTERMEDIATE,5.0,138.607,46.236,57.687,34.684,223.0,203.0,189.0,188.0,4,False,16.7,20.0,82.0,True,2.9,5.0
2025,British Grand Prix,GAS,Alpine,14.0,2.0,INTERMEDIATE,3.0,136.634,42.609,57.837,36.188,223.0,220.0,192.0,162.0,4,False,16.7,20.0,82.0,True,2.9,6.0
2025,British Grand Prix,OCO,Haas F1 Team,14.0,1.0,INTERMEDIATE,14.0,136.497,42.855,57.68,35.962,202.0,212.0,186.0,162.0,4,False,16.7,20.0,82.0,True,2.9,7.0
2025,British Grand Prix,HAM,Ferrari,14.0,2.0,INTERMEDIATE,3.0,136.623,43.792,56.557,36.274,224.0,206.0,182.0,184.0,4,False,16.7,20.0,82.0,True,2.9,8.0
2025,British Grand Prix,RUS,Mercedes,14.0,2.0,INTERMEDIATE,4.0,137.864,44.511,55.476,37.877,219.0,204.0,169.0,182.0,4,False,16.7,20.0,82.0,True,2.9,9.0
2025,British Grand Prix,ALO,Aston Martin,14.0,2.0,INTERMEDIATE,3.0,136.573,44.253,55.812,36.508,199.0,220.0,163.0,202.0,4,False,16.7,20.0,82.0,True,2.9,10.0
2025,British Grand Prix,SAI,Williams,14.0,2.0,INTERMEDIATE,3.0,135.643,43.199,55.501,36.943,212.0,222.0,110.0,184.0,4,False,16.7,20.0,82.0,True,2.9,11.0
2025,British Grand Prix,ALB,Williams,14.0,2.0,INTERMEDIATE,2.0,133.691,42.979,54.228,36.484,224.0,203.0,138.0,208.0,4,False,16.7,20.0,82.0,True,2.9,12.0
2025,British Grand Prix,TSU,Red Bull Racing,14.0,2.0,INTERMEDIATE,3.0,133.549,44.405,53.887,35.257,205.0,214.0,161.0,178.0,4,False,16.7,20.0,82.0,True,2.9,13.0
2025,British Grand Prix,LEC,Ferrari,14.0,2.0,INTERMEDIATE,4.0,135.37,46.193,53.592,35.585,242.0,199.0,168.0,232.0,4,False,16.7,20.0,82.0,True,2.9,14.0
2025,British Grand Prix,ANT,Mercedes,14.0,3.0,INTERMEDIATE,5.0,136.49,46.682,53.767,36.041,217.0,201.0,167.0,228.0,4,False,16.7,20.0,82.0,True,2.9,15.0
2025,British Grand Prix,HAD,Racing Bulls,14.0,2.0,INTERMEDIATE,4.0,136.377,47.114,53.635,35.628,222.0,207.0,183.0,251.0,4,False,16.7,20.0,82.0,True,2.9,16.0
2025,British Grand Prix,BEA,Haas F1 Team,14.0,2.0,INTERMEDIATE,4.0,136.851,46.046,54.284,36.521,186.0,219.0,175.0,181.0,4,False,16.7,20.0,82.0,True,2.9,17.0
2025,British Grand Prix,GAS,Alpine,15.0,2.0,INTERMEDIATE,4.0,148.486,42.642,60.625,45.219,194.0,100.0,78.0,187.0,4,False,16.3,20.3,84.0,True,2.1,6.0
2025,British Grand Prix,OCO,Haas F1 Team,15.0,1.0,INTERMEDIATE,15.0,147.377,42.423,60.235,44.719,198.0,144.0,86.0,195.0,4,False,16.3,20.3,84.0,True,2.1,7.0
2025,British Grand Prix,HAM,Ferrari,15.0,2.0,INTERMEDIATE,4.0,146.802,42.614,59.46,44.728,189.0,186.0,92.0,160.0,4,False,16.3,20.3,84.0,True,2.1,8.0
2025,British Grand Prix,RUS,Mercedes,15.0,2.0,INTERMEDIATE,5.0,144.561,40.834,59.308,44.419,234.0,213.0,79.0,139.0,4,False,16.3,20.3,84.0,True,2.1,9.0
2025,British Grand Prix,ALO,Aston Martin,15.0,2.0,INTERMEDIATE,4.0,144.268,41.183,60.366,42.719,179.0,219.0,83.0,144.0,4,False,16.3,20.3,84.0,True,2.1,10.0
2025,British Grand Prix,SAI,Williams,15.0,2.0,INTERMEDIATE,4.0,144.702,41.163,59.672,43.867,215.0,216.0,65.0,176.0,4,False,16.3,20.3,84.0,True,2.1,11.0
2025,British Grand Prix,ALB,Williams,15.0,2.0,INTERMEDIATE,3.0,144.808,42.713,58.215,43.88,108.0,221.0,68.0,175.0,4,False,16.3,20.3,84.0,True,2.1,12.0
2025,British Grand Prix,TSU,Red Bull Racing,15.0,2.0,INTERMEDIATE,4.0,144.454,42.665,58.642,43.147,139.0,216.0,63.0,155.0,4,False,16.3,20.3,84.0,True,2.1,13.0
2025,British Grand Prix,LEC,Ferrari,15.0,2.0,INTERMEDIATE,5.0,142.1,41.374,59.0,41.726,169.0,197.0,87.0,173.0,4,False,16.3,20.3,84.0,True,2.1,14.0
2025,British Grand Prix,ANT,Mercedes,15.0,3.0,INTERMEDIATE,6.0,140.841,41.01,58.232,41.599,179.0,204.0,80.0,175.0,4,False,16.3,20.3,84.0,True,2.1,15.0
2025,British Grand Prix,HAD,Racing Bulls,15.0,2.0,INTERMEDIATE,5.0,139.641,40.33,57.915,41.396,173.0,190.0,112.0,223.0,4,False,16.3,20.3,84.0,True,2.1,16.0
2025,British Grand Prix,BEA,Haas F1 Team,15.0,2.0,INTERMEDIATE,5.0,137.133,38.587,57.088,41.458,221.0,190.0,88.0,188.0,4,False,16.3,20.3,84.0,True,2.1,17.0
2025,British Grand Prix,PIA,McLaren,18.0,2.0,INTERMEDIATE,7.0,118.043,34.982,44.769,38.292,286.0,243.0,149.0,301.0,124,False,16.2,22.8,84.0,False,1.1,1.0
2025,British Grand Prix,VER,Red Bull Racing,18.0,2.0,INTERMEDIATE,7.0,118.665,35.472,45.892,37.301,274.0,239.0,124.0,301.0,124,False,16.2,22.8,84.0,False,1.1,2.0
2025,British Grand Prix,NOR,McLaren,18.0,2.0,INTERMEDIATE,7.0,119.824,36.625,45.735,37.464,284.0,237.0,112.0,299.0,124,False,16.2,22.8,84.0,False,1.1,3.0
2025,British Grand Prix,STR,Aston Martin,18.0,3.0,INTERMEDIATE,8.0,120.917,37.056,46.225,37.636,278.0,237.0,106.0,296.0,124,False,16.2,22.8,84.0,False,1.1,4.0
2025,British Grand Prix,HUL,Kick Sauber,18.0,2.0,INTERMEDIATE,9.0,124.183,37.106,46.869,40.208,256.0,237.0,171.0,268.0,124,False,16.2,22.8,84.0,False,1.1,5.0
2025,British Grand Prix,OCO,Haas F1 Team,18.0,1.0,INTERMEDIATE,18.0,123.452,38.974,49.236,35.242,243.0,228.0,,200.0,124,False,16.2,22.8,84.0,False,1.1,6.0
2025,British Grand Prix,GAS,Alpine,18.0,2.0,INTERMEDIATE,7.0,124.781,37.174,48.08,39.527,264.0,230.0,175.0,107.0,124,False,16.2,22.8,84.0,False,1.1,7.0
2025,British Grand Prix,HAM,Ferrari,18.0,2.0,INTERMEDIATE,7.0,124.321,37.25,47.282,39.789,280.0,239.0,172.0,96.0,124,False,16.2,22.8,84.0,False,1.1,8.0
2025,British Grand Prix,RUS,Mercedes,18.0,2.0,INTERMEDIATE,8.0,125.399,37.667,47.805,39.927,268.0,234.0,199.0,141.0,124,False,16.2,22.8,84.0,False,1.1,9.0
2025,British Grand Prix,ALO,Aston Martin,18.0,2.0,INTERMEDIATE,7.0,127.029,37.933,49.625,39.471,253.0,234.0,194.0,169.0,124,False,16.2,22.8,84.0,False,1.1,10.0
2025,British Grand Prix,SAI,Williams,18.0,2.0,INTERMEDIATE,7.0,128.665,37.707,50.551,40.407,277.0,179.0,175.0,173.0,124,False,16.2,22.8,84.0,False,1.1,11.0
2025,British Grand Prix,ALB,Williams,18.0,2.0,INTERMEDIATE,6.0,128.671,37.755,50.748,40.168,255.0,189.0,198.0,161.0,124,False,16.2,22.8,84.0,False,1.1,12.0
2025,British Grand Prix,LEC,Ferrari,18.0,2.0,INTERMEDIATE,8.0,130.334,37.82,50.387,42.127,264.0,174.0,194.0,204.0,124,False,16.2,22.8,84.0,False,1.1,13.0
2025,British Grand Prix,TSU,Red Bull Racing,18.0,2.0,INTERMEDIATE,7.0,132.762,37.961,51.852,42.949,242.0,164.0,197.0,191.0,124,False,16.2,22.8,84.0,False,1.1,14.0
2025,British Grand Prix,BEA,Haas F1 Team,18.0,2.0,INTERMEDIATE,8.0,131.242,37.654,52.791,40.797,249.0,163.0,185.0,221.0,124,False,16.2,22.8,84.0,False,1.1,15.0
2025,British Grand Prix,ANT,Mercedes,18.0,3.0,INTERMEDIATE,9.0,133.8,38.036,55.492,40.272,278.0,157.0,175.0,184.0,124,False,16.2,22.8,84.0,False,1.1,16.0
2025,British Grand Prix,PIA,McLaren,22.0,2.0,INTERMEDIATE,11.0,104.494,33.313,42.772,28.409,289.0,246.0,225.0,304.0,12,False,16.9,23.1,81.0,False,2.4,1.0
2025,British Grand Prix,NOR,McLaren,22.0,2.0,INTERMEDIATE,11.0,105.339,33.952,43.261,28.126,287.0,245.0,226.0,300.0,12,False,17.0,22.9,80.0,False,2.2,2.0
2025,British Grand Prix,STR,Aston Martin,22.0,3.0,INTERMEDIATE,12.0,108.945,35.206,45.01,28.729,282.0,241.0,220.0,301.0,12,False,17.0,22.9,80.0,False,2.2,3.0
2025,British Grand Prix,HUL,Kick Sauber,22.0,2.0,INTERMEDIATE,13.0,109.15,35.441,44.803,28.906,288.0,227.0,218.0,301.0,12,False,17.0,22.9,80.0,False,2.2,4.0
2025,British Grand Prix,GAS,Alpine,22.0,2.0,INTERMEDIATE,11.0,109.883,35.333,45.64,28.91,273.0,241.0,219.0,301.0,12,False,17.0,22.9,80.0,False,2.2,5.0
2025,British Grand Prix,HAM,Ferrari,22.0,2.0,INTERMEDIATE,11.0,110.026,35.413,45.486,29.127,285.0,242.0,213.0,298.0,12,False,17.0,22.9,80.0,False,2.2,6.0
2025,British Grand Prix,RUS,Mercedes,22.0,2.0,INTERMEDIATE,12.0,110.251,35.346,45.805,29.1,279.0,244.0,223.0,305.0,12,False,17.0,22.9,80.0,False,2.2,7.0
2025,British Grand Prix,ALO,Aston Martin,22.0,2.0,INTERMEDIATE,11.0,110.388,35.567,45.75,29.071,283.0,243.0,220.0,304.0,12,False,17.0,22.9,80.0,False,2.2,8.0
2025,British Grand Prix,SAI,Williams,22.0,2.0,INTERMEDIATE,11.0,110.697,35.259,45.959,29.479,265.0,242.0,218.0,300.0,12,False,17.0,22.9,80.0,False,2.2,9.0
2025,British Grand Prix,VER,Red Bull Racing,22.0,2.0,INTERMEDIATE,11.0,111.018,36.073,45.732,29.213,262.0,241.0,219.0,308.0,12,False,17.0,22.9,80.0,False,2.2,10.0
2025,British Grand Prix,ALB,Williams,22.0,2.0,INTERMEDIATE,10.0,111.437,35.598,46.426,29.413,259.0,240.0,218.0,308.0,12,False,17.0,22.9,80.0,False,2.2,11.0
2025,British Grand Prix,LEC,Ferrari,22.0,2.0,INTERMEDIATE,12.0,111.791,35.869,46.226,29.696,290.0,238.0,218.0,284.0,12,False,17.0,22.9,80.0,False,2.2,12.0
2025,British Grand Prix,OCO,Haas F1 Team,22.0,2.0,INTERMEDIATE,4.0,112.94,36.308,47.65,28.982,242.0,242.0,222.0,309.0,12,False,17.0,22.9,80.0,False,2.2,13.0
2025,British Grand Prix,TSU,Red Bull Racing,22.0,2.0,INTERMEDIATE,11.0,114.618,36.419,48.11,30.089,269.0,239.0,217.0,307.0,12,False,17.0,22.9,80.0,False,2.2,14.0
2025,British Grand Prix,BEA,Haas F1 Team,22.0,2.0,INTERMEDIATE,12.0,114.756,35.918,48.918,29.92,278.0,231.0,210.0,302.0,12,False,17.0,22.9,80.0,False,2.2,15.0
2025,British Grand Prix,ANT,Mercedes,22.0,4.0,INTERMEDIATE,2.0,115.501,36.27,48.886,30.345,286.0,235.0,207.0,303.0,12,False,17.0,22.9,80.0,False,2.2,16.0
2025,British Grand Prix,PIA,McLaren,23.0,2.0,INTERMEDIATE,12.0,102.3,32.244,41.849,28.207,291.0,248.0,226.0,302.0,1,True,17.0,22.8,81.0,False,2.4,1.0
2025,British Grand Prix,NOR,McLaren,23.0,2.0,INTERMEDIATE,12.0,102.383,32.364,42.16,27.859,289.0,246.0,226.0,304.0,1,True,17.0,22.8,81.0,False,2.4,2.0
2025,British Grand Prix,STR,Aston Martin,23.0,3.0,INTERMEDIATE,13.0,104.958,33.21,43.659,28.089,288.0,243.0,225.0,301.0,1,False,17.0,22.8,81.0,False,2.4,3.0
2025,British Grand Prix,HUL,Kick Sauber,23.0,2.0,INTERMEDIATE,14.0,105.226,33.375,43.472,28.379,291.0,244.0,223.0,298.0,1,True,17.0,22.8,81.0,False,2.4,4.0
2025,British Grand Prix,GAS,Alpine,23.0,2.0,INTERMEDIATE,12.0,105.583,33.284,43.81,28.489,287.0,241.0,223.0,307.0,1,False,17.0,22.8,81.0,False,2.4,5.0
2025,British Grand Prix,HAM,Ferrari,23.0,2.0,INTERMEDIATE,12.0,105.518,33.136,43.544,28.838,291.0,246.0,215.0,301.0,1,True,17.0,22.8,81.0,False,2.4,6.0
2025,British Grand Prix,RUS,Mercedes,23.0,2.0,INTERMEDIATE,13.0,105.37,32.932,43.933,28.505,299.0,246.0,225.0,307.0,1,False,17.0,22.8,81.0,False,2.4,7.0
2025,British Grand Prix,ALO,Aston Martin,23.0,2.0,INTERMEDIATE,12.0,106.209,33.313,44.092,28.804,288.0,243.0,225.0,302.0,1,False,17.0,22.8,81.0,False,2.4,8.0
2025,British Grand Prix,SAI,Williams,23.0,2.0,INTERMEDIATE,12.0,105.893,33.174,43.973,28.746,291.0,243.0,223.0,307.0,1,True,17.0,22.8,81.0,False,2.4,9.0
2025,British Grand Prix,VER,Red Bull Racing,23.0,2.0,INTERMEDIATE,12.0,105.863,33.293,43.941,28.629,295.0,244.0,221.0,307.0,1,False,17.0,22.8,81.0,False,2.4,10.0
2025,British Grand Prix,ALB,Williams,23.0,2.0,INTERMEDIATE,11.0,106.294,33.421,44.013,28.86,289.0,243.0,226.0,308.0,1,False,17.0,22.9,82.0,False,1.6,11.0
2025,British Grand Prix,LEC,Ferrari,23.0,2.0,INTERMEDIATE,13.0,106.291,33.438,43.916,28.937,291.0,243.0,221.0,303.0,1,False,17.0,22.9,82.0,False,1.6,12.0
2025,British Grand Prix,OCO,Haas F1 Team,23.0,2.0,INTERMEDIATE,5.0,105.993,33.343,43.959,28.691,285.0,245.0,225.0,295.0,1,True,17.0,22.9,82.0,False,1.6,13.0
2025,British Grand Prix,TSU,Red Bull Racing,23.0,2.0,INTERMEDIATE,12.0,107.784,33.964,44.983,28.837,275.0,243.0,224.0,309.0,1,False,17.0,22.9,82.0,False,1.6,14.0
2025,British Grand Prix,BEA,Haas F1 Team,23.0,2.0,INTERMEDIATE,13.0,107.955,33.811,44.782,29.362,288.0,245.0,213.0,309.0,1,False,17.0,22.9,82.0,False,1.6,15.0
2025,British Grand Prix,ANT,Mercedes,23.0,4.0,INTERMEDIATE,3.0,116.7,37.944,48.402,30.354,265.0,227.0,,276.0,1,False,17.0,22.9,82.0,False,1.6,16.0
2025,British Grand Prix,PIA,McLaren,24.0,2.0,INTERMEDIATE,13.0,101.978,32.135,41.59,28.253,293.0,246.0,228.0,305.0,1,True,17.1,22.9,80.0,False,1.8,1.0
2025,British Grand Prix,NOR,McLaren,24.0,2.0,INTERMEDIATE,13.0,101.834,32.087,41.871,27.876,291.0,245.0,227.0,303.0,1,True,17.1,22.9,80.0,False,1.8,2.0
2025,British Grand Prix,STR,Aston Martin,24.0,3.0,INTERMEDIATE,14.0,103.673,32.676,42.831,28.166,292.0,244.0,226.0,302.0,1,False,17.1,22.9,80.0,False,1.8,3.0
2025,British Grand Prix,HUL,Kick Sauber,24.0,2.0,INTERMEDIATE,15.0,103.475,32.715,42.676,28.084,295.0,244.0,229.0,302.0,1,True,17.1,22.9,80.0,False,1.8,4.0
2025,British Grand Prix,GAS,Alpine,24.0,2.0,INTERMEDIATE,13.0,104.631,32.684,43.191,28.756,286.0,243.0,224.0,295.0,1,True,17.1,22.9,80.0,False,1.8,5.0
2025,British Grand Prix,RUS,Mercedes,24.0,2.0,INTERMEDIATE,14.0,104.023,32.574,43.337,28.112,302.0,248.0,228.0,307.0,1,False,17.1,22.9,80.0,False,1.8,6.0
2025,British Grand Prix,HAM,Ferrari,24.0,2.0,INTERMEDIATE,13.0,105.853,32.664,44.641,28.548,292.0,242.0,220.0,297.0,1,False,17.1,22.9,80.0,False,1.8,7.0
2025,British Grand Prix,ALO,Aston Martin,24.0,2.0,INTERMEDIATE,13.0,104.879,32.587,43.913,28.379,291.0,246.0,225.0,305.0,1,True,17.1,22.9,80.0,False,1.8,8.0
2025,British Grand Prix,SAI,Williams,24.0,2.0,INTERMEDIATE,13.0,104.859,32.569,43.736,28.554,288.0,243.0,224.0,306.0,1,True,17.1,22.9,80.0,False,1.8,9.0
2025,British Grand Prix,VER,Red Bull Racing,24.0,2.0,INTERMEDIATE,13.0,105.017,32.645,43.603,28.769,293.0,242.0,224.0,307.0,1,False,17.1,22.9,80.0,False,1.8,10.0
2025,British Grand Prix,ALB,Williams,24.0,2.0,INTERMEDIATE,12.0,104.946,32.786,43.512,28.648,284.0,242.0,225.0,309.0,1,True,17.1,22.9,80.0,False,1.8,11.0
2025,British Grand Prix,LEC,Ferrari,24.0,2.0,INTERMEDIATE,14.0,104.821,33.081,43.247,28.493,299.0,245.0,220.0,309.0,1,False,17.1,22.9,80.0,False,1.8,12.0
2025,British Grand Prix,OCO,Haas F1 Team,24.0,2.0,INTERMEDIATE,6.0,104.602,32.97,43.326,28.306,295.0,245.0,227.0,306.0,1,True,17.1,22.9,80.0,False,1.8,13.0
2025,British Grand Prix,TSU,Red Bull Racing,24.0,2.0,INTERMEDIATE,13.0,105.467,32.739,43.716,29.012,289.0,245.0,222.0,311.0,1,True,17.1,22.9,80.0,False,1.8,14.0
2025,British Grand Prix,BEA,Haas F1 Team,24.0,2.0,INTERMEDIATE,14.0,105.308,32.77,43.329,29.209,291.0,243.0,218.0,297.0,1,False,17.1,22.9,80.0,False,1.8,15.0
2025,British Grand Prix,PIA,McLaren,25.0,2.0,INTERMEDIATE,14.0,101.581,31.977,41.713,27.891,293.0,246.0,229.0,306.0,1,True,17.1,22.7,81.0,False,1.2,1.0
2025,British Grand Prix,NOR,McLaren,25.0,2.0,INTERMEDIATE,14.0,102.017,31.971,42.11,27.936,291.0,246.0,230.0,304.0,1,False,17.1,22.7,81.0,False,1.2,2.0
2025,British Grand Prix,STR,Aston Martin,25.0,3.0,INTERMEDIATE,15.0,103.667,32.622,42.962,28.083,292.0,244.0,228.0,304.0,1,False,17.1,22.7,81.0,False,1.2,3.0
2025,British Grand Prix,HUL,Kick Sauber,25.0,2.0,INTERMEDIATE,16.0,103.716,32.51,43.008,28.198,293.0,245.0,228.0,303.0,1,False,17.1,22.7,81.0,False,1.2,4.0
2025,British Grand Prix,GAS,Alpine,25.0,2.0,INTERMEDIATE,14.0,104.204,32.597,43.234,28.373,287.0,243.0,226.0,295.0,1,True,17.1,22.7,81.0,False,1.2,5.0
2025,British Grand Prix,RUS,Mercedes,25.0,2.0,INTERMEDIATE,15.0,104.303,32.245,43.464,28.594,302.0,248.0,225.0,309.0,1,False,17.1,22.7,81.0,False,1.2,6.0
2025,British Grand Prix,HAM,Ferrari,25.0,2.0,INTERMEDIATE,14.0,103.72,32.092,43.236,28.392,297.0,244.0,218.0,308.0,1,True,17.1,22.7,81.0,False,1.2,7.0
2025,British Grand Prix,ALO,Aston Martin,25.0,2.0,INTERMEDIATE,14.0,104.158,32.273,43.318,28.567,290.0,242.0,223.0,302.0,1,True,17.1,22.7,81.0,False,1.2,8.0
2025,British Grand Prix,SAI,Williams,25.0,2.0,INTERMEDIATE,14.0,104.229,32.396,43.332,28.501,297.0,243.0,224.0,308.0,1,True,17.1,22.7,81.0,False,1.2,9.0
2025,British Grand Prix,VER,Red Bull Racing,25.0,2.0,INTERMEDIATE,14.0,104.139,32.336,43.373,28.43,297.0,243.0,224.0,307.0,1,True,17.1,22.7,81.0,False,1.2,10.0
2025,British Grand Prix,ALB,Williams,25.0,2.0,INTERMEDIATE,13.0,104.01,32.533,43.11,28.367,293.0,243.0,226.0,310.0,1,True,17.1,22.7,81.0,False,1.2,11.0
2025,British Grand Prix,LEC,Ferrari,25.0,2.0,INTERMEDIATE,15.0,104.251,32.937,42.836,28.478,296.0,242.0,219.0,308.0,1,False,17.1,22.7,81.0,False,1.2,12.0
2025,British Grand Prix,OCO,Haas F1 Team,25.0,2.0,INTERMEDIATE,7.0,104.235,32.716,43.164,28.355,289.0,244.0,229.0,303.0,1,True,17.1,22.7,81.0,False,1.2,13.0
2025,British Grand Prix,TSU,Red Bull Racing,25.0,2.0,INTERMEDIATE,14.0,104.662,32.708,43.416,28.538,291.0,243.0,226.0,310.0,1,True,17.1,22.7,81.0,False,1.2,14.0
2025,British Grand Prix,BEA,Haas F1 Team,25.0,2.0,INTERMEDIATE,15.0,104.627,32.492,43.29,28.845,300.0,245.0,224.0,311.0,1,False,17.1,22.7,81.0,False,1.2,15.0
2025,British Grand Prix,PIA,McLaren,26.0,2.0,INTERMEDIATE,15.0,101.646,31.823,41.962,27.861,293.0,244.0,231.0,304.0,1,False,17.2,22.5,80.0,False,1.3,1.0
2025,British Grand Prix,NOR,McLaren,26.0,2.0,INTERMEDIATE,15.0,102.004,32.026,42.045,27.933,292.0,245.0,230.0,302.0,1,False,17.2,22.5,80.0,False,1.3,2.0
2025,British Grand Prix,STR,Aston Martin,26.0,3.0,INTERMEDIATE,16.0,103.525,32.267,43.134,28.124,290.0,242.0,226.0,304.0,1,False,17.1,22.5,81.0,False,0.8,3.0
2025,British Grand Prix,HUL,Kick Sauber,26.0,2.0,INTERMEDIATE,17.0,103.905,32.397,43.138,28.37,286.0,244.0,225.0,299.0,1,False,17.1,22.5,81.0,False,0.8,4.0
2025,British Grand Prix,GAS,Alpine,26.0,2.0,INTERMEDIATE,15.0,104.244,32.554,43.314,28.376,288.0,242.0,227.0,299.0,1,False,17.1,22.5,81.0,False,0.8,5.0
2025,British Grand Prix,HAM,Ferrari,26.0,2.0,INTERMEDIATE,15.0,103.735,32.32,43.057,28.358,296.0,247.0,221.0,312.0,1,False,17.1,22.5,81.0,False,0.8,6.0
2025,British Grand Prix,RUS,Mercedes,26.0,2.0,INTERMEDIATE,16.0,104.89,32.417,43.44,29.033,300.0,242.0,227.0,310.0,1,False,17.1,22.5,81.0,False,0.8,7.0
2025,British Grand Prix,ALO,Aston Martin,26.0,2.0,INTERMEDIATE,15.0,103.977,32.391,43.039,28.547,294.0,240.0,225.0,308.0,1,True,17.1,22.5,81.0,False,0.8,8.0
2025,British Grand Prix,SAI,Williams,26.0,2.0,INTERMEDIATE,15.0,104.287,32.451,43.298,28.538,300.0,242.0,225.0,308.0,1,False,17.1,22.5,81.0,False,0.8,9.0
2025,British Grand Prix,VER,Red Bull Racing,26.0,2.0,INTERMEDIATE,15.0,104.304,32.365,43.372,28.567,293.0,244.0,224.0,306.0,1,False,17.1,22.5,81.0,False,0.8,10.0
2025,British Grand Prix,ALB,Williams,26.0,2.0,INTERMEDIATE,14.0,104.357,32.748,43.096,28.513,294.0,242.0,227.0,307.0,1,False,17.1,22.5,81.0,False,0.8,11.0
2025,British Grand Prix,LEC,Ferrari,26.0,2.0,INTERMEDIATE,16.0,104.13,32.852,43.059,28.219,299.0,240.0,224.0,308.0,1,False,17.1,22.5,81.0,False,0.8,12.0
2025,British Grand Prix,OCO,Haas F1 Team,26.0,2.0,INTERMEDIATE,8.0,104.236,32.675,43.328,28.233,278.0,243.0,227.0,304.0,1,False,17.1,22.5,81.0,False,0.8,13.0
2025,British Grand Prix,BEA,Haas F1 Team,26.0,2.0,INTERMEDIATE,16.0,103.157,32.451,42.487,28.219,306.0,243.0,226.0,298.0,1,False,17.1,22.5,81.0,False,0.8,14.0
2025,British Grand Prix,TSU,Red Bull Racing,26.0,2.0,INTERMEDIATE,15.0,106.003,33.06,44.474,28.469,288.0,244.0,223.0,312.0,1,False,17.1,22.5,81.0,False,0.8,15.0
2025,British Grand Prix,PIA,McLaren,27.0,2.0,INTERMEDIATE,16.0,102.133,31.792,42.311,28.03,293.0,241.0,232.0,306.0,1,False,17.2,22.6,82.0,False,0.8,1.0
2025,British Grand Prix,NOR,McLaren,27.0,2.0,INTERMEDIATE,16.0,102.096,31.862,42.047,28.187,292.0,242.0,228.0,304.0,1,False,17.2,22.6,82.0,False,0.8,2.0
2025,British Grand Prix,STR,Aston Martin,27.0,3.0,INTERMEDIATE,17.0,103.329,32.481,42.814,28.034,291.0,242.0,226.0,304.0,1,True,17.2,22.6,82.0,False,0.8,3.0
2025,British Grand Prix,HUL,Kick Sauber,27.0,2.0,INTERMEDIATE,18.0,103.748,32.452,42.664,28.632,289.0,244.0,225.0,299.0,1,False,17.2,22.6,82.0,False,0.8,4.0
2025,British Grand Prix,GAS,Alpine,27.0,2.0,INTERMEDIATE,16.0,103.205,32.301,42.728,28.176,291.0,243.0,227.0,308.0,1,True,17.2,22.6,82.0,False,0.8,5.0
2025,British Grand Prix,HAM,Ferrari,27.0,2.0,INTERMEDIATE,16.0,102.922,31.885,42.601,28.436,294.0,245.0,220.0,312.0,1,True,17.2,22.6,82.0,False,0.8,6.0
2025,British Grand Prix,RUS,Mercedes,27.0,2.0,INTERMEDIATE,17.0,103.854,32.288,42.96,28.606,301.0,242.0,226.0,309.0,1,False,17.2,22.6,82.0,False,0.8,7.0
2025,British Grand Prix,ALO,Aston Martin,27.0,2.0,INTERMEDIATE,16.0,103.527,32.256,43.013,28.258,295.0,242.0,227.0,307.0,1,True,17.2,22.6,82.0,False,0.8,8.0
2025,British Grand Prix,SAI,Williams,27.0,2.0,INTERMEDIATE,16.0,103.772,32.231,43.073,28.468,301.0,243.0,222.0,309.0,1,True,17.2,22.6,82.0,False,0.8,9.0
2025,British Grand Prix,VER,Red Bull Racing,27.0,2.0,INTERMEDIATE,16.0,103.903,32.315,43.187,28.401,298.0,242.0,221.0,309.0,1,True,17.2,22.6,82.0,False,0.8,10.0
2025,British Grand Prix,ALB,Williams,27.0,2.0,INTERMEDIATE,15.0,104.082,32.502,43.084,28.496,299.0,241.0,226.0,312.0,1,False,17.2,22.6,82.0,False,0.8,11.0
2025,British Grand Prix,LEC,Ferrari,27.0,2.0,INTERMEDIATE,17.0,103.878,32.653,42.684,28.541,299.0,245.0,223.0,313.0,1,False,17.2,22.6,82.0,False,0.8,12.0
2025,British Grand Prix,OCO,Haas F1 Team,27.0,2.0,INTERMEDIATE,9.0,103.925,32.425,43.054,28.446,291.0,243.0,226.0,304.0,1,True,17.4,22.6,81.0,False,0.7,13.0
2025,British Grand Prix,BEA,Haas F1 Team,27.0,2.0,INTERMEDIATE,17.0,102.738,32.057,42.097,28.584,292.0,242.0,222.0,301.0,1,False,17.4,22.6,81.0,False,0.7,14.0
2025,British Grand Prix,TSU,Red Bull Racing,27.0,2.0,INTERMEDIATE,16.0,104.288,32.719,43.226,28.343,299.0,244.0,222.0,312.0,1,True,17.4,22.6,81.0,False,0.7,15.0
2025,British Grand Prix,PIA,McLaren,28.0,2.0,INTERMEDIATE,17.0,102.428,32.004,42.272,28.152,293.0,241.0,231.0,306.0,1,False,17.4,22.8,82.0,False,0.8,1.0
2025,British Grand Prix,NOR,McLaren,28.0,2.0,INTERMEDIATE,17.0,102.362,31.994,42.051,28.317,293.0,244.0,221.0,304.0,1,False,17.4,22.8,82.0,False,0.8,2.0
2025,British Grand Prix,STR,Aston Martin,28.0,3.0,INTERMEDIATE,18.0,103.656,32.5,42.979,28.177,289.0,243.0,225.0,304.0,1,False,17.4,22.8,82.0,False,0.8,3.0
2025,British Grand Prix,HUL,Kick Sauber,28.0,2.0,INTERMEDIATE,19.0,103.414,32.408,42.858,28.148,291.0,243.0,230.0,300.0,1,True,17.4,22.8,82.0,False,0.8,4.0
2025,British Grand Prix,GAS,Alpine,28.0,2.0,INTERMEDIATE,17.0,103.575,32.286,42.741,28.548,290.0,242.0,223.0,300.0,1,False,17.4,22.8,82.0,False,0.8,5.0
2025,British Grand Prix,HAM,Ferrari,28.0,2.0,INTERMEDIATE,17.0,103.668,31.925,42.851,28.892,299.0,246.0,221.0,312.0,1,False,17.4,22.8,82.0,False,0.8,6.0
2025,British Grand Prix,RUS,Mercedes,28.0,2.0,INTERMEDIATE,18.0,103.669,32.295,42.763,28.611,300.0,242.0,225.0,306.0,1,False,17.4,22.8,82.0,False,0.8,7.0
2025,British Grand Prix,ALO,Aston Martin,28.0,2.0,INTERMEDIATE,17.0,103.779,32.306,42.843,28.63,296.0,241.0,222.0,307.0,1,False,17.4,22.8,82.0,False,0.8,8.0
2025,British Grand Prix,SAI,Williams,28.0,2.0,INTERMEDIATE,17.0,104.265,32.356,43.235,28.674,300.0,241.0,222.0,308.0,1,False,17.4,22.8,82.0,False,0.8,9.0
2025,British Grand Prix,VER,Red Bull Racing,28.0,2.0,INTERMEDIATE,17.0,104.243,32.313,43.301,28.629,294.0,243.0,221.0,308.0,1,False,17.4,22.8,82.0,False,0.8,10.0
2025,British Grand Prix,ALB,Williams,28.0,2.0,INTERMEDIATE,16.0,104.367,32.586,43.132,28.649,294.0,241.0,224.0,311.0,1,False,17.4,22.8,82.0,False,0.8,11.0
2025,British Grand Prix,LEC,Ferrari,28.0,2.0,INTERMEDIATE,18.0,104.728,32.902,42.901,28.925,296.0,241.0,224.0,303.0,1,False,17.4,22.8,82.0,False,0.8,12.0
2025,British Grand Prix,OCO,Haas F1 Team,28.0,2.0,INTERMEDIATE,10.0,104.874,32.497,43.234,29.143,295.0,241.0,221.0,303.0,1,False,17.4,22.8,82.0,False,0.8,13.0
2025,British Grand Prix,BEA,Haas F1 Team,28.0,2.0,INTERMEDIATE,18.0,103.912,32.415,42.648,28.849,294.0,241.0,223.0,302.0,1,False,17.4,22.8,82.0,False,0.8,14.0
2025,British Grand Prix,TSU,Red Bull Racing,28.0,2.0,INTERMEDIATE,17.0,105.522,32.676,43.988,28.858,293.0,243.0,221.0,312.0,1,False,17.4,22.8,82.0,False,0.8,15.0
2025,British Grand Prix,PIA,McLaren,29.0,2.0,INTERMEDIATE,18.0,102.815,32.093,42.455,28.267,292.0,243.0,229.0,306.0,1,False,17.5,22.8,82.0,False,1.3,1.0
2025,British Grand Prix,NOR,McLaren,29.0,2.0,INTERMEDIATE,18.0,102.634,32.082,42.298,28.254,291.0,243.0,229.0,304.0,1,False,17.5,22.8,82.0,False,1.3,2.0
2025,British Grand Prix,STR,Aston Martin,29.0,3.0,INTERMEDIATE,19.0,103.467,32.49,42.786,28.191,289.0,243.0,224.0,306.0,1,False,17.5,22.4,81.0,False,1.3,3.0
2025,British Grand Prix,HUL,Kick Sauber,29.0,2.0,INTERMEDIATE,20.0,103.643,32.429,42.691,28.523,288.0,243.0,226.0,300.0,1,False,17.5,22.4,81.0,False,1.3,4.0
2025,British Grand Prix,HAM,Ferrari,29.0,2.0,INTERMEDIATE,18.0,103.851,32.204,43.082,28.565,294.0,245.0,220.0,304.0,1,False,17.5,22.4,81.0,False,1.3,5.0
2025,British Grand Prix,GAS,Alpine,29.0,2.0,INTERMEDIATE,18.0,104.969,32.435,43.131,29.403,287.0,241.0,214.0,297.0,1,False,17.5,22.4,81.0,False,1.3,6.0
2025,British Grand Prix,RUS,Mercedes,29.0,2.0,INTERMEDIATE,19.0,103.869,32.294,42.904,28.671,300.0,243.0,222.0,308.0,1,False,17.5,22.4,81.0,False,1.3,7.0
2025,British Grand Prix,ALO,Aston Martin,29.0,2.0,INTERMEDIATE,18.0,103.763,32.545,42.793,28.425,295.0,242.0,223.0,307.0,1,False,17.5,22.4,81.0,False,1.3,8.0
2025,British Grand Prix,SAI,Williams,29.0,2.0,INTERMEDIATE,18.0,104.379,32.469,43.196,28.714,300.0,242.0,221.0,308.0,1,False,17.5,22.4,81.0,False,1.3,9.0
2025,British Grand Prix,VER,Red Bull Racing,29.0,2.0,INTERMEDIATE,18.0,104.716,32.647,43.321,28.748,293.0,241.0,216.0,310.0,1,False,17.5,22.4,81.0,False,1.3,10.0
2025,British Grand Prix,ALB,Williams,29.0,2.0,INTERMEDIATE,17.0,104.591,32.552,43.239,28.8,300.0,241.0,221.0,307.0,1,False,17.5,22.4,81.0,False,1.3,11.0
2025,British Grand Prix,LEC,Ferrari,29.0,2.0,INTERMEDIATE,19.0,104.472,32.468,43.197,28.807,297.0,244.0,223.0,303.0,1,False,17.5,22.4,81.0,False,1.3,12.0
2025,British Grand Prix,OCO,Haas F1 Team,29.0,2.0,INTERMEDIATE,11.0,105.498,32.758,43.632,29.108,290.0,241.0,222.0,300.0,1,False,17.5,22.4,81.0,False,1.3,13.0
2025,British Grand Prix,BEA,Haas F1 Team,29.0,2.0,INTERMEDIATE,19.0,104.926,32.721,43.165,29.04,292.0,242.0,217.0,302.0,1,False,17.5,22.4,81.0,False,1.3,14.0
2025,British Grand Prix,TSU,Red Bull Racing,29.0,2.0,INTERMEDIATE,18.0,104.551,32.757,43.367,28.427,295.0,244.0,222.0,312.0,1,False,17.5,22.4,81.0,False,1.3,15.0
2025,British Grand Prix,PIA,McLaren,30.0,2.0,INTERMEDIATE,19.0,102.887,32.008,42.543,28.336,294.0,243.0,232.0,306.0,1,False,17.6,22.4,80.0,False,0.8,1.0
2025,British Grand Prix,NOR,McLaren,30.0,2.0,INTERMEDIATE,19.0,102.403,32.014,42.095,28.294,294.0,243.0,229.0,305.0,1,False,17.6,22.4,80.0,False,0.8,2.0
2025,British Grand Prix,STR,Aston Martin,30.0,3.0,INTERMEDIATE,20.0,104.094,32.575,43.008,28.511,292.0,239.0,225.0,304.0,1,False,17.6,22.4,80.0,False,0.8,3.0
2025,British Grand Prix,HUL,Kick Sauber,30.0,2.0,INTERMEDIATE,21.0,103.379,32.536,42.515,28.328,289.0,244.0,230.0,302.0,1,True,17.6,22.4,80.0,False,0.8,4.0
2025,British Grand Prix,HAM,Ferrari,30.0,2.0,INTERMEDIATE,19.0,103.57,32.208,42.719,28.643,290.0,237.0,221.0,297.0,1,False,17.7,22.4,82.0,False,1.7,5.0
2025,British Grand Prix,GAS,Alpine,30.0,2.0,INTERMEDIATE,19.0,105.061,33.004,43.384,28.673,290.0,242.0,226.0,300.0,1,False,17.7,22.4,82.0,False,1.7,6.0
2025,British Grand Prix,RUS,Mercedes,30.0,2.0,INTERMEDIATE,20.0,104.714,32.581,43.329,28.804,299.0,246.0,222.0,308.0,1,False,17.7,22.4,82.0,False,1.7,7.0
2025,British Grand Prix,ALO,Aston Martin,30.0,2.0,INTERMEDIATE,19.0,104.281,32.517,43.086,28.678,297.0,243.0,224.0,312.0,1,False,17.7,22.4,82.0,False,1.7,8.0
2025,British Grand Prix,SAI,Williams,30.0,2.0,INTERMEDIATE,19.0,104.712,32.602,43.417,28.693,297.0,241.0,217.0,307.0,1,False,17.7,22.4,82.0,False,1.7,9.0
2025,British Grand Prix,VER,Red Bull Racing,30.0,2.0,INTERMEDIATE,19.0,104.721,32.507,43.399,28.815,286.0,241.0,221.0,308.0,1,False,17.7,22.4,82.0,False,1.7,10.0
2025,British Grand Prix,ALB,Williams,30.0,2.0,INTERMEDIATE,18.0,104.618,32.677,43.093,28.848,295.0,241.0,222.0,310.0,1,False,17.7,22.4,82.0,False,1.7,11.0
2025,British Grand Prix,LEC,Ferrari,30.0,2.0,INTERMEDIATE,20.0,104.511,32.605,43.199,28.707,296.0,241.0,222.0,302.0,1,False,17.7,22.4,82.0,False,1.7,12.0
2025,British Grand Prix,BEA,Haas F1 Team,30.0,2.0,INTERMEDIATE,20.0,104.269,32.802,42.796,28.671,293.0,241.0,220.0,302.0,1,False,17.7,22.4,82.0,False,1.7,13.0
2025,British Grand Prix,OCO,Haas F1 Team,30.0,2.0,INTERMEDIATE,12.0,106.803,33.675,44.28,28.848,256.0,240.0,221.0,304.0,1,False,17.7,22.4,82.0,False,1.7,14.0
2025,British Grand Prix,TSU,Red Bull Racing,30.0,2.0,INTERMEDIATE,19.0,104.388,32.609,43.298,28.481,295.0,243.0,223.0,312.0,1,False,17.7,22.4,82.0,False,1.7,15.0
2025,British Grand Prix,PIA,McLaren,31.0,2.0,INTERMEDIATE,20.0,102.642,32.061,42.638,27.943,290.0,243.0,233.0,306.0,1,False,17.7,23.0,80.0,False,1.1,1.0
2025,British Grand Prix,NOR,McLaren,31.0,2.0,INTERMEDIATE,20.0,102.087,31.974,42.14,27.973,291.0,245.0,231.0,303.0,1,False,17.7,23.0,80.0,False,1.1,2.0
2025,British Grand Prix,STR,Aston Martin,31.0,3.0,INTERMEDIATE,21.0,104.096,32.686,42.968,28.442,290.0,241.0,228.0,305.0,1,False,17.7,23.0,80.0,False,1.1,3.0
2025,British Grand Prix,HUL,Kick Sauber,31.0,2.0,INTERMEDIATE,22.0,103.832,32.567,42.853,28.412,289.0,243.0,231.0,302.0,1,False,17.7,23.0,80.0,False,1.1,4.0
2025,British Grand Prix,HAM,Ferrari,31.0,2.0,INTERMEDIATE,20.0,103.59,32.197,42.802,28.591,292.0,243.0,227.0,301.0,1,False,17.7,23.0,80.0,False,1.1,5.0
2025,British Grand Prix,GAS,Alpine,31.0,2.0,INTERMEDIATE,20.0,104.504,32.532,43.23,28.742,292.0,240.0,227.0,302.0,1,False,17.7,23.0,80.0,False,1.1,6.0
2025,British Grand Prix,RUS,Mercedes,31.0,2.0,INTERMEDIATE,21.0,104.706,32.473,43.362,28.871,302.0,242.0,229.0,308.0,1,False,17.7,23.0,80.0,False,1.1,7.0
2025,British Grand Prix,ALO,Aston Martin,31.0,2.0,INTERMEDIATE,20.0,104.625,32.604,43.226,28.795,291.0,241.0,224.0,307.0,1,False,17.7,23.0,80.0,False,1.1,8.0
2025,British Grand Prix,SAI,Williams,31.0,2.0,INTERMEDIATE,20.0,104.747,32.558,43.458,28.731,299.0,241.0,222.0,308.0,1,False,17.7,23.0,80.0,False,1.1,9.0
2025,British Grand Prix,VER,Red Bull Racing,31.0,2.0,INTERMEDIATE,20.0,104.559,32.345,43.564,28.65,295.0,242.0,224.0,311.0,1,False,17.7,23.0,80.0,False,1.1,10.0
2025,British Grand Prix,ALB,Williams,31.0,2.0,INTERMEDIATE,19.0,104.761,32.5,43.452,28.809,299.0,240.0,223.0,309.0,1,False,17.7,23.0,80.0,False,1.1,11.0
2025,British Grand Prix,LEC,Ferrari,31.0,2.0,INTERMEDIATE,21.0,104.832,32.632,43.447,28.753,296.0,240.0,219.0,304.0,1,False,17.7,23.0,80.0,False,1.1,12.0
2025,British Grand Prix,BEA,Haas F1 Team,31.0,2.0,INTERMEDIATE,21.0,104.0,32.65,42.843,28.507,293.0,242.0,221.0,302.0,1,False,17.9,23.3,80.0,False,1.5,13.0
2025,British Grand Prix,OCO,Haas F1 Team,31.0,2.0,INTERMEDIATE,13.0,104.509,32.464,43.598,28.447,292.0,241.0,230.0,307.0,1,False,17.9,23.3,80.0,False,1.5,14.0
2025,British Grand Prix,TSU,Red Bull Racing,31.0,2.0,INTERMEDIATE,20.0,104.794,32.721,43.593,28.48,293.0,244.0,223.0,314.0,1,False,17.9,23.3,80.0,False,1.5,15.0
2025,British Grand Prix,PIA,McLaren,32.0,2.0,INTERMEDIATE,21.0,102.01,31.913,42.163,27.934,291.0,243.0,233.0,306.0,1,False,17.9,23.5,80.0,False,0.5,1.0
2025,British Grand Prix,NOR,McLaren,32.0,2.0,INTERMEDIATE,21.0,101.925,31.92,41.948,28.057,295.0,245.0,229.0,306.0,1,False,17.9,23.5,80.0,False,0.5,2.0
2025,British Grand Prix,STR,Aston Martin,32.0,3.0,INTERMEDIATE,22.0,104.277,32.418,43.271,28.588,293.0,241.0,229.0,306.0,1,False,17.9,23.5,80.0,False,0.5,3.0
2025,British Grand Prix,HUL,Kick Sauber,32.0,2.0,INTERMEDIATE,23.0,103.946,32.55,42.788,28.608,293.0,246.0,231.0,310.0,1,False,17.9,23.5,80.0,False,0.5,4.0
2025,British Grand Prix,HAM,Ferrari,32.0,2.0,INTERMEDIATE,21.0,103.029,32.154,42.291,28.584,294.0,241.0,226.0,302.0,1,False,17.9,23.5,80.0,False,0.5,5.0
2025,British Grand Prix,GAS,Alpine,32.0,2.0,INTERMEDIATE,21.0,104.368,32.737,43.133,28.498,293.0,240.0,229.0,302.0,1,False,17.9,23.5,80.0,False,0.5,6.0
2025,British Grand Prix,RUS,Mercedes,32.0,2.0,INTERMEDIATE,22.0,104.186,32.464,43.019,28.703,300.0,245.0,227.0,312.0,1,False,17.9,23.5,80.0,False,0.5,7.0
2025,British Grand Prix,ALO,Aston Martin,32.0,2.0,INTERMEDIATE,21.0,104.587,32.507,43.42,28.66,296.0,239.0,222.0,308.0,1,False,17.9,23.5,80.0,False,0.5,8.0
2025,British Grand Prix,SAI,Williams,32.0,2.0,INTERMEDIATE,21.0,105.107,32.771,43.682,28.654,301.0,240.0,221.0,308.0,1,False,17.9,23.5,80.0,False,0.5,9.0
2025,British Grand Prix,VER,Red Bull Racing,32.0,2.0,INTERMEDIATE,21.0,104.511,32.555,43.556,28.4,296.0,243.0,226.0,310.0,1,False,17.9,23.5,80.0,False,0.5,10.0
2025,British Grand Prix,ALB,Williams,32.0,2.0,INTERMEDIATE,20.0,105.126,32.672,43.841,28.613,295.0,239.0,227.0,309.0,1,False,17.9,23.5,80.0,False,0.5,11.0
2025,British Grand Prix,LEC,Ferrari,32.0,2.0,INTERMEDIATE,22.0,105.187,32.654,44.06,28.473,294.0,239.0,225.0,302.0,1,False,17.9,23.5,80.0,False,0.5,12.0
2025,British Grand Prix,BEA,Haas F1 Team,32.0,2.0,INTERMEDIATE,22.0,103.978,32.594,43.04,28.344,293.0,241.0,219.0,302.0,1,False,17.9,23.5,80.0,False,0.5,13.0
2025,British Grand Prix,OCO,Haas F1 Team,32.0,2.0,INTERMEDIATE,14.0,103.911,32.566,42.937,28.408,291.0,242.0,228.0,300.0,1,True,17.9,23.5,80.0,False,0.5,14.0
2025,British Grand Prix,TSU,Red Bull Racing,32.0,2.0,INTERMEDIATE,21.0,104.939,32.944,43.635,28.36,291.0,242.0,223.0,313.0,1,False,17.9,23.5,80.0,False,0.5,15.0
2025,British Grand Prix,PIA,McLaren,33.0,2.0,INTERMEDIATE,22.0,101.663,31.885,41.893,27.885,292.0,244.0,226.0,306.0,1,False,18.0,23.6,77.0,False,1.1,1.0
2025,British Grand Prix,NOR,McLaren,33.0,2.0,INTERMEDIATE,22.0,101.411,31.961,41.733,27.717,292.0,246.0,233.0,303.0,1,True,18.0,23.6,77.0,False,1.1,2.0
2025,British Grand Prix,STR,Aston Martin,33.0,3.0,INTERMEDIATE,23.0,103.803,32.507,42.953,28.343,289.0,242.0,230.0,303.0,1,False,18.0,23.5,76.0,False,1.2,3.0
2025,British Grand Prix,HUL,Kick Sauber,33.0,2.0,INTERMEDIATE,24.0,103.882,32.418,42.974,28.49,290.0,244.0,230.0,301.0,1,False,18.0,23.5,76.0,False,1.2,4.0
2025,British Grand Prix,HAM,Ferrari,33.0,2.0,INTERMEDIATE,22.0,102.567,32.049,42.267,28.251,292.0,243.0,228.0,302.0,1,True,18.0,23.5,76.0,False,1.2,5.0
2025,British Grand Prix,GAS,Alpine,33.0,2.0,INTERMEDIATE,22.0,105.205,32.758,43.464,28.983,298.0,240.0,226.0,300.0,1,False,18.0,23.5,76.0,False,1.2,6.0
2025,British Grand Prix,RUS,Mercedes,33.0,2.0,INTERMEDIATE,23.0,104.928,32.259,43.664,29.005,300.0,246.0,223.0,311.0,1,False,18.0,23.5,76.0,False,1.2,7.0
2025,British Grand Prix,ALO,Aston Martin,33.0,2.0,INTERMEDIATE,22.0,104.331,32.42,43.258,28.653,293.0,238.0,224.0,306.0,1,False,18.0,23.5,76.0,False,1.2,8.0
2025,British Grand Prix,SAI,Williams,33.0,2.0,INTERMEDIATE,22.0,104.414,32.536,43.294,28.584,300.0,241.0,221.0,308.0,1,False,18.0,23.5,76.0,False,1.2,9.0
2025,British Grand Prix,VER,Red Bull Racing,33.0,2.0,INTERMEDIATE,22.0,104.306,32.321,43.443,28.542,296.0,240.0,225.0,309.0,1,False,18.0,23.5,76.0,False,1.2,10.0
2025,British Grand Prix,ALB,Williams,33.0,2.0,INTERMEDIATE,21.0,104.063,32.491,43.087,28.485,299.0,241.0,224.0,309.0,1,False,18.0,23.5,76.0,False,1.2,11.0
2025,British Grand Prix,LEC,Ferrari,33.0,2.0,INTERMEDIATE,23.0,104.096,32.469,43.213,28.414,295.0,242.0,224.0,303.0,1,False,18.0,23.5,76.0,False,1.2,12.0
2025,British Grand Prix,BEA,Haas F1 Team,33.0,2.0,INTERMEDIATE,23.0,103.937,32.576,42.987,28.374,293.0,242.0,223.0,303.0,1,False,18.0,23.5,76.0,False,1.2,13.0
2025,British Grand Prix,OCO,Haas F1 Team,33.0,2.0,INTERMEDIATE,15.0,103.97,32.672,43.108,28.19,289.0,242.0,230.0,298.0,1,False,18.0,23.5,76.0,False,1.2,14.0
2025,British Grand Prix,TSU,Red Bull Racing,33.0,2.0,INTERMEDIATE,22.0,105.663,32.944,43.942,28.777,290.0,241.0,226.0,313.0,1,False,18.0,23.5,76.0,False,1.2,15.0
2025,British Grand Prix,PIA,McLaren,34.0,2.0,INTERMEDIATE,23.0,101.386,31.863,41.864,27.659,293.0,243.0,236.0,305.0,1,True,18.0,23.3,73.0,False,1.3,1.0
2025,British Grand Prix,NOR,McLaren,34.0,2.0,INTERMEDIATE,23.0,101.136,31.952,41.696,27.488,294.0,244.0,233.0,306.0,1,True,18.0,23.3,73.0,False,1.3,2.0
2025,British Grand Prix,HUL,Kick Sauber,34.0,2.0,INTERMEDIATE,25.0,103.089,32.49,42.965,27.634,286.0,246.0,234.0,322.0,1,True,18.0,23.3,73.0,False,1.3,3.0
2025,British Grand Prix,STR,Aston Martin,34.0,3.0,INTERMEDIATE,24.0,104.881,32.617,43.077,29.187,288.0,241.0,227.0,306.0,1,False,18.0,23.3,73.0,False,1.3,4.0
2025,British Grand Prix,HAM,Ferrari,34.0,2.0,INTERMEDIATE,23.0,103.044,31.879,42.677,28.488,293.0,243.0,219.0,322.0,1,False,18.0,23.3,73.0,False,1.3,5.0
2025,British Grand Prix,GAS,Alpine,34.0,2.0,INTERMEDIATE,23.0,104.227,32.636,43.19,28.401,296.0,241.0,229.0,300.0,1,False,18.2,23.2,74.0,False,0.7,6.0
2025,British Grand Prix,RUS,Mercedes,34.0,2.0,INTERMEDIATE,24.0,104.359,32.311,43.74,28.308,302.0,246.0,228.0,320.0,1,False,18.2,23.2,74.0,False,0.7,7.0
2025,British Grand Prix,ALO,Aston Martin,34.0,2.0,INTERMEDIATE,23.0,104.712,32.634,43.607,28.471,294.0,239.0,229.0,326.0,1,False,18.2,23.2,74.0,False,0.7,8.0
2025,British Grand Prix,VER,Red Bull Racing,34.0,2.0,INTERMEDIATE,23.0,103.923,32.325,43.352,28.246,291.0,241.0,228.0,323.0,1,False,18.2,23.2,74.0,False,0.7,9.0
2025,British Grand Prix,SAI,Williams,34.0,2.0,INTERMEDIATE,23.0,105.146,32.402,43.282,29.462,303.0,244.0,207.0,309.0,1,False,18.2,23.2,74.0,False,0.7,10.0
2025,British Grand Prix,ALB,Williams,34.0,2.0,INTERMEDIATE,22.0,104.29,32.282,43.22,28.788,301.0,242.0,221.0,312.0,1,False,18.2,23.2,74.0,False,0.7,11.0
2025,British Grand Prix,LEC,Ferrari,34.0,2.0,INTERMEDIATE,24.0,104.024,32.289,43.087,28.648,297.0,240.0,220.0,318.0,1,False,18.2,23.2,74.0,False,0.7,12.0
2025,British Grand Prix,BEA,Haas F1 Team,34.0,2.0,INTERMEDIATE,24.0,103.948,32.528,43.004,28.416,292.0,239.0,220.0,302.0,1,False,18.2,23.2,74.0,False,0.7,13.0
2025,British Grand Prix,OCO,Haas F1 Team,34.0,2.0,INTERMEDIATE,16.0,104.039,32.441,43.222,28.376,286.0,242.0,230.0,299.0,1,False,18.2,23.2,74.0,False,0.7,14.0
2025,British Grand Prix,TSU,Red Bull Racing,34.0,2.0,INTERMEDIATE,23.0,105.52,33.002,43.658,28.86,295.0,240.0,225.0,311.0,1,False,18.2,23.2,74.0,False,0.7,15.0
2025,British Grand Prix,PIA,McLaren,35.0,2.0,INTERMEDIATE,24.0,101.091,31.824,41.694,27.573,292.0,247.0,235.0,306.0,1,True,18.3,23.3,74.0,False,0.9,1.0
2025,British Grand Prix,NOR,McLaren,35.0,2.0,INTERMEDIATE,24.0,101.103,31.757,41.819,27.527,292.0,245.0,232.0,303.0,1,True,18.3,23.3,74.0,False,0.9,2.0
2025,British Grand Prix,HUL,Kick Sauber,35.0,2.0,INTERMEDIATE,26.0,101.463,32.151,41.559,27.753,288.0,247.0,232.0,298.0,1,True,18.3,23.3,74.0,False,0.9,3.0
2025,British Grand Prix,HAM,Ferrari,35.0,2.0,INTERMEDIATE,24.0,101.444,32.229,41.588,27.627,303.0,242.0,231.0,302.0,1,True,18.3,23.3,74.0,False,0.9,4.0
2025,British Grand Prix,STR,Aston Martin,35.0,3.0,INTERMEDIATE,25.0,105.225,33.312,43.641,28.272,288.0,240.0,230.0,306.0,1,False,18.3,23.3,74.0,False,0.9,5.0
2025,British Grand Prix,GAS,Alpine,35.0,2.0,INTERMEDIATE,24.0,102.768,32.404,42.301,28.063,288.0,242.0,229.0,307.0,1,True,18.3,23.3,74.0,False,0.9,6.0
2025,British Grand Prix,RUS,Mercedes,35.0,2.0,INTERMEDIATE,25.0,102.795,32.079,42.637,28.079,292.0,248.0,232.0,323.0,1,False,18.3,23.3,74.0,False,0.9,7.0
2025,British Grand Prix,ALO,Aston Martin,35.0,2.0,INTERMEDIATE,24.0,103.238,32.243,42.791,28.204,310.0,237.0,231.0,308.0,1,True,18.3,23.3,74.0,False,0.9,8.0
2025,British Grand Prix,VER,Red Bull Racing,35.0,2.0,INTERMEDIATE,24.0,102.617,32.234,42.506,27.877,295.0,242.0,229.0,309.0,1,True,18.3,23.3,74.0,False,0.9,9.0
2025,British Grand Prix,SAI,Williams,35.0,2.0,INTERMEDIATE,24.0,104.475,32.91,43.248,28.317,301.0,239.0,227.0,304.0,1,False,18.3,23.3,74.0,False,0.9,10.0
2025,British Grand Prix,LEC,Ferrari,35.0,2.0,INTERMEDIATE,25.0,103.415,32.389,42.702,28.324,303.0,240.0,224.0,305.0,1,False,18.3,23.3,74.0,False,0.9,11.0
2025,British Grand Prix,ALB,Williams,35.0,2.0,INTERMEDIATE,23.0,105.664,33.615,43.41,28.639,292.0,239.0,222.0,310.0,1,False,18.3,23.3,74.0,False,0.9,12.0
2025,British Grand Prix,BEA,Haas F1 Team,35.0,2.0,INTERMEDIATE,25.0,104.439,32.516,43.479,28.444,296.0,240.0,221.0,318.0,1,False,18.3,23.3,74.0,False,0.9,13.0
2025,British Grand Prix,OCO,Haas F1 Team,35.0,2.0,INTERMEDIATE,17.0,103.436,32.411,43.013,28.012,295.0,241.0,229.0,307.0,1,True,18.3,23.3,74.0,False,0.9,14.0
2025,British Grand Prix,TSU,Red Bull Racing,35.0,2.0,INTERMEDIATE,24.0,105.239,32.838,43.635,28.766,297.0,241.0,225.0,312.0,1,False,18.5,23.2,73.0,False,1.9,15.0
2025,British Grand Prix,PIA,McLaren,36.0,2.0,INTERMEDIATE,25.0,100.97,31.707,41.63,27.633,293.0,245.0,237.0,306.0,1,True,18.5,23.2,73.0,False,1.9,1.0
2025,British Grand Prix,NOR,McLaren,36.0,2.0,INTERMEDIATE,25.0,100.71,31.889,41.323,27.498,294.0,245.0,235.0,304.0,1,True,18.5,23.2,73.0,False,1.9,2.0
2025,British Grand Prix,HUL,Kick Sauber,36.0,2.0,INTERMEDIATE,27.0,101.519,32.185,41.764,27.57,290.0,247.0,234.0,302.0,1,False,18.5,23.2,72.0,False,1.4,3.0
2025,British Grand Prix,HAM,Ferrari,36.0,2.0,INTERMEDIATE,25.0,101.354,31.633,41.726,27.995,294.0,242.0,230.0,318.0,1,True,18.5,23.2,72.0,False,1.4,4.0
2025,British Grand Prix,STR,Aston Martin,36.0,3.0,INTERMEDIATE,26.0,103.139,32.367,42.784,27.988,292.0,244.0,226.0,306.0,1,True,18.5,23.2,72.0,False,1.4,5.0
2025,British Grand Prix,GAS,Alpine,36.0,2.0,INTERMEDIATE,25.0,102.42,32.278,42.114,28.028,288.0,242.0,230.0,301.0,1,True,18.5,23.2,72.0,False,1.4,6.0
2025,British Grand Prix,RUS,Mercedes,36.0,2.0,INTERMEDIATE,26.0,102.502,32.073,42.571,27.858,308.0,244.0,233.0,318.0,1,False,18.5,23.2,72.0,False,1.4,7.0
2025,British Grand Prix,ALO,Aston Martin,36.0,2.0,INTERMEDIATE,25.0,102.516,31.861,42.626,28.029,311.0,239.0,233.0,321.0,1,True,18.5,23.2,72.0,False,1.4,8.0
2025,British Grand Prix,VER,Red Bull Racing,36.0,2.0,INTERMEDIATE,25.0,101.924,32.072,42.122,27.73,301.0,244.0,233.0,311.0,1,True,18.5,23.2,72.0,False,1.4,9.0
2025,British Grand Prix,SAI,Williams,36.0,2.0,INTERMEDIATE,25.0,103.152,32.264,42.745,28.143,302.0,244.0,226.0,311.0,1,True,18.5,23.2,72.0,False,1.4,10.0
2025,British Grand Prix,LEC,Ferrari,36.0,2.0,INTERMEDIATE,26.0,102.957,31.923,42.583,28.451,310.0,245.0,227.0,322.0,1,False,18.5,23.2,72.0,False,1.4,11.0
2025,British Grand Prix,ALB,Williams,36.0,2.0,INTERMEDIATE,24.0,102.965,32.306,42.473,28.186,303.0,242.0,224.0,312.0,1,True,18.5,23.2,72.0,False,1.4,12.0
2025,British Grand Prix,BEA,Haas F1 Team,36.0,2.0,INTERMEDIATE,26.0,102.937,32.293,42.61,28.034,307.0,245.0,224.0,320.0,1,False,18.5,23.2,72.0,False,1.4,13.0
2025,British Grand Prix,OCO,Haas F1 Team,36.0,2.0,INTERMEDIATE,18.0,102.888,32.44,42.479,27.969,300.0,245.0,231.0,306.0,1,True,18.5,23.2,72.0,False,1.4,14.0
2025,British Grand Prix,TSU,Red Bull Racing,36.0,2.0,INTERMEDIATE,25.0,104.526,32.837,43.118,28.571,297.0,242.0,226.0,313.0,1,False,18.5,23.2,72.0,False,1.4,15.0
2025,British Grand Prix,PIA,McLaren,37.0,2.0,INTERMEDIATE,26.0,100.351,31.79,41.242,27.319,291.0,246.0,239.0,307.0,1,True,18.5,23.4,73.0,False,0.6,1.0
2025,British Grand Prix,NOR,McLaren,37.0,2.0,INTERMEDIATE,26.0,100.803,31.943,41.518,27.342,293.0,245.0,237.0,305.0,1,False,18.5,23.4,73.0,False,0.6,2.0
2025,British Grand Prix,HUL,Kick Sauber,37.0,2.0,INTERMEDIATE,28.0,101.009,32.114,41.539,27.356,286.0,248.0,237.0,301.0,1,True,18.5,23.4,73.0,False,0.6,3.0
2025,British Grand Prix,HAM,Ferrari,37.0,2.0,INTERMEDIATE,26.0,100.507,31.667,41.518,27.322,291.0,245.0,234.0,319.0,1,True,18.5,23.4,73.0,False,0.6,4.0
2025,British Grand Prix,STR,Aston Martin,37.0,3.0,INTERMEDIATE,27.0,102.74,32.246,42.524,27.97,292.0,244.0,228.0,306.0,1,True,18.5,23.7,72.0,False,1.5,5.0
2025,British Grand Prix,GAS,Alpine,37.0,2.0,INTERMEDIATE,26.0,101.825,32.184,41.807,27.834,287.0,243.0,232.0,301.0,1,True,18.5,23.7,72.0,False,1.5,6.0
2025,British Grand Prix,ALO,Aston Martin,37.0,2.0,INTERMEDIATE,26.0,100.138,32.11,41.901,26.127,296.0,241.0,,307.0,1,False,18.5,23.7,72.0,False,1.5,7.0
2025,British Grand Prix,RUS,Mercedes,37.0,2.0,INTERMEDIATE,27.0,101.85,31.954,42.202,27.694,310.0,246.0,235.0,322.0,1,False,18.5,23.7,72.0,False,1.5,8.0
2025,British Grand Prix,VER,Red Bull Racing,37.0,2.0,INTERMEDIATE,26.0,101.583,31.969,41.958,27.656,298.0,244.0,235.0,310.0,1,True,18.5,23.7,72.0,False,1.5,9.0
2025,British Grand Prix,SAI,Williams,37.0,2.0,INTERMEDIATE,26.0,103.057,32.305,42.797,27.955,302.0,245.0,230.0,308.0,1,True,18.5,23.7,72.0,False,1.5,10.0
2025,British Grand Prix,LEC,Ferrari,37.0,2.0,INTERMEDIATE,27.0,102.994,31.982,42.887,28.125,306.0,246.0,230.0,318.0,1,False,18.5,23.7,72.0,False,1.5,11.0
2025,British Grand Prix,ALB,Williams,37.0,2.0,INTERMEDIATE,25.0,102.684,32.181,42.431,28.072,301.0,243.0,229.0,311.0,1,True,18.5,23.7,72.0,False,1.5,12.0
2025,British Grand Prix,BEA,Haas F1 Team,37.0,2.0,INTERMEDIATE,27.0,103.169,32.253,42.514,28.402,303.0,242.0,230.0,304.0,1,False,18.5,23.7,72.0,False,1.5,13.0
2025,British Grand Prix,OCO,Haas F1 Team,37.0,2.0,INTERMEDIATE,19.0,102.966,32.358,42.586,28.022,288.0,244.0,230.0,301.0,1,False,18.5,23.7,72.0,False,1.5,14.0
2025,British Grand Prix,TSU,Red Bull Racing,37.0,2.0,INTERMEDIATE,26.0,104.616,32.927,43.159,28.53,294.0,244.0,227.0,313.0,1,False,18.5,23.7,72.0,False,1.5,15.0
2025,British Grand Prix,PIA,McLaren,38.0,2.0,INTERMEDIATE,27.0,100.127,31.558,41.292,27.277,291.0,246.0,243.0,307.0,1,True,18.6,24.5,72.0,False,2.1,1.0
2025,British Grand Prix,NOR,McLaren,38.0,2.0,INTERMEDIATE,27.0,99.668,31.754,41.103,26.811,291.0,247.0,240.0,304.0,1,True,18.6,24.5,72.0,False,2.1,2.0
2025,British Grand Prix,HUL,Kick Sauber,38.0,2.0,INTERMEDIATE,29.0,101.023,32.244,41.527,27.252,287.0,247.0,238.0,300.0,1,False,18.6,24.5,72.0,False,2.1,3.0
2025,British Grand Prix,HAM,Ferrari,38.0,2.0,INTERMEDIATE,27.0,101.149,31.612,42.056,27.481,310.0,242.0,234.0,323.0,1,False,18.6,24.5,72.0,False,2.1,4.0
2025,British Grand Prix,STR,Aston Martin,38.0,3.0,INTERMEDIATE,28.0,102.379,32.257,42.32,27.802,292.0,243.0,228.0,306.0,1,True,18.6,24.5,72.0,False,2.1,5.0
2025,British Grand Prix,RUS,Mercedes,38.0,2.0,INTERMEDIATE,28.0,101.178,32.07,42.79,26.318,297.0,246.0,,322.0,1,False,18.6,24.5,72.0,False,2.1,6.0
2025,British Grand Prix,GAS,Alpine,38.0,2.0,INTERMEDIATE,27.0,102.926,32.458,42.461,28.007,289.0,241.0,231.0,303.0,1,False,18.6,24.5,72.0,False,2.1,7.0
2025,British Grand Prix,VER,Red Bull Racing,38.0,2.0,INTERMEDIATE,27.0,101.19,31.967,41.824,27.399,296.0,245.0,237.0,310.0,1,True,18.6,24.5,72.0,False,2.1,8.0
2025,British Grand Prix,SAI,Williams,38.0,2.0,INTERMEDIATE,27.0,102.692,32.224,42.545,27.923,301.0,246.0,225.0,309.0,1,True,18.7,24.1,70.0,False,2.1,9.0
2025,British Grand Prix,LEC,Ferrari,38.0,2.0,INTERMEDIATE,28.0,102.457,32.063,42.583,27.811,307.0,242.0,231.0,317.0,1,False,18.7,24.1,70.0,False,2.1,10.0
2025,British Grand Prix,ALB,Williams,38.0,2.0,INTERMEDIATE,26.0,102.667,32.366,42.202,28.099,305.0,239.0,230.0,312.0,1,True,18.7,24.1,70.0,False,2.1,11.0
2025,British Grand Prix,BEA,Haas F1 Team,38.0,2.0,INTERMEDIATE,28.0,102.626,32.469,42.129,28.028,296.0,241.0,229.0,307.0,1,False,18.7,24.1,70.0,False,2.1,12.0
2025,British Grand Prix,OCO,Haas F1 Team,38.0,2.0,INTERMEDIATE,20.0,102.672,32.272,42.448,27.952,294.0,241.0,233.0,307.0,1,True,18.7,24.1,70.0,False,2.1,13.0
2025,British Grand Prix,TSU,Red Bull Racing,38.0,2.0,INTERMEDIATE,27.0,104.811,33.066,43.512,28.233,296.0,244.0,225.0,313.0,1,False,18.7,24.1,70.0,False,2.1,14.0
2025,British Grand Prix,ALO,Aston Martin,38.0,3.0,MEDIUM,2.0,136.801,57.516,49.345,29.94,289.0,219.0,216.0,299.0,1,False,18.7,24.1,70.0,False,2.1,15.0
2025,British Grand Prix,PIA,McLaren,39.0,2.0,INTERMEDIATE,28.0,99.8,31.658,41.125,27.017,291.0,246.0,246.0,306.0,1,True,18.7,24.1,70.0,False,2.1,1.0
2025,British Grand Prix,NOR,McLaren,39.0,2.0,INTERMEDIATE,28.0,99.55,31.646,41.063,26.841,293.0,245.0,242.0,306.0,1,True,18.7,24.1,70.0,False,2.1,2.0
2025,British Grand Prix,HUL,Kick Sauber,39.0,2.0,INTERMEDIATE,30.0,100.101,31.914,41.087,27.1,287.0,249.0,240.0,302.0,1,True,18.7,23.7,70.0,False,2.0,3.0
2025,British Grand Prix,HAM,Ferrari,39.0,2.0,INTERMEDIATE,28.0,100.836,31.647,41.69,27.499,307.0,244.0,232.0,307.0,1,False,18.7,23.7,70.0,False,2.0,4.0
2025,British Grand Prix,STR,Aston Martin,39.0,3.0,INTERMEDIATE,29.0,101.939,32.086,42.143,27.71,291.0,244.0,228.0,307.0,12,True,18.7,23.7,70.0,False,2.0,5.0
2025,British Grand Prix,GAS,Alpine,39.0,2.0,INTERMEDIATE,28.0,101.869,32.366,41.928,27.575,290.0,242.0,234.0,303.0,12,False,18.7,23.7,70.0,False,2.0,6.0
2025,British Grand Prix,VER,Red Bull Racing,39.0,2.0,INTERMEDIATE,28.0,100.758,31.548,41.793,27.417,296.0,245.0,236.0,310.0,12,True,18.7,23.7,70.0,False,2.0,7.0
2025,British Grand Prix,LEC,Ferrari,39.0,2.0,INTERMEDIATE,29.0,101.051,32.263,41.562,27.226,305.0,243.0,237.0,304.0,12,False,18.7,23.7,70.0,False,2.0,8.0
2025,British Grand Prix,SAI,Williams,39.0,2.0,INTERMEDIATE,28.0,103.891,33.335,42.887,27.669,298.0,245.0,231.0,312.0,12,False,18.7,23.7,70.0,False,2.0,9.0
2025,British Grand Prix,ALB,Williams,39.0,2.0,INTERMEDIATE,27.0,102.701,32.282,42.547,27.872,304.0,245.0,229.0,320.0,12,False,18.7,23.7,70.0,False,2.0,10.0
2025,British Grand Prix,BEA,Haas F1 Team,39.0,2.0,INTERMEDIATE,29.0,102.278,32.213,42.044,28.021,298.0,246.0,227.0,325.0,12,True,18.7,23.7,70.0,False,2.0,11.0
2025,British Grand Prix,OCO,Haas F1 Team,39.0,2.0,INTERMEDIATE,21.0,102.059,32.269,42.057,27.733,297.0,244.0,233.0,308.0,12,True,18.7,23.7,70.0,False,2.0,12.0
2025,British Grand Prix,TSU,Red Bull Racing,39.0,2.0,INTERMEDIATE,28.0,104.802,32.644,43.744,28.414,299.0,243.0,228.0,314.0,12,False,18.8,23.6,70.0,False,1.5,13.0
2025,British Grand Prix,RUS,Mercedes,39.0,3.0,HARD,1.0,137.522,56.444,49.949,31.129,285.0,194.0,203.0,299.0,12,False,18.8,23.6,70.0,False,1.5,14.0
2025,British Grand Prix,ALO,Aston Martin,39.0,3.0,MEDIUM,3.0,107.666,34.12,45.345,28.201,287.0,237.0,231.0,309.0,12,False,18.8,23.6,70.0,False,1.5,15.0
2025,British Grand Prix,PIA,McLaren,40.0,2.0,INTERMEDIATE,29.0,99.461,31.504,40.917,27.04,290.0,243.0,247.0,310.0,12,True,18.8,23.6,70.0,False,1.5,1.0
2025,British Grand Prix,NOR,McLaren,40.0,2.0,INTERMEDIATE,29.0,99.286,31.664,40.844,26.778,292.0,246.0,246.0,305.0,12,True,18.8,23.6,70.0,False,1.5,2.0
2025,British Grand Prix,HUL,Kick Sauber,40.0,2.0,INTERMEDIATE,31.0,100.096,31.818,41.032,27.246,286.0,247.0,238.0,302.0,12,True,18.8,23.6,70.0,False,1.5,3.0
2025,British Grand Prix,HAM,Ferrari,40.0,2.0,INTERMEDIATE,29.0,100.697,31.709,41.498,27.49,293.0,243.0,232.0,305.0,12,False,18.9,23.6,68.0,False,2.3,4.0
2025,British Grand Prix,STR,Aston Martin,40.0,3.0,INTERMEDIATE,30.0,102.308,32.266,42.292,27.75,291.0,243.0,227.0,307.0,21,False,18.9,23.6,68.0,False,2.3,5.0
2025,British Grand Prix,GAS,Alpine,40.0,2.0,INTERMEDIATE,29.0,102.307,32.307,42.216,27.784,289.0,245.0,229.0,309.0,21,False,18.9,23.6,68.0,False,2.3,6.0
2025,British Grand Prix,VER,Red Bull Racing,40.0,2.0,INTERMEDIATE,29.0,101.474,31.622,42.302,27.55,303.0,245.0,235.0,330.0,1,False,18.9,23.6,68.0,False,2.3,7.0
2025,British Grand Prix,LEC,Ferrari,40.0,2.0,INTERMEDIATE,30.0,99.633,31.667,41.057,26.909,291.0,241.0,239.0,303.0,1,True,18.9,23.6,68.0,False,2.3,8.0
2025,British Grand Prix,SAI,Williams,40.0,2.0,INTERMEDIATE,29.0,102.143,32.352,42.285,27.506,299.0,244.0,232.0,311.0,1,True,18.9,23.6,68.0,False,2.3,9.0
2025,British Grand Prix,ALB,Williams,40.0,2.0,INTERMEDIATE,28.0,102.225,32.095,42.273,27.857,297.0,247.0,229.0,323.0,1,True,18.9,23.6,68.0,False,2.3,10.0
2025,British Grand Prix,BEA,Haas F1 Team,40.0,2.0,INTERMEDIATE,30.0,102.278,32.01,42.352,27.916,310.0,244.0,228.0,321.0,1,False,18.9,23.6,68.0,False,2.3,11.0
2025,British Grand Prix,OCO,Haas F1 Team,40.0,2.0,INTERMEDIATE,22.0,101.975,32.321,42.228,27.426,291.0,240.0,235.0,317.0,1,True,18.9,23.6,68.0,False,2.3,12.0
2025,British Grand Prix,TSU,Red Bull Racing,40.0,2.0,INTERMEDIATE,29.0,104.432,32.755,43.168,28.509,291.0,245.0,228.0,314.0,1,False,18.9,23.6,68.0,False,2.3,13.0
2025,British Grand Prix,RUS,Mercedes,40.0,3.0,HARD,2.0,105.74,33.925,44.179,27.636,290.0,242.0,238.0,310.0,1,False,18.9,23.6,68.0,False,2.3,14.0
2025,British Grand Prix,ALO,Aston Martin,40.0,3.0,MEDIUM,4.0,102.659,33.11,42.384,27.165,290.0,247.0,240.0,308.0,1,False,18.9,23.6,68.0,False,2.3,15.0
2025,British Grand Prix,PIA,McLaren,41.0,2.0,INTERMEDIATE,30.0,99.273,31.453,40.804,27.016,292.0,244.0,247.0,307.0,1,True,18.9,23.6,69.0,False,0.0,1.0
2025,British Grand Prix,NOR,McLaren,41.0,2.0,INTERMEDIATE,30.0,99.297,31.556,41.023,26.718,295.0,242.0,247.0,306.0,1,False,18.9,23.6,69.0,False,0.0,2.0
2025,British Grand Prix,HUL,Kick Sauber,41.0,2.0,INTERMEDIATE,32.0,100.716,32.16,41.235,27.321,288.0,234.0,238.0,301.0,1,False,18.9,23.6,69.0,False,0.0,3.0
2025,British Grand Prix,HAM,Ferrari,41.0,2.0,INTERMEDIATE,30.0,99.553,31.768,41.583,26.202,294.0,234.0,,308.0,1,False,18.9,23.6,69.0,False,0.0,4.0
2025,British Grand Prix,STR,Aston Martin,41.0,3.0,INTERMEDIATE,31.0,100.951,32.521,42.342,26.088,292.0,239.0,,308.0,1,False,18.9,23.6,69.0,False,0.0,5.0
2025,British Grand Prix,VER,Red Bull Racing,41.0,2.0,INTERMEDIATE,30.0,99.465,32.089,41.316,26.06,308.0,245.0,,312.0,1,False,18.9,23.6,69.0,False,0.0,6.0
2025,British Grand Prix,GAS,Alpine,41.0,2.0,INTERMEDIATE,30.0,102.126,33.28,42.453,26.393,298.0,238.0,,306.0,1,False,18.9,23.6,69.0,False,0.0,7.0
2025,British Grand Prix,LEC,Ferrari,41.0,2.0,INTERMEDIATE,31.0,99.616,31.544,40.989,27.083,294.0,237.0,241.0,306.0,1,True,19.0,23.5,69.0,False,2.5,8.0
2025,British Grand Prix,SAI,Williams,41.0,2.0,INTERMEDIATE,30.0,100.264,32.247,42.239,25.778,301.0,245.0,,311.0,1,False,19.0,23.5,69.0,False,2.5,9.0
2025,British Grand Prix,BEA,Haas F1 Team,41.0,2.0,INTERMEDIATE,31.0,99.875,31.854,42.126,25.895,312.0,243.0,,324.0,1,False,19.0,23.5,69.0,False,2.5,10.0
2025,British Grand Prix,ALB,Williams,41.0,2.0,INTERMEDIATE,29.0,101.5,31.955,42.108,27.437,313.0,248.0,240.0,325.0,1,True,19.0,23.5,69.0,False,2.5,11.0
2025,British Grand Prix,OCO,Haas F1 Team,41.0,2.0,INTERMEDIATE,23.0,102.031,32.041,42.487,27.503,312.0,239.0,242.0,309.0,1,False,19.0,23.5,69.0,False,2.5,12.0
2025,British Grand Prix,TSU,Red Bull Racing,41.0,2.0,INTERMEDIATE,30.0,103.258,33.008,43.454,26.796,300.0,244.0,,315.0,1,False,19.0,23.5,69.0,False,2.5,13.0
2025,British Grand Prix,RUS,Mercedes,41.0,3.0,HARD,3.0,101.089,32.213,42.195,26.681,298.0,245.0,246.0,311.0,1,True,19.0,23.5,69.0,False,2.5,14.0
2025,British Grand Prix,ALO,Aston Martin,41.0,3.0,MEDIUM,5.0,100.67,32.157,42.145,26.368,296.0,245.0,246.0,310.0,1,True,19.0,23.5,69.0,False,2.5,15.0
2025,British Grand Prix,PIA,McLaren,42.0,2.0,INTERMEDIATE,31.0,98.87,31.535,40.363,26.972,293.0,243.0,247.0,307.0,1,True,19.0,23.5,69.0,False,2.5,1.0
2025,British Grand Prix,NOR,McLaren,42.0,2.0,INTERMEDIATE,31.0,98.778,31.697,40.554,26.527,295.0,247.0,246.0,306.0,1,True,19.0,23.5,69.0,False,2.5,2.0
2025,British Grand Prix,HUL,Kick Sauber,42.0,2.0,INTERMEDIATE,33.0,98.912,31.757,41.28,25.875,294.0,244.0,,303.0,1,False,18.9,23.2,68.0,False,1.4,3.0
2025,British Grand Prix,LEC,Ferrari,42.0,2.0,INTERMEDIATE,32.0,102.92,35.359,41.354,26.207,289.0,235.0,,304.0,12,False,18.9,23.2,68.0,False,1.4,4.0
2025,British Grand Prix,ALB,Williams,42.0,2.0,INTERMEDIATE,30.0,99.22,31.919,41.422,25.879,298.0,242.0,,313.0,12,False,18.9,23.2,68.0,False,1.4,5.0
2025,British Grand Prix,HAM,Ferrari,42.0,3.0,SOFT,4.0,129.772,58.575,43.289,27.908,283.0,226.0,232.0,301.0,12,False,18.9,23.2,68.0,False,1.4,6.0
2025,British Grand Prix,OCO,Haas F1 Team,42.0,2.0,INTERMEDIATE,24.0,99.944,32.006,41.572,26.366,290.0,243.0,,308.0,12,False,18.9,23.2,68.0,False,1.4,7.0
2025,British Grand Prix,STR,Aston Martin,42.0,4.0,SOFT,1.0,124.425,55.582,42.38,26.463,289.0,250.0,249.0,305.0,12,False,18.9,23.2,68.0,False,1.4,8.0
2025,British Grand Prix,VER,Red Bull Racing,42.0,3.0,MEDIUM,1.0,127.784,55.726,43.191,28.867,297.0,147.0,245.0,304.0,12,False,19.0,22.8,68.0,False,1.1,9.0
2025,British Grand Prix,GAS,Alpine,42.0,3.0,MEDIUM,1.0,126.63,56.24,42.955,27.435,291.0,246.0,243.0,312.0,12,False,19.0,22.8,68.0,False,1.1,10.0
2025,British Grand Prix,SAI,Williams,42.0,3.0,MEDIUM,1.0,124.071,54.507,41.407,28.157,293.0,191.0,238.0,307.0,12,False,19.0,22.8,68.0,False,1.1,11.0
2025,British Grand Prix,BEA,Haas F1 Team,42.0,3.0,MEDIUM,1.0,124.956,54.659,42.258,28.039,286.0,221.0,240.0,298.0,12,False,19.0,22.8,68.0,False,1.1,12.0
2025,British Grand Prix,RUS,Mercedes,42.0,3.0,HARD,4.0,100.654,31.36,42.412,26.882,300.0,250.0,248.0,313.0,12,True,19.0,22.8,68.0,False,1.1,13.0
2025,British Grand Prix,ALO,Aston Martin,42.0,3.0,MEDIUM,6.0,99.415,31.305,41.001,27.109,296.0,255.0,250.0,334.0,12,True,19.0,22.8,68.0,False,1.1,14.0
2025,British Grand Prix,PIA,McLaren,43.0,2.0,INTERMEDIATE,32.0,97.478,31.369,40.528,25.581,293.0,243.0,,310.0,12,False,19.0,22.8,68.0,False,1.1,1.0
2025,British Grand Prix,NOR,McLaren,43.0,2.0,INTERMEDIATE,32.0,99.005,31.622,40.853,26.53,295.0,244.0,245.0,308.0,12,False,19.0,22.8,68.0,False,1.1,2.0
2025,British Grand Prix,TSU,Red Bull Racing,42.0,3.0,MEDIUM,1.0,144.066,67.847,46.804,29.415,279.0,239.0,221.0,315.0,12,False,19.0,22.8,68.0,False,1.1,15.0
2025,British Grand Prix,HUL,Kick Sauber,43.0,3.0,MEDIUM,1.0,121.259,55.107,40.125,26.027,291.0,256.0,247.0,303.0,12,False,19.0,23.2,69.0,False,2.0,3.0
2025,British Grand Prix,HAM,Ferrari,43.0,3.0,SOFT,5.0,96.929,31.696,39.455,25.778,294.0,253.0,247.0,310.0,12,True,19.0,23.2,69.0,False,2.0,4.0
2025,British Grand Prix,STR,Aston Martin,43.0,4.0,SOFT,2.0,96.611,31.246,39.752,25.613,293.0,255.0,248.0,311.0,12,True,19.0,23.2,69.0,False,2.0,5.0
2025,British Grand Prix,VER,Red Bull Racing,43.0,3.0,MEDIUM,2.0,99.479,32.586,40.304,26.589,304.0,257.0,244.0,314.0,12,False,19.0,23.2,69.0,False,2.0,6.0
2025,British Grand Prix,GAS,Alpine,43.0,3.0,MEDIUM,2.0,98.76,31.632,41.012,26.116,311.0,254.0,249.0,330.0,12,True,19.0,23.2,69.0,False,2.0,7.0
2025,British Grand Prix,ALB,Williams,43.0,3.0,MEDIUM,1.0,124.165,55.329,42.316,26.52,266.0,254.0,249.0,332.0,12,False,19.0,23.2,69.0,False,2.0,8.0
2025,British Grand Prix,ALO,Aston Martin,43.0,3.0,MEDIUM,7.0,97.153,30.684,40.824,25.645,312.0,260.0,251.0,335.0,12,True,19.0,23.2,69.0,False,2.0,9.0
2025,British Grand Prix,RUS,Mercedes,43.0,3.0,HARD,5.0,98.569,30.735,41.094,26.74,293.0,255.0,249.0,318.0,12,True,19.0,23.2,69.0,False,2.0,10.0
2025,British Grand Prix,BEA,Haas F1 Team,43.0,3.0,MEDIUM,2.0,102.511,30.737,45.785,25.989,292.0,250.0,248.0,309.0,12,False,19.0,23.2,69.0,False,2.0,11.0
2025,British Grand Prix,SAI,Williams,43.0,3.0,MEDIUM,2.0,107.371,32.094,42.419,32.858,298.0,251.0,230.0,324.0,12,False,19.0,23.2,69.0,False,2.0,12.0
2025,British Grand Prix,NOR,McLaren,44.0,2.0,INTERMEDIATE,33.0,98.903,31.454,41.257,26.192,276.0,245.0,,244.0,12,False,18.9,23.7,68.0,False,2.3,1.0
2025,British Grand Prix,OCO,Haas F1 Team,43.0,3.0,MEDIUM,1.0,132.286,52.956,51.764,27.566,262.0,243.0,237.0,237.0,12,False,18.9,23.7,68.0,False,2.3,13.0
2025,British Grand Prix,LEC,Ferrari,43.0,3.0,SOFT,4.0,141.05,56.711,44.166,40.173,247.0,240.0,235.0,312.0,12,False,18.9,23.7,68.0,False,2.3,14.0
2025,British Grand Prix,PIA,McLaren,44.0,3.0,MEDIUM,1.0,129.636,64.552,39.65,25.434,298.0,256.0,252.0,309.0,12,False,18.9,23.7,68.0,False,2.3,2.0
2025,British Grand Prix,TSU,Red Bull Racing,43.0,3.0,MEDIUM,2.0,101.64,32.084,42.284,27.272,285.0,252.0,242.0,317.0,21,True,18.9,23.7,68.0,False,2.3,15.0
2025,British Grand Prix,HUL,Kick Sauber,44.0,3.0,MEDIUM,2.0,95.665,30.662,39.629,25.374,289.0,256.0,250.0,304.0,12,True,18.9,23.7,68.0,False,2.3,3.0
2025,British Grand Prix,HAM,Ferrari,44.0,3.0,SOFT,6.0,94.874,31.069,38.644,25.161,294.0,254.0,250.0,309.0,12,True,19.0,24.0,67.0,False,2.2,4.0
2025,British Grand Prix,STR,Aston Martin,44.0,4.0,SOFT,3.0,97.279,30.385,40.704,26.19,294.0,240.0,249.0,311.0,12,False,19.0,24.0,67.0,False,2.2,5.0
2025,British Grand Prix,VER,Red Bull Racing,44.0,3.0,MEDIUM,3.0,95.165,30.5,39.091,25.574,297.0,259.0,252.0,315.0,21,True,19.0,24.0,67.0,False,2.2,6.0
2025,British Grand Prix,GAS,Alpine,44.0,3.0,MEDIUM,3.0,95.699,30.857,39.405,25.437,314.0,258.0,251.0,315.0,21,True,19.0,24.0,67.0,False,2.2,7.0
2025,British Grand Prix,ALO,Aston Martin,44.0,3.0,MEDIUM,8.0,93.635,30.306,38.54,24.789,310.0,264.0,251.0,332.0,1,True,19.0,24.0,67.0,False,2.2,8.0
2025,British Grand Prix,ALB,Williams,44.0,3.0,MEDIUM,2.0,95.273,30.574,38.965,25.734,300.0,253.0,251.0,311.0,1,True,19.0,24.0,67.0,False,2.2,9.0
2025,British Grand Prix,RUS,Mercedes,44.0,3.0,HARD,6.0,95.71,30.268,39.811,25.631,306.0,256.0,250.0,311.0,1,True,19.0,24.0,67.0,False,2.2,10.0
2025,British Grand Prix,BEA,Haas F1 Team,44.0,3.0,MEDIUM,3.0,94.874,30.124,39.106,25.644,298.0,260.0,250.0,322.0,1,True,19.0,24.0,67.0,False,2.2,11.0
2025,British Grand Prix,SAI,Williams,44.0,3.0,MEDIUM,3.0,96.504,30.791,39.911,25.802,303.0,255.0,249.0,313.0,1,True,19.0,24.0,67.0,False,2.2,12.0
2025,British Grand Prix,OCO,Haas F1 Team,44.0,3.0,MEDIUM,2.0,96.001,30.492,39.588,25.921,291.0,255.0,246.0,304.0,1,True,19.0,24.0,67.0,False,2.2,13.0
2025,British Grand Prix,LEC,Ferrari,44.0,3.0,SOFT,5.0,99.076,31.469,40.994,26.613,293.0,250.0,245.0,304.0,1,True,19.0,24.0,67.0,False,2.2,14.0
2025,British Grand Prix,NOR,McLaren,45.0,3.0,MEDIUM,1.0,117.948,52.626,39.764,25.558,295.0,256.0,251.0,306.0,1,False,19.1,24.0,66.0,False,1.8,1.0
2025,British Grand Prix,PIA,McLaren,45.0,3.0,MEDIUM,2.0,94.87,29.98,39.219,25.671,302.0,241.0,252.0,299.0,1,False,19.1,24.0,66.0,False,1.8,2.0
2025,British Grand Prix,TSU,Red Bull Racing,44.0,3.0,MEDIUM,3.0,98.597,30.716,41.655,26.226,306.0,257.0,248.0,319.0,1,True,19.1,24.0,66.0,False,1.8,15.0
2025,British Grand Prix,HUL,Kick Sauber,45.0,3.0,MEDIUM,3.0,93.473,30.127,38.299,25.047,288.0,260.0,250.0,304.0,1,True,19.1,24.0,66.0,False,1.8,3.0
2025,British Grand Prix,HAM,Ferrari,45.0,3.0,SOFT,7.0,93.938,30.56,38.22,25.158,292.0,259.0,249.0,307.0,1,True,19.1,24.0,66.0,False,1.8,4.0
2025,British Grand Prix,STR,Aston Martin,45.0,4.0,SOFT,4.0,94.035,29.994,38.537,25.504,295.0,257.0,251.0,312.0,1,True,19.1,24.0,66.0,False,1.8,5.0
2025,British Grand Prix,VER,Red Bull Racing,45.0,3.0,MEDIUM,4.0,93.844,30.213,38.329,25.302,299.0,261.0,252.0,315.0,1,True,19.1,24.0,66.0,False,1.8,6.0
2025,British Grand Prix,GAS,Alpine,45.0,3.0,MEDIUM,4.0,93.758,30.363,38.518,24.877,301.0,259.0,252.0,315.0,1,True,19.1,24.0,66.0,False,1.8,7.0
2025,British Grand Prix,ALO,Aston Martin,45.0,3.0,MEDIUM,9.0,93.119,29.936,38.141,25.042,293.0,258.0,252.0,307.0,1,True,19.1,23.8,66.0,False,2.1,8.0
2025,British Grand Prix,ALB,Williams,45.0,3.0,MEDIUM,3.0,94.663,30.107,39.529,25.027,308.0,254.0,251.0,328.0,1,True,19.1,23.8,66.0,False,2.1,9.0
2025,British Grand Prix,RUS,Mercedes,45.0,3.0,HARD,7.0,93.795,29.818,38.906,25.071,299.0,260.0,251.0,320.0,1,True,19.1,23.8,66.0,False,2.1,10.0
2025,British Grand Prix,BEA,Haas F1 Team,45.0,3.0,MEDIUM,4.0,93.735,29.412,39.086,25.237,312.0,263.0,251.0,336.0,1,True,19.1,23.8,66.0,False,2.1,11.0
2025,British Grand Prix,SAI,Williams,45.0,3.0,MEDIUM,4.0,93.517,29.711,38.632,25.174,306.0,258.0,252.0,317.0,1,True,19.1,23.8,66.0,False,2.1,12.0
2025,British Grand Prix,OCO,Haas F1 Team,45.0,3.0,MEDIUM,3.0,92.673,29.498,38.096,25.079,299.0,258.0,250.0,311.0,1,True,19.1,23.8,66.0,False,2.1,13.0
2025,British Grand Prix,LEC,Ferrari,45.0,3.0,SOFT,6.0,93.731,30.61,37.964,25.157,294.0,259.0,251.0,308.0,1,True,19.1,23.8,66.0,False,2.1,14.0
2025,British Grand Prix,NOR,McLaren,46.0,3.0,MEDIUM,2.0,91.777,29.904,37.422,24.451,296.0,263.0,255.0,310.0,1,True,19.1,23.8,66.0,False,2.1,1.0
2025,British Grand Prix,PIA,McLaren,46.0,3.0,MEDIUM,3.0,91.673,29.556,37.438,24.679,300.0,261.0,253.0,310.0,1,True,19.1,23.8,66.0,False,2.1,2.0
2025,British Grand Prix,TSU,Red Bull Racing,45.0,3.0,MEDIUM,4.0,95.637,29.941,39.91,25.786,304.0,258.0,251.0,319.0,1,True,19.1,23.8,66.0,False,2.1,15.0
2025,British Grand Prix,HUL,Kick Sauber,46.0,3.0,MEDIUM,4.0,92.695,30.077,37.781,24.837,288.0,262.0,251.0,305.0,1,True,19.2,23.6,67.0,False,1.5,3.0
2025,British Grand Prix,HAM,Ferrari,46.0,3.0,SOFT,8.0,91.328,29.56,37.279,24.489,294.0,262.0,251.0,311.0,1,True,19.2,23.6,67.0,False,1.5,4.0
2025,British Grand Prix,STR,Aston Martin,46.0,4.0,SOFT,5.0,93.059,29.665,37.888,25.506,293.0,255.0,249.0,311.0,1,True,19.2,23.6,67.0,False,1.5,5.0
2025,British Grand Prix,VER,Red Bull Racing,46.0,3.0,MEDIUM,5.0,92.96,29.79,38.09,25.08,297.0,263.0,253.0,312.0,1,True,19.2,23.6,67.0,False,1.5,6.0
2025,British Grand Prix,GAS,Alpine,46.0,3.0,MEDIUM,5.0,92.701,29.897,37.893,24.911,300.0,262.0,252.0,317.0,1,True,19.2,23.6,67.0,False,1.5,7.0
2025,British Grand Prix,ALO,Aston Martin,46.0,3.0,MEDIUM,10.0,92.4,29.843,37.713,24.844,293.0,262.0,253.0,308.0,1,True,19.2,23.6,67.0,False,1.5,8.0
2025,British Grand Prix,ALB,Williams,46.0,3.0,MEDIUM,4.0,92.681,29.639,38.122,24.92,305.0,258.0,253.0,316.0,1,True,19.2,23.6,67.0,False,1.5,9.0
2025,British Grand Prix,RUS,Mercedes,46.0,3.0,HARD,8.0,92.141,29.166,38.171,24.804,315.0,260.0,251.0,330.0,1,True,19.2,23.6,67.0,False,1.5,10.0
2025,British Grand Prix,BEA,Haas F1 Team,46.0,3.0,MEDIUM,5.0,92.102,29.222,37.831,25.049,314.0,266.0,252.0,344.0,1,True,19.2,23.6,67.0,False,1.5,11.0
2025,British Grand Prix,SAI,Williams,46.0,3.0,MEDIUM,5.0,94.08,29.392,39.62,25.068,304.0,259.0,252.0,315.0,1,False,19.2,23.6,67.0,False,1.5,12.0
2025,British Grand Prix,OCO,Haas F1 Team,46.0,3.0,MEDIUM,4.0,92.56,29.4,37.954,25.206,293.0,258.0,251.0,304.0,1,True,19.2,23.6,67.0,False,1.5,13.0
2025,British Grand Prix,LEC,Ferrari,46.0,3.0,SOFT,7.0,91.961,29.567,37.446,24.948,295.0,258.0,250.0,308.0,1,True,19.2,23.6,67.0,False,1.5,14.0
2025,British Grand Prix,NOR,McLaren,47.0,3.0,MEDIUM,3.0,90.035,28.822,36.828,24.385,291.0,263.0,255.0,308.0,1,True,19.2,23.6,67.0,False,0.9,1.0
2025,British Grand Prix,PIA,McLaren,47.0,3.0,MEDIUM,4.0,90.609,29.19,36.888,24.531,298.0,257.0,253.0,314.0,1,True,19.2,23.6,67.0,False,0.9,2.0
2025,British Grand Prix,TSU,Red Bull Racing,46.0,3.0,MEDIUM,5.0,94.49,29.724,39.201,25.565,305.0,260.0,251.0,319.0,1,True,19.2,23.6,67.0,False,0.9,15.0
2025,British Grand Prix,HUL,Kick Sauber,47.0,3.0,MEDIUM,5.0,91.93,29.703,37.269,24.958,287.0,261.0,251.0,299.0,1,True,19.2,23.6,67.0,False,0.9,3.0
2025,British Grand Prix,HAM,Ferrari,47.0,3.0,SOFT,9.0,93.108,29.075,38.708,25.325,294.0,244.0,250.0,306.0,1,False,19.2,23.6,67.0,False,0.9,4.0
2025,British Grand Prix,STR,Aston Martin,47.0,4.0,SOFT,6.0,92.273,29.462,37.721,25.09,293.0,258.0,251.0,311.0,1,True,19.2,23.6,67.0,False,0.9,5.0
2025,British Grand Prix,VER,Red Bull Racing,47.0,3.0,MEDIUM,6.0,91.712,29.171,37.499,25.042,297.0,261.0,253.0,319.0,1,True,19.2,23.6,67.0,False,0.9,6.0
2025,British Grand Prix,GAS,Alpine,47.0,3.0,MEDIUM,6.0,91.824,29.601,37.348,24.875,298.0,261.0,252.0,313.0,1,True,19.2,23.6,67.0,False,0.9,7.0
2025,British Grand Prix,ALO,Aston Martin,47.0,3.0,MEDIUM,11.0,91.386,29.259,37.367,24.76,293.0,262.0,253.0,309.0,1,True,19.2,23.6,67.0,False,1.3,8.0
2025,British Grand Prix,ALB,Williams,47.0,3.0,MEDIUM,5.0,91.309,28.994,37.597,24.718,302.0,258.0,253.0,317.0,1,True,19.2,23.6,67.0,False,1.3,9.0
2025,British Grand Prix,RUS,Mercedes,47.0,3.0,HARD,9.0,91.926,29.151,37.831,24.944,314.0,259.0,251.0,315.0,1,True,19.2,23.6,67.0,False,1.3,10.0
2025,British Grand Prix,BEA,Haas F1 Team,47.0,3.0,MEDIUM,6.0,92.098,29.435,37.53,25.133,312.0,265.0,249.0,324.0,1,True,19.2,23.6,67.0,False,1.3,11.0
2025,British Grand Prix,SAI,Williams,47.0,3.0,MEDIUM,6.0,91.822,29.118,37.929,24.775,305.0,261.0,252.0,318.0,1,True,19.2,23.6,67.0,False,1.3,12.0
2025,British Grand Prix,OCO,Haas F1 Team,47.0,3.0,MEDIUM,5.0,91.422,29.282,37.237,24.903,293.0,261.0,252.0,305.0,1,True,19.2,23.6,67.0,False,1.3,13.0
2025,British Grand Prix,LEC,Ferrari,47.0,3.0,SOFT,8.0,91.557,29.433,37.366,24.758,293.0,261.0,250.0,308.0,1,True,19.2,23.6,67.0,False,1.3,14.0
2025,British Grand Prix,NOR,McLaren,48.0,3.0,MEDIUM,4.0,89.734,28.748,36.674,24.312,297.0,264.0,254.0,311.0,1,True,19.2,23.6,67.0,False,1.3,1.0
2025,British Grand Prix,PIA,McLaren,48.0,3.0,MEDIUM,5.0,90.817,29.194,37.126,24.497,299.0,262.0,253.0,316.0,1,False,19.2,23.6,67.0,False,1.3,2.0
2025,British Grand Prix,TSU,Red Bull Racing,47.0,3.0,MEDIUM,6.0,92.976,29.235,38.466,25.275,301.0,262.0,251.0,320.0,1,True,19.1,23.7,67.0,False,1.1,15.0
2025,British Grand Prix,HUL,Kick Sauber,48.0,3.0,MEDIUM,6.0,91.468,29.404,37.274,24.79,286.0,261.0,251.0,301.0,1,True,19.1,23.7,67.0,False,1.1,3.0
2025,British Grand Prix,HAM,Ferrari,48.0,3.0,SOFT,10.0,90.785,29.155,37.105,24.525,297.0,261.0,251.0,313.0,1,True,19.1,23.7,67.0,False,1.1,4.0
2025,British Grand Prix,STR,Aston Martin,48.0,4.0,SOFT,7.0,92.132,29.454,37.717,24.961,295.0,257.0,252.0,311.0,1,True,19.1,23.7,67.0,False,1.1,5.0
2025,British Grand Prix,VER,Red Bull Racing,48.0,3.0,MEDIUM,7.0,90.776,29.164,36.938,24.674,298.0,265.0,254.0,317.0,1,True,19.1,23.7,67.0,False,1.1,6.0
2025,British Grand Prix,GAS,Alpine,48.0,3.0,MEDIUM,7.0,90.751,29.327,36.778,24.646,295.0,266.0,251.0,329.0,1,True,19.1,23.7,67.0,False,1.1,7.0
2025,British Grand Prix,ALO,Aston Martin,48.0,3.0,MEDIUM,12.0,90.669,29.114,36.968,24.587,294.0,261.0,252.0,309.0,1,True,19.1,23.7,67.0,False,1.1,8.0
2025,British Grand Prix,ALB,Williams,48.0,3.0,MEDIUM,6.0,90.327,28.742,37.037,24.548,304.0,260.0,253.0,311.0,1,True,19.1,23.7,67.0,False,1.1,9.0
2025,British Grand Prix,RUS,Mercedes,48.0,3.0,HARD,10.0,91.239,29.048,37.382,24.809,302.0,260.0,251.0,312.0,1,True,19.1,23.7,67.0,False,1.1,10.0
2025,British Grand Prix,BEA,Haas F1 Team,48.0,3.0,MEDIUM,7.0,91.041,29.191,37.115,24.735,310.0,264.0,251.0,331.0,1,True,19.1,23.7,67.0,False,1.1,11.0
2025,British Grand Prix,SAI,Williams,48.0,3.0,MEDIUM,7.0,91.07,28.996,37.444,24.63,306.0,262.0,253.0,317.0,1,True,19.1,23.7,67.0,False,1.1,12.0
2025,British Grand Prix,OCO,Haas F1 Team,48.0,3.0,MEDIUM,6.0,90.823,28.944,37.037,24.842,295.0,261.0,253.0,306.0,1,True,19.1,23.7,67.0,False,1.1,13.0
2025,British Grand Prix,LEC,Ferrari,48.0,3.0,SOFT,9.0,91.274,29.254,37.364,24.656,292.0,260.0,252.0,306.0,1,True,19.1,23.7,67.0,False,1.1,14.0
2025,British Grand Prix,NOR,McLaren,49.0,3.0,MEDIUM,5.0,90.235,28.701,37.042,24.492,299.0,260.0,254.0,313.0,1,False,19.2,24.4,68.0,False,1.9,1.0
2025,British Grand Prix,PIA,McLaren,49.0,3.0,MEDIUM,6.0,90.209,28.878,36.828,24.503,299.0,263.0,254.0,311.0,1,True,19.2,24.4,68.0,False,1.9,2.0
2025,British Grand Prix,TSU,Red Bull Racing,48.0,3.0,MEDIUM,7.0,91.665,28.964,37.779,24.922,303.0,264.0,252.0,320.0,1,True,19.2,24.4,68.0,False,1.9,15.0
2025,British Grand Prix,HUL,Kick Sauber,49.0,3.0,MEDIUM,7.0,91.081,29.28,37.115,24.686,288.0,264.0,251.0,303.0,1,True,19.2,24.4,68.0,False,1.9,3.0
2025,British Grand Prix,HAM,Ferrari,49.0,3.0,SOFT,11.0,90.016,28.909,36.74,24.367,296.0,262.0,251.0,311.0,1,True,19.2,24.4,68.0,False,1.9,4.0
2025,British Grand Prix,STR,Aston Martin,49.0,4.0,SOFT,8.0,93.17,29.103,39.179,24.888,293.0,261.0,251.0,312.0,1,False,19.2,24.4,68.0,False,1.9,5.0
2025,British Grand Prix,VER,Red Bull Racing,49.0,3.0,MEDIUM,8.0,90.179,28.994,36.792,24.393,297.0,266.0,255.0,318.0,1,True,19.2,24.4,68.0,False,1.9,6.0
2025,British Grand Prix,GAS,Alpine,49.0,3.0,MEDIUM,8.0,90.759,29.209,36.861,24.689,294.0,264.0,252.0,315.0,1,False,19.3,24.4,65.0,False,1.1,7.0
2025,British Grand Prix,ALO,Aston Martin,49.0,3.0,MEDIUM,13.0,90.353,29.047,36.638,24.668,294.0,262.0,252.0,312.0,1,True,19.3,24.4,65.0,False,1.1,8.0
2025,British Grand Prix,ALB,Williams,49.0,3.0,MEDIUM,7.0,90.148,28.932,36.707,24.509,302.0,262.0,252.0,312.0,1,True,19.3,24.4,65.0,False,1.1,9.0
2025,British Grand Prix,RUS,Mercedes,49.0,3.0,HARD,11.0,91.315,29.062,37.374,24.879,300.0,259.0,251.0,314.0,1,False,19.3,24.4,65.0,False,1.1,10.0
2025,British Grand Prix,BEA,Haas F1 Team,49.0,3.0,MEDIUM,8.0,91.273,29.03,37.237,25.006,309.0,257.0,252.0,324.0,1,False,19.3,24.4,65.0,False,1.1,11.0
2025,British Grand Prix,SAI,Williams,49.0,3.0,MEDIUM,8.0,90.952,29.045,37.284,24.623,304.0,263.0,253.0,318.0,1,True,19.3,24.4,65.0,False,1.1,12.0
2025,British Grand Prix,OCO,Haas F1 Team,49.0,3.0,MEDIUM,7.0,90.948,29.173,36.958,24.817,291.0,262.0,254.0,306.0,1,False,19.3,24.4,65.0,False,1.1,13.0
2025,British Grand Prix,LEC,Ferrari,49.0,3.0,SOFT,10.0,91.17,29.197,37.126,24.847,291.0,260.0,250.0,306.0,1,True,19.3,24.4,65.0,False,1.1,14.0
2025,British Grand Prix,NOR,McLaren,50.0,3.0,MEDIUM,6.0,89.921,28.791,36.732,24.398,297.0,264.0,254.0,310.0,1,False,19.3,24.4,65.0,False,1.1,1.0
2025,British Grand Prix,PIA,McLaren,50.0,3.0,MEDIUM,7.0,89.686,28.864,36.518,24.304,298.0,263.0,253.0,310.0,1,True,19.3,24.4,65.0,False,1.1,2.0
2025,British Grand Prix,TSU,Red Bull Racing,49.0,3.0,MEDIUM,8.0,90.873,28.841,37.311,24.721,302.0,263.0,252.0,321.0,1,True,19.4,24.4,64.0,False,1.9,15.0
2025,British Grand Prix,HUL,Kick Sauber,50.0,3.0,MEDIUM,8.0,90.983,29.121,37.17,24.692,290.0,260.0,250.0,304.0,1,True,19.4,24.4,64.0,False,1.9,3.0
2025,British Grand Prix,HAM,Ferrari,50.0,3.0,SOFT,12.0,90.775,29.002,37.106,24.667,296.0,260.0,251.0,310.0,1,False,19.4,24.4,64.0,False,1.9,4.0
2025,British Grand Prix,STR,Aston Martin,50.0,4.0,SOFT,9.0,92.088,29.678,37.556,24.854,294.0,263.0,252.0,312.0,1,True,19.4,24.4,64.0,False,1.9,5.0
2025,British Grand Prix,VER,Red Bull Racing,50.0,3.0,MEDIUM,9.0,90.29,28.94,36.728,24.622,297.0,266.0,253.0,318.0,1,False,19.4,24.4,64.0,False,1.9,6.0
2025,British Grand Prix,GAS,Alpine,50.0,3.0,MEDIUM,9.0,91.002,29.406,36.976,24.62,291.0,262.0,251.0,312.0,1,False,19.4,24.4,64.0,False,1.9,7.0
2025,British Grand Prix,ALO,Aston Martin,50.0,3.0,MEDIUM,14.0,90.943,29.173,37.039,24.731,293.0,261.0,252.0,311.0,1,False,19.4,24.4,64.0,False,1.9,8.0
2025,British Grand Prix,ALB,Williams,50.0,3.0,MEDIUM,8.0,90.047,28.779,36.685,24.583,304.0,260.0,254.0,319.0,1,True,19.4,24.4,64.0,False,1.9,9.0
2025,British Grand Prix,RUS,Mercedes,50.0,3.0,HARD,12.0,90.956,29.004,37.135,24.817,298.0,263.0,249.0,316.0,1,True,19.4,24.4,64.0,False,1.9,10.0
2025,British Grand Prix,BEA,Haas F1 Team,50.0,3.0,MEDIUM,9.0,90.921,29.104,37.062,24.755,300.0,263.0,251.0,330.0,1,True,19.4,24.4,64.0,False,1.9,11.0
2025,British Grand Prix,SAI,Williams,50.0,3.0,MEDIUM,9.0,91.965,29.867,37.265,24.833,306.0,265.0,252.0,320.0,1,False,19.4,24.4,64.0,False,1.9,12.0
2025,British Grand Prix,OCO,Haas F1 Team,50.0,3.0,MEDIUM,8.0,91.216,29.038,37.361,24.817,308.0,263.0,252.0,322.0,1,False,19.4,24.4,64.0,False,1.9,13.0
2025,British Grand Prix,LEC,Ferrari,50.0,3.0,SOFT,11.0,90.819,29.096,37.067,24.656,294.0,257.0,252.0,309.0,1,True,19.4,24.4,64.0,False,1.9,14.0
2025,British Grand Prix,NOR,McLaren,51.0,3.0,MEDIUM,7.0,90.269,28.71,37.048,24.511,298.0,263.0,253.0,312.0,1,False,19.5,24.6,65.0,False,1.5,1.0
2025,British Grand Prix,PIA,McLaren,51.0,3.0,MEDIUM,8.0,89.337,28.705,36.333,24.299,298.0,262.0,253.0,317.0,1,True,19.5,24.6,65.0,False,1.5,2.0
2025,British Grand Prix,TSU,Red Bull Racing,50.0,3.0,MEDIUM,9.0,91.649,29.075,37.605,24.969,301.0,263.0,251.0,322.0,1,False,19.5,24.6,65.0,False,1.5,15.0
2025,British Grand Prix,HUL,Kick Sauber,51.0,3.0,MEDIUM,9.0,90.933,29.47,36.82,24.643,288.0,263.0,251.0,306.0,1,True,19.5,24.6,65.0,False,1.5,3.0
2025,British Grand Prix,HAM,Ferrari,51.0,3.0,SOFT,13.0,90.664,29.14,37.015,24.509,295.0,261.0,250.0,311.0,1,False,19.5,24.6,65.0,False,1.5,4.0
2025,British Grand Prix,VER,Red Bull Racing,51.0,3.0,MEDIUM,10.0,90.973,29.374,36.969,24.63,312.0,265.0,253.0,318.0,1,False,19.5,24.6,64.0,False,1.6,5.0
2025,British Grand Prix,STR,Aston Martin,51.0,4.0,SOFT,10.0,93.653,30.534,38.198,24.921,307.0,260.0,252.0,311.0,1,False,19.5,24.6,64.0,False,1.6,6.0
2025,British Grand Prix,GAS,Alpine,51.0,3.0,MEDIUM,10.0,91.465,29.447,37.356,24.662,295.0,262.0,252.0,315.0,1,False,19.5,24.6,64.0,False,1.6,7.0
2025,British Grand Prix,ALO,Aston Martin,51.0,3.0,MEDIUM,15.0,90.578,29.142,36.74,24.696,296.0,261.0,253.0,311.0,1,False,19.5,24.6,64.0,False,1.6,8.0
2025,British Grand Prix,ALB,Williams,51.0,3.0,MEDIUM,9.0,90.12,28.834,36.986,24.3,309.0,264.0,254.0,331.0,1,False,19.5,24.6,64.0,False,1.6,9.0
2025,British Grand Prix,RUS,Mercedes,51.0,3.0,HARD,13.0,90.869,29.021,36.896,24.952,304.0,260.0,250.0,316.0,1,True,19.5,24.6,64.0,False,1.6,10.0
2025,British Grand Prix,BEA,Haas F1 Team,51.0,3.0,MEDIUM,10.0,91.121,29.159,36.99,24.972,306.0,262.0,251.0,318.0,1,False,19.5,24.6,64.0,False,1.6,11.0
2025,British Grand Prix,SAI,Williams,51.0,3.0,MEDIUM,10.0,91.017,29.168,37.039,24.81,302.0,262.0,252.0,318.0,1,False,19.5,24.6,64.0,False,1.6,12.0
2025,British Grand Prix,OCO,Haas F1 Team,51.0,3.0,MEDIUM,9.0,91.029,29.075,37.093,24.861,310.0,261.0,252.0,319.0,1,False,19.5,24.6,64.0,False,1.6,13.0
2025,British Grand Prix,LEC,Ferrari,51.0,3.0,SOFT,12.0,91.24,29.156,37.255,24.829,293.0,259.0,250.0,306.0,1,False,19.5,24.6,64.0,False,1.6,14.0
2025,British Grand Prix,NOR,McLaren,52.0,3.0,MEDIUM,8.0,90.69,28.812,36.855,25.023,299.0,263.0,206.0,312.0,1,False,19.5,24.6,64.0,False,1.6,1.0
2025,British Grand Prix,PIA,McLaren,52.0,3.0,MEDIUM,9.0,92.34,28.768,38.663,24.909,299.0,260.0,251.0,315.0,1,False,19.5,24.6,64.0,False,1.6,2.0
2025,British Grand Prix,TSU,Red Bull Racing,51.0,3.0,MEDIUM,10.0,91.565,29.104,37.398,25.063,302.0,263.0,251.0,320.0,1,False,19.6,24.3,63.0,False,1.7,15.0
2025,British Grand Prix,HUL,Kick Sauber,52.0,3.0,MEDIUM,10.0,91.705,29.341,37.271,25.093,288.0,263.0,249.0,304.0,1,False,19.6,24.3,63.0,False,1.7,3.0
2025,British Grand Prix,HAM,Ferrari,52.0,3.0,SOFT,14.0,91.662,29.278,37.354,25.03,296.0,260.0,240.0,312.0,1,False,19.6,24.3,63.0,False,1.7,4.0
2025,British Grand Prix,VER,Red Bull Racing,52.0,3.0,MEDIUM,11.0,91.389,29.137,37.206,25.046,300.0,263.0,249.0,317.0,1,False,19.6,24.3,63.0,False,1.7,5.0
2025,British Grand Prix,GAS,Alpine,52.0,3.0,MEDIUM,11.0,91.884,29.149,37.885,24.85,310.0,265.0,250.0,334.0,1,False,19.6,24.3,63.0,False,1.7,6.0
2025,British Grand Prix,STR,Aston Martin,52.0,4.0,SOFT,11.0,93.247,29.46,37.905,25.882,304.0,261.0,250.0,315.0,1,False,19.6,24.3,63.0,False,1.7,7.0
2025,British Grand Prix,ALB,Williams,52.0,3.0,MEDIUM,10.0,90.452,28.891,37.161,24.4,323.0,260.0,252.0,318.0,1,False,19.6,24.3,63.0,False,1.7,8.0
2025,British Grand Prix,ALO,Aston Martin,52.0,3.0,MEDIUM,16.0,92.745,29.31,38.607,24.828,303.0,262.0,253.0,313.0,1,False,19.6,24.3,63.0,False,1.7,9.0
2025,British Grand Prix,RUS,Mercedes,52.0,3.0,HARD,14.0,91.9,28.998,37.424,25.478,302.0,261.0,249.0,317.0,1,False,19.6,24.3,63.0,False,1.7,10.0
2025,British Grand Prix,BEA,Haas F1 Team,52.0,3.0,MEDIUM,11.0,92.585,29.012,38.59,24.983,306.0,250.0,253.0,314.0,1,False,19.6,24.3,63.0,False,1.7,11.0
2025,British Grand Prix,SAI,Williams,52.0,3.0,MEDIUM,11.0,90.645,28.927,36.976,24.742,306.0,266.0,252.0,320.0,1,True,19.6,24.3,63.0,False,1.7,12.0
2025,British Grand Prix,OCO,Haas F1 Team,52.0,3.0,MEDIUM,10.0,90.818,28.864,36.941,25.013,310.0,267.0,252.0,334.0,1,True,19.6,24.3,63.0,False,1.7,13.0
2025,British Grand Prix,LEC,Ferrari,52.0,3.0,SOFT,13.0,91.629,29.156,37.229,25.244,292.0,262.0,237.0,305.0,1,False,19.6,24.3,63.0,False,1.7,14.0
