Driver,Team,LapNumber,Stint,Compound,TyreLife,LapTimeSeconds,Sector1Seconds,Sector2Seconds,Sector3Seconds,SpeedI1,SpeedI2,SpeedFL,SpeedST,TrackStatus,IsPersonalBest,AirTemp,TrackTemp,Humidity,Rainfall,WindSpeed,Position
NOR,McLaren,1.0,1.0,MEDIUM,1.0,83.34,,37.264,21.219,189.0,176.0,252.0,267.0,12,False,22.0,43.9,51.0,False,1.2,1.0
LEC,Ferrari,1.0,1.0,MEDIUM,1.0,84.481,,37.212,21.765,187.0,181.0,253.0,269.0,12,False,22.0,43.9,51.0,False,1.2,2.0
PIA,McLaren,1.0,1.0,MEDIUM,1.0,86.141,,38.34,21.619,176.0,177.0,255.0,270.0,12,False,22.0,43.9,51.0,False,1.2,3.0
VER,Red Bull Racing,1.0,1.0,HARD,1.0,87.02,,38.394,21.759,170.0,178.0,253.0,258.0,12,False,22.0,43.9,51.0,False,1.2,4.0
HAD,Racing Bulls,1.0,1.0,MEDIUM,1.0,87.567,,38.756,21.437,173.0,175.0,255.0,244.0,12,False,22.0,43.9,51.0,False,1.2,5.0
ALO,Aston Martin,1.0,1.0,HARD,2.0,88.332,,38.958,21.505,172.0,178.0,256.0,273.0,12,False,22.0,43.9,51.0,False,1.2,6.0
HAM,Ferrari,1.0,1.0,HARD,1.0,89.406,,39.263,21.925,163.0,176.0,254.0,266.0,12,False,22.0,43.9,51.0,False,1.2,7.0
OCO,Haas F1 Team,1.0,1.0,MEDIUM,1.0,89.926,,39.394,21.91,152.0,181.0,256.0,267.0,12,False,22.0,43.9,51.0,False,1.2,8.0
LAW,Racing Bulls,1.0,1.0,MEDIUM,1.0,90.523,,39.544,21.909,161.0,175.0,258.0,274.0,12,False,22.0,43.9,51.0,False,1.2,9.0
ALB,Williams,1.0,1.0,MEDIUM,5.0,91.479,,40.146,22.03,165.0,168.0,253.0,276.0,12,False,22.0,43.9,51.0,False,1.2,10.0
SAI,Williams,1.0,1.0,HARD,1.0,92.413,,40.273,22.102,171.0,173.0,253.0,275.0,12,False,22.0,43.9,51.0,False,1.2,11.0
HUL,Kick Sauber,1.0,1.0,MEDIUM,1.0,92.788,,40.324,22.118,166.0,174.0,256.0,280.0,12,False,22.0,43.9,51.0,False,1.2,12.0
RUS,Mercedes,1.0,1.0,HARD,1.0,94.077,,40.601,22.289,154.0,178.0,255.0,278.0,126,False,22.0,43.9,51.0,False,1.2,13.0
ANT,Mercedes,1.0,1.0,HARD,1.0,94.721,,40.866,22.426,156.0,176.0,255.0,279.0,126,False,22.0,43.9,51.0,False,1.2,14.0
COL,Alpine,1.0,1.0,HARD,1.0,96.577,,41.29,22.86,142.0,176.0,167.0,274.0,126,False,22.0,43.9,51.0,False,1.2,15.0
STR,Aston Martin,1.0,1.0,HARD,2.0,98.018,,42.088,23.312,155.0,179.0,110.0,270.0,126,False,22.0,43.9,51.0,False,1.2,16.0
TSU,Red Bull Racing,1.0,1.0,SOFT,1.0,110.476,,40.335,39.397,164.0,180.0,,274.0,126,False,21.9,42.7,53.0,False,0.9,17.0
GAS,Alpine,1.0,1.0,MEDIUM,7.0,112.223,,40.955,39.268,158.0,180.0,,279.0,126,False,21.9,42.7,53.0,False,0.9,18.0
BEA,Haas F1 Team,1.0,1.0,MEDIUM,1.0,139.932,,42.114,64.803,147.0,176.0,,277.0,126,False,21.9,42.7,53.0,False,0.9,19.0
BOR,Kick Sauber,1.0,1.0,MEDIUM,1.0,145.564,,58.901,54.994,153.0,170.0,,222.0,126,False,21.9,42.7,53.0,False,0.9,20.0
NOR,McLaren,2.0,1.0,MEDIUM,2.0,104.634,34.072,44.185,26.377,97.0,144.0,136.0,252.0,16,True,21.7,42.7,53.0,False,0.9,1.0
LEC,Ferrari,2.0,1.0,MEDIUM,2.0,104.769,34.191,44.995,25.583,111.0,174.0,157.0,236.0,16,True,21.7,42.7,53.0,False,0.9,2.0
PIA,McLaren,2.0,1.0,MEDIUM,2.0,106.466,34.039,45.86,26.567,91.0,169.0,237.0,251.0,16,True,21.7,42.7,53.0,False,0.9,3.0
VER,Red Bull Racing,2.0,1.0,HARD,2.0,106.318,34.949,45.145,26.224,83.0,167.0,229.0,254.0,16,True,21.7,42.7,53.0,False,0.9,4.0
HAD,Racing Bulls,2.0,1.0,MEDIUM,2.0,106.692,36.151,45.078,25.463,75.0,181.0,232.0,255.0,16,True,21.7,42.7,53.0,False,0.9,5.0
ALO,Aston Martin,2.0,1.0,HARD,3.0,107.072,36.339,45.88,24.853,76.0,171.0,197.0,241.0,16,True,21.7,42.7,53.0,False,0.9,6.0
HAM,Ferrari,2.0,1.0,HARD,2.0,111.437,36.513,46.842,28.082,72.0,154.0,172.0,239.0,16,True,21.7,42.7,53.0,False,0.9,7.0
OCO,Haas F1 Team,2.0,1.0,MEDIUM,2.0,111.527,37.166,46.832,27.529,79.0,174.0,177.0,243.0,16,True,21.7,42.7,53.0,False,0.9,8.0
LAW,Racing Bulls,2.0,1.0,MEDIUM,2.0,112.308,38.001,46.718,27.589,82.0,175.0,214.0,237.0,16,True,21.7,42.7,53.0,False,0.9,9.0
ALB,Williams,2.0,1.0,MEDIUM,6.0,112.152,38.401,47.108,26.643,73.0,169.0,189.0,224.0,16,True,21.7,42.7,53.0,False,0.9,10.0
SAI,Williams,2.0,1.0,HARD,2.0,111.609,38.745,46.984,25.88,64.0,175.0,185.0,256.0,16,True,21.7,42.7,53.0,False,0.9,11.0
HUL,Kick Sauber,2.0,1.0,MEDIUM,2.0,112.404,39.508,47.565,25.331,63.0,170.0,171.0,243.0,16,True,21.7,42.7,53.0,False,0.9,12.0
RUS,Mercedes,2.0,1.0,HARD,2.0,111.593,38.966,47.377,25.25,56.0,181.0,127.0,259.0,6,True,21.7,42.7,53.0,False,0.9,13.0
ANT,Mercedes,2.0,1.0,HARD,2.0,111.408,39.052,48.171,24.185,60.0,177.0,122.0,257.0,6,True,21.7,42.7,53.0,False,0.9,14.0
COL,Alpine,2.0,1.0,HARD,2.0,110.894,37.987,48.498,24.409,66.0,173.0,110.0,246.0,6,True,21.7,42.7,53.0,False,0.9,15.0
STR,Aston Martin,2.0,1.0,HARD,3.0,109.806,38.104,48.427,23.275,76.0,179.0,115.0,236.0,6,True,21.7,42.7,53.0,False,0.9,16.0
TSU,Red Bull Racing,2.0,2.0,HARD,1.0,108.876,31.845,47.901,29.13,129.0,155.0,178.0,251.0,6,False,21.7,42.7,53.0,False,0.9,17.0
GAS,Alpine,2.0,2.0,MEDIUM,1.0,108.974,31.384,48.802,28.788,150.0,103.0,166.0,249.0,6,False,21.8,43.2,52.0,False,1.6,18.0
BEA,Haas F1 Team,2.0,2.0,HARD,1.0,110.654,31.873,49.013,29.768,143.0,139.0,177.0,231.0,6,False,21.8,43.2,52.0,False,1.6,19.0
BOR,Kick Sauber,2.0,2.0,HARD,1.0,109.746,31.568,48.667,29.511,115.0,164.0,179.0,178.0,6,False,21.8,43.2,52.0,False,1.6,20.0
NOR,McLaren,3.0,1.0,MEDIUM,3.0,109.015,30.118,49.715,29.182,147.0,173.0,213.0,250.0,6,False,21.9,43.2,51.0,False,1.0,1.0
LEC,Ferrari,3.0,1.0,MEDIUM,3.0,108.805,31.019,49.594,28.192,156.0,152.0,202.0,238.0,6,False,21.9,43.2,51.0,False,1.0,2.0
PIA,McLaren,3.0,1.0,MEDIUM,3.0,108.176,31.667,47.65,28.859,142.0,134.0,235.0,248.0,6,False,21.9,43.2,51.0,False,1.0,3.0
VER,Red Bull Racing,3.0,1.0,HARD,3.0,108.815,32.11,47.43,29.275,159.0,100.0,226.0,257.0,6,False,21.9,43.2,51.0,False,1.0,4.0
HAD,Racing Bulls,3.0,1.0,MEDIUM,3.0,109.414,32.612,47.304,29.498,156.0,107.0,218.0,263.0,6,False,21.9,43.2,51.0,False,1.0,5.0
ALO,Aston Martin,3.0,1.0,HARD,4.0,109.211,32.549,47.333,29.329,121.0,142.0,202.0,255.0,6,False,21.9,43.2,51.0,False,1.0,6.0
HAM,Ferrari,3.0,1.0,HARD,3.0,109.212,30.578,49.224,29.41,144.0,141.0,172.0,204.0,6,True,21.9,43.2,51.0,False,1.0,7.0
OCO,Haas F1 Team,3.0,1.0,MEDIUM,3.0,109.187,30.865,48.909,29.413,133.0,153.0,182.0,204.0,6,True,21.9,43.2,51.0,False,1.0,8.0
LAW,Racing Bulls,3.0,1.0,MEDIUM,3.0,108.504,30.768,48.63,29.106,131.0,128.0,172.0,255.0,6,True,21.9,43.2,51.0,False,1.0,9.0
ALB,Williams,3.0,1.0,MEDIUM,7.0,108.346,30.845,48.338,29.163,127.0,141.0,143.0,237.0,6,True,21.9,43.2,51.0,False,1.0,10.0
SAI,Williams,3.0,1.0,HARD,3.0,108.386,31.326,48.065,28.995,123.0,148.0,158.0,252.0,6,True,21.9,43.2,51.0,False,1.0,11.0
HUL,Kick Sauber,3.0,1.0,MEDIUM,3.0,108.106,31.084,48.213,28.809,129.0,142.0,133.0,239.0,6,True,21.9,43.2,51.0,False,1.0,12.0
RUS,Mercedes,3.0,1.0,HARD,3.0,108.563,31.387,48.171,29.005,122.0,142.0,170.0,224.0,6,True,21.9,43.2,51.0,False,1.0,13.0
ANT,Mercedes,3.0,1.0,HARD,3.0,108.871,31.739,47.91,29.222,113.0,150.0,154.0,235.0,6,True,21.9,43.2,51.0,False,1.0,14.0
COL,Alpine,3.0,1.0,HARD,3.0,108.913,31.865,47.462,29.586,105.0,141.0,190.0,234.0,6,True,21.9,43.2,51.0,False,1.0,15.0
STR,Aston Martin,3.0,1.0,HARD,4.0,109.353,32.616,47.59,29.147,89.0,173.0,191.0,224.0,6,True,21.9,43.2,51.0,False,1.0,16.0
TSU,Red Bull Racing,3.0,2.0,HARD,2.0,108.545,30.346,50.636,27.563,124.0,119.0,176.0,219.0,6,True,21.9,43.2,51.0,False,1.0,17.0
GAS,Alpine,3.0,2.0,MEDIUM,2.0,108.723,30.81,48.939,28.974,163.0,143.0,238.0,256.0,6,True,21.9,43.2,51.0,False,1.0,18.0
BEA,Haas F1 Team,3.0,2.0,HARD,2.0,110.334,30.303,49.245,30.786,152.0,117.0,224.0,242.0,6,True,22.0,42.7,53.0,False,0.8,19.0
BOR,Kick Sauber,3.0,2.0,HARD,2.0,109.362,30.442,47.534,31.386,151.0,170.0,117.0,224.0,6,True,22.0,42.7,53.0,False,0.8,20.0
NOR,McLaren,4.0,1.0,MEDIUM,4.0,101.564,31.321,47.988,22.255,141.0,121.0,253.0,248.0,671,True,22.0,42.7,53.0,False,0.8,1.0
LEC,Ferrari,4.0,1.0,MEDIUM,4.0,101.248,31.076,48.358,21.814,148.0,99.0,262.0,239.0,671,True,22.0,42.7,53.0,False,0.8,2.0
PIA,McLaren,4.0,1.0,MEDIUM,4.0,100.676,31.527,47.809,21.34,118.0,120.0,256.0,249.0,671,True,22.0,41.3,55.0,False,0.5,3.0
VER,Red Bull Racing,4.0,1.0,HARD,4.0,100.29,31.006,47.889,21.395,136.0,170.0,262.0,253.0,671,True,22.0,41.3,55.0,False,0.5,4.0
HAD,Racing Bulls,4.0,1.0,MEDIUM,4.0,99.64,31.302,47.155,21.183,149.0,171.0,261.0,264.0,671,True,22.0,41.3,55.0,False,0.5,5.0
ALO,Aston Martin,4.0,1.0,HARD,5.0,99.675,31.606,46.693,21.376,119.0,174.0,263.0,240.0,671,True,22.0,41.3,55.0,False,0.5,6.0
HAM,Ferrari,4.0,1.0,HARD,4.0,94.73,27.939,45.562,21.229,142.0,182.0,264.0,242.0,671,True,22.0,41.3,55.0,False,0.5,7.0
OCO,Haas F1 Team,4.0,1.0,MEDIUM,4.0,95.23,28.787,45.184,21.259,122.0,178.0,258.0,237.0,671,True,22.0,41.3,55.0,False,0.5,8.0
LAW,Racing Bulls,4.0,1.0,MEDIUM,4.0,95.354,29.548,44.631,21.175,94.0,178.0,263.0,247.0,671,True,22.0,41.3,55.0,False,0.5,9.0
ALB,Williams,4.0,1.0,MEDIUM,8.0,96.006,29.942,44.769,21.295,99.0,175.0,254.0,264.0,671,True,22.0,41.3,55.0,False,0.5,10.0
SAI,Williams,4.0,1.0,HARD,4.0,96.808,30.511,44.759,21.538,88.0,176.0,252.0,265.0,671,True,22.0,41.3,55.0,False,0.5,11.0
HUL,Kick Sauber,4.0,1.0,MEDIUM,4.0,96.696,30.734,44.625,21.337,87.0,182.0,261.0,256.0,671,True,22.0,41.3,55.0,False,0.5,12.0
RUS,Mercedes,4.0,1.0,HARD,4.0,96.667,30.937,44.182,21.548,83.0,179.0,263.0,258.0,671,True,22.0,41.3,55.0,False,0.5,13.0
ANT,Mercedes,4.0,1.0,HARD,4.0,96.575,30.84,44.027,21.708,83.0,178.0,263.0,258.0,671,True,22.0,41.3,55.0,False,0.5,14.0
COL,Alpine,4.0,1.0,HARD,4.0,96.476,30.548,44.583,21.345,86.0,180.0,255.0,208.0,671,True,22.0,41.3,55.0,False,0.5,15.0
STR,Aston Martin,4.0,1.0,HARD,5.0,96.353,30.374,44.702,21.277,97.0,178.0,266.0,223.0,671,True,22.0,41.3,55.0,False,0.5,16.0
TSU,Red Bull Racing,4.0,2.0,HARD,3.0,93.097,30.659,41.483,20.955,113.0,183.0,254.0,272.0,671,True,22.0,41.3,55.0,False,0.5,17.0
GAS,Alpine,4.0,2.0,MEDIUM,3.0,91.509,31.667,39.044,20.798,150.0,186.0,262.0,277.0,671,True,22.0,41.3,55.0,False,0.5,18.0
BEA,Haas F1 Team,4.0,2.0,HARD,3.0,82.127,25.405,36.559,20.163,190.0,190.0,254.0,272.0,671,True,22.0,41.3,55.0,False,0.5,19.0
BOR,Kick Sauber,4.0,2.0,HARD,3.0,83.609,26.11,36.882,20.617,174.0,184.0,252.0,271.0,671,True,22.0,41.3,55.0,False,0.5,20.0
NOR,McLaren,5.0,1.0,MEDIUM,5.0,78.05,20.559,36.559,20.932,200.0,180.0,254.0,272.0,1,True,21.9,42.0,54.0,False,0.9,1.0
LEC,Ferrari,5.0,1.0,MEDIUM,5.0,78.801,20.597,37.317,20.887,196.0,186.0,254.0,273.0,1,True,21.9,42.0,54.0,False,0.9,2.0
PIA,McLaren,5.0,1.0,MEDIUM,5.0,80.048,20.991,37.756,21.301,183.0,182.0,255.0,272.0,1,True,21.9,42.0,54.0,False,0.9,3.0
VER,Red Bull Racing,5.0,1.0,HARD,5.0,80.8,21.744,37.485,21.571,177.0,173.0,254.0,262.0,1,True,21.9,42.0,54.0,False,0.9,4.0
HAD,Racing Bulls,5.0,1.0,MEDIUM,5.0,80.952,21.487,37.886,21.579,172.0,180.0,254.0,269.0,1,True,21.9,42.0,54.0,False,0.9,5.0
ALO,Aston Martin,5.0,1.0,HARD,6.0,80.94,21.215,38.446,21.279,180.0,179.0,262.0,272.0,1,True,21.9,42.0,54.0,False,0.9,6.0
HAM,Ferrari,5.0,1.0,HARD,5.0,81.057,21.429,38.341,21.287,176.0,181.0,263.0,274.0,1,True,21.9,42.0,54.0,False,0.9,7.0
OCO,Haas F1 Team,5.0,1.0,MEDIUM,5.0,80.666,21.232,38.039,21.395,168.0,184.0,265.0,276.0,1,True,21.9,42.0,54.0,False,0.9,8.0
LAW,Racing Bulls,5.0,1.0,MEDIUM,5.0,80.766,21.045,38.201,21.52,170.0,178.0,264.0,275.0,1,True,21.9,42.0,54.0,False,0.9,9.0
ALB,Williams,5.0,1.0,MEDIUM,9.0,80.465,21.014,38.074,21.377,181.0,171.0,261.0,277.0,1,True,21.9,42.0,54.0,False,0.9,10.0
SAI,Williams,5.0,1.0,HARD,5.0,80.58,21.17,37.671,21.739,186.0,175.0,252.0,276.0,1,True,21.9,42.0,54.0,False,0.9,11.0
HUL,Kick Sauber,5.0,1.0,MEDIUM,5.0,80.475,21.179,37.573,21.723,187.0,174.0,262.0,276.0,1,True,21.9,42.0,54.0,False,0.9,12.0
RUS,Mercedes,5.0,1.0,HARD,5.0,80.576,21.536,37.379,21.661,178.0,183.0,257.0,275.0,1,True,21.9,42.0,54.0,False,0.9,13.0
ANT,Mercedes,5.0,1.0,HARD,5.0,80.377,21.314,37.578,21.485,178.0,181.0,264.0,277.0,1,True,21.9,42.0,54.0,False,0.9,14.0
COL,Alpine,5.0,1.0,HARD,5.0,79.999,20.959,37.709,21.331,179.0,179.0,262.0,280.0,1,True,21.9,42.0,54.0,False,0.9,15.0
STR,Aston Martin,5.0,1.0,HARD,6.0,80.285,21.136,37.834,21.315,186.0,186.0,260.0,279.0,1,True,21.9,42.0,54.0,False,0.9,16.0
TSU,Red Bull Racing,5.0,2.0,HARD,4.0,78.663,21.055,36.977,20.631,190.0,185.0,255.0,275.0,1,True,21.9,42.0,54.0,False,0.9,17.0
GAS,Alpine,5.0,2.0,MEDIUM,4.0,78.864,21.094,37.068,20.702,189.0,184.0,263.0,280.0,1,True,21.9,42.0,54.0,False,0.9,18.0
BEA,Haas F1 Team,5.0,2.0,HARD,4.0,75.576,20.059,35.746,19.771,203.0,191.0,255.0,274.0,1,True,21.9,42.0,54.0,False,0.9,19.0
BOR,Kick Sauber,5.0,2.0,HARD,4.0,76.394,20.236,36.043,20.115,194.0,191.0,254.0,272.0,1,True,21.9,42.2,54.0,False,1.1,20.0
NOR,McLaren,6.0,1.0,MEDIUM,6.0,79.172,20.643,37.367,21.162,200.0,180.0,254.0,266.0,1,False,21.9,42.2,54.0,False,1.1,1.0
LEC,Ferrari,6.0,1.0,MEDIUM,6.0,79.267,20.621,37.804,20.842,195.0,184.0,254.0,271.0,1,False,21.9,42.2,54.0,False,1.1,2.0
PIA,McLaren,6.0,1.0,MEDIUM,6.0,79.793,20.928,37.577,21.288,193.0,183.0,255.0,273.0,1,True,21.9,42.2,54.0,False,1.1,3.0
VER,Red Bull Racing,6.0,1.0,HARD,6.0,80.011,21.37,37.325,21.316,182.0,181.0,254.0,265.0,1,True,21.9,42.2,54.0,False,1.1,4.0
HAD,Racing Bulls,6.0,1.0,MEDIUM,6.0,80.143,21.128,37.732,21.283,185.0,182.0,253.0,270.0,1,True,21.9,42.2,54.0,False,1.1,5.0
ALO,Aston Martin,6.0,1.0,HARD,7.0,80.424,21.36,38.05,21.014,184.0,179.0,257.0,278.0,1,True,21.9,42.2,54.0,False,1.1,6.0
HAM,Ferrari,6.0,1.0,HARD,6.0,80.225,21.356,37.87,20.999,172.0,185.0,261.0,274.0,1,True,21.9,42.2,54.0,False,1.1,7.0
OCO,Haas F1 Team,6.0,1.0,MEDIUM,6.0,80.506,21.421,37.785,21.3,169.0,183.0,264.0,277.0,1,True,21.9,42.2,54.0,False,1.1,8.0
LAW,Racing Bulls,6.0,1.0,MEDIUM,6.0,81.542,21.104,38.602,21.836,167.0,183.0,254.0,274.0,1,False,21.9,42.2,54.0,False,1.1,9.0
ALB,Williams,6.0,1.0,MEDIUM,10.0,81.426,21.354,38.432,21.64,182.0,172.0,253.0,277.0,1,False,21.9,42.2,54.0,False,1.1,10.0
SAI,Williams,6.0,1.0,HARD,6.0,81.056,21.208,38.086,21.762,182.0,172.0,260.0,276.0,1,False,21.9,42.2,54.0,False,1.1,11.0
HUL,Kick Sauber,6.0,1.0,MEDIUM,6.0,80.974,21.301,37.833,21.84,190.0,175.0,263.0,274.0,1,False,21.9,42.2,54.0,False,1.1,12.0
RUS,Mercedes,6.0,1.0,HARD,6.0,80.75,21.474,37.683,21.593,187.0,179.0,264.0,270.0,1,False,21.9,42.2,54.0,False,1.1,13.0
ANT,Mercedes,6.0,1.0,HARD,6.0,80.757,21.476,37.739,21.542,172.0,180.0,266.0,269.0,1,False,21.9,42.2,54.0,False,1.1,14.0
COL,Alpine,6.0,1.0,HARD,6.0,80.746,21.187,37.873,21.686,177.0,177.0,262.0,280.0,1,False,21.9,42.2,54.0,False,1.1,15.0
STR,Aston Martin,6.0,1.0,HARD,7.0,80.306,21.107,37.773,21.426,181.0,183.0,269.0,276.0,1,False,21.9,42.2,54.0,False,1.1,16.0
TSU,Red Bull Racing,6.0,2.0,HARD,5.0,78.281,20.891,36.667,20.723,194.0,187.0,255.0,277.0,1,True,21.9,42.2,54.0,False,1.1,17.0
GAS,Alpine,6.0,2.0,MEDIUM,5.0,78.054,20.587,36.799,20.668,185.0,187.0,264.0,282.0,1,True,21.9,42.2,54.0,False,1.1,18.0
BEA,Haas F1 Team,6.0,2.0,HARD,5.0,74.855,19.719,35.412,19.724,208.0,192.0,255.0,276.0,1,True,22.0,43.1,54.0,False,1.0,19.0
BOR,Kick Sauber,6.0,2.0,HARD,5.0,75.757,19.917,35.681,20.159,205.0,192.0,253.0,273.0,1,True,22.0,43.1,54.0,False,1.0,20.0
NOR,McLaren,7.0,1.0,MEDIUM,7.0,78.47,20.536,37.171,20.763,196.0,189.0,254.0,273.0,1,False,22.0,43.1,54.0,False,1.0,1.0
LEC,Ferrari,7.0,1.0,MEDIUM,7.0,78.656,20.633,37.281,20.742,197.0,185.0,254.0,273.0,1,True,22.0,43.1,54.0,False,1.0,2.0
PIA,McLaren,7.0,1.0,MEDIUM,7.0,79.261,20.688,37.373,21.2,189.0,184.0,255.0,274.0,1,True,22.1,44.1,52.0,False,0.8,3.0
VER,Red Bull Racing,7.0,1.0,HARD,7.0,78.968,21.25,37.105,20.613,184.0,188.0,255.0,258.0,1,True,22.1,44.1,52.0,False,0.8,4.0
HAD,Racing Bulls,7.0,1.0,MEDIUM,7.0,79.554,21.188,37.515,20.851,190.0,185.0,253.0,273.0,1,True,22.1,44.1,52.0,False,0.8,5.0
ALO,Aston Martin,7.0,1.0,HARD,8.0,80.222,21.21,37.915,21.097,190.0,181.0,256.0,271.0,1,True,22.1,44.1,52.0,False,0.8,6.0
HAM,Ferrari,7.0,1.0,HARD,7.0,80.931,21.656,37.924,21.351,174.0,185.0,261.0,268.0,1,False,22.1,44.1,52.0,False,0.8,7.0
OCO,Haas F1 Team,7.0,1.0,MEDIUM,7.0,80.545,21.553,37.696,21.296,162.0,180.0,264.0,278.0,1,False,22.1,44.1,52.0,False,0.8,8.0
LAW,Racing Bulls,7.0,1.0,MEDIUM,7.0,81.507,21.289,38.596,21.622,159.0,178.0,255.0,276.0,1,False,22.1,44.1,52.0,False,0.8,9.0
ALB,Williams,7.0,1.0,MEDIUM,11.0,81.287,21.272,38.715,21.3,177.0,174.0,262.0,270.0,1,False,22.1,44.1,52.0,False,0.8,10.0
SAI,Williams,7.0,1.0,HARD,7.0,81.577,21.387,38.385,21.805,184.0,171.0,254.0,277.0,1,False,22.1,44.1,52.0,False,0.8,11.0
HUL,Kick Sauber,7.0,1.0,MEDIUM,7.0,81.264,21.405,38.176,21.683,186.0,180.0,266.0,277.0,1,False,22.1,44.1,52.0,False,0.8,12.0
RUS,Mercedes,7.0,1.0,HARD,7.0,81.214,21.597,37.853,21.764,176.0,177.0,265.0,274.0,1,False,22.1,44.1,52.0,False,0.8,13.0
ANT,Mercedes,7.0,1.0,HARD,7.0,81.194,21.573,37.746,21.875,169.0,180.0,266.0,275.0,1,False,22.1,44.1,52.0,False,0.8,14.0
COL,Alpine,7.0,1.0,HARD,7.0,80.915,21.251,37.801,21.863,169.0,181.0,264.0,277.0,1,False,22.1,44.1,52.0,False,0.8,15.0
STR,Aston Martin,7.0,1.0,HARD,8.0,81.196,21.189,38.295,21.712,168.0,183.0,268.0,266.0,1,False,22.1,44.1,52.0,False,0.8,16.0
TSU,Red Bull Racing,7.0,2.0,HARD,6.0,79.157,20.886,37.098,21.173,193.0,184.0,257.0,280.0,1,False,22.1,44.1,52.0,False,0.8,17.0
GAS,Alpine,7.0,2.0,MEDIUM,6.0,79.262,20.844,37.141,21.277,192.0,183.0,264.0,282.0,1,False,22.1,44.1,52.0,False,0.8,18.0
BEA,Haas F1 Team,7.0,2.0,HARD,6.0,75.058,19.736,35.502,19.82,209.0,193.0,256.0,276.0,1,False,22.1,44.1,52.0,False,0.8,19.0
BOR,Kick Sauber,7.0,2.0,HARD,6.0,75.721,19.917,35.737,20.067,205.0,189.0,254.0,273.0,1,True,22.1,44.1,52.0,False,0.8,20.0
NOR,McLaren,8.0,1.0,MEDIUM,8.0,77.626,20.324,36.551,20.751,198.0,188.0,255.0,272.0,12,True,22.3,44.2,51.0,False,1.3,1.0
LEC,Ferrari,8.0,1.0,MEDIUM,8.0,77.99,20.357,36.978,20.655,196.0,189.0,254.0,273.0,12,True,22.3,44.2,51.0,False,1.3,2.0
PIA,McLaren,8.0,1.0,MEDIUM,8.0,78.029,20.392,36.99,20.647,194.0,189.0,256.0,273.0,12,True,22.3,44.2,51.0,False,1.3,3.0
VER,Red Bull Racing,8.0,1.0,HARD,8.0,77.714,20.467,36.796,20.451,195.0,191.0,256.0,263.0,12,True,22.3,44.2,51.0,False,1.3,4.0
HAD,Racing Bulls,8.0,1.0,MEDIUM,8.0,78.388,20.558,37.028,20.802,194.0,188.0,253.0,275.0,12,True,22.3,44.2,51.0,False,1.3,5.0
ALO,Aston Martin,8.0,1.0,HARD,9.0,79.105,20.807,37.418,20.88,196.0,184.0,256.0,270.0,12,True,22.3,44.2,51.0,False,1.3,6.0
HAM,Ferrari,8.0,1.0,HARD,8.0,79.039,21.005,37.058,20.976,178.0,188.0,255.0,277.0,12,True,22.3,44.2,51.0,False,1.3,7.0
OCO,Haas F1 Team,8.0,1.0,MEDIUM,8.0,79.207,21.235,37.131,20.841,175.0,186.0,265.0,278.0,12,True,22.3,44.2,51.0,False,1.3,8.0
LAW,Racing Bulls,8.0,1.0,MEDIUM,8.0,80.351,21.281,37.907,21.163,172.0,179.0,255.0,277.0,12,True,22.3,44.2,51.0,False,1.3,9.0
ALB,Williams,8.0,1.0,MEDIUM,12.0,80.471,21.348,37.673,21.45,182.0,181.0,260.0,279.0,12,False,22.3,44.2,51.0,False,1.3,10.0
SAI,Williams,8.0,1.0,HARD,8.0,80.384,21.141,37.935,21.308,189.0,174.0,255.0,279.0,12,True,22.3,44.2,51.0,False,1.3,11.0
HUL,Kick Sauber,8.0,1.0,MEDIUM,8.0,80.3,21.16,37.853,21.287,188.0,182.0,266.0,280.0,12,True,22.3,44.2,51.0,False,1.3,12.0
RUS,Mercedes,8.0,1.0,HARD,8.0,80.793,21.517,37.737,21.539,184.0,179.0,258.0,275.0,12,False,22.3,44.2,51.0,False,1.3,13.0
ANT,Mercedes,8.0,1.0,HARD,8.0,80.877,21.393,37.795,21.689,178.0,178.0,258.0,278.0,12,False,22.3,44.2,51.0,False,1.3,14.0
COL,Alpine,8.0,1.0,HARD,8.0,80.987,21.26,38.026,21.701,176.0,176.0,261.0,279.0,12,False,22.3,44.2,51.0,False,1.3,15.0
STR,Aston Martin,8.0,1.0,HARD,9.0,81.663,21.185,39.151,21.327,173.0,178.0,260.0,278.0,12,False,22.3,44.2,51.0,False,1.3,16.0
TSU,Red Bull Racing,8.0,2.0,HARD,7.0,83.351,21.096,40.024,22.231,188.0,145.0,255.0,283.0,12,False,22.3,44.2,51.0,False,1.3,17.0
BEA,Haas F1 Team,8.0,2.0,HARD,7.0,78.303,19.782,37.095,21.426,210.0,186.0,256.0,277.0,12,False,22.3,44.2,51.0,False,1.3,18.0
BOR,Kick Sauber,8.0,2.0,HARD,7.0,78.331,19.866,37.166,21.299,207.0,188.0,253.0,274.0,12,False,22.3,44.2,51.0,False,1.3,20.0
NOR,McLaren,9.0,1.0,MEDIUM,9.0,82.148,20.524,40.374,21.25,200.0,187.0,255.0,263.0,2,False,22.4,44.6,50.0,False,1.1,1.0
LEC,Ferrari,9.0,1.0,MEDIUM,9.0,81.212,20.351,39.971,20.89,197.0,179.0,256.0,271.0,2,False,22.4,44.6,50.0,False,1.1,2.0
PIA,McLaren,9.0,1.0,MEDIUM,9.0,82.281,20.243,40.93,21.108,191.0,183.0,255.0,245.0,2,False,22.4,44.6,50.0,False,1.1,3.0
VER,Red Bull Racing,9.0,1.0,HARD,9.0,81.205,20.277,39.989,20.939,199.0,179.0,266.0,255.0,2,False,22.4,44.6,50.0,False,1.1,4.0
HAD,Racing Bulls,9.0,1.0,MEDIUM,9.0,81.968,20.407,40.855,20.706,197.0,183.0,255.0,244.0,2,False,22.4,44.6,50.0,False,1.1,5.0
ALO,Aston Martin,9.0,1.0,HARD,10.0,82.183,20.318,40.954,20.911,202.0,184.0,257.0,272.0,2,False,22.4,44.6,50.0,False,1.1,6.0
HAM,Ferrari,9.0,1.0,HARD,9.0,82.018,20.362,40.703,20.953,193.0,188.0,263.0,276.0,2,False,22.4,44.6,50.0,False,1.1,7.0
OCO,Haas F1 Team,9.0,1.0,MEDIUM,9.0,82.712,20.818,40.656,21.238,179.0,183.0,258.0,261.0,2,False,22.4,44.6,50.0,False,1.1,8.0
LAW,Racing Bulls,9.0,1.0,MEDIUM,9.0,84.55,21.422,40.956,22.172,174.0,149.0,256.0,270.0,2,False,22.4,44.6,50.0,False,1.1,9.0
ALB,Williams,9.0,1.0,MEDIUM,13.0,84.151,21.405,40.877,21.869,178.0,160.0,262.0,259.0,2,False,22.4,44.6,50.0,False,1.1,10.0
SAI,Williams,9.0,1.0,HARD,9.0,83.673,21.032,40.775,21.866,186.0,177.0,265.0,263.0,2,False,22.4,44.6,50.0,False,1.1,11.0
HUL,Kick Sauber,9.0,1.0,MEDIUM,9.0,84.031,21.082,41.05,21.899,188.0,171.0,265.0,263.0,2,False,22.4,44.6,50.0,False,1.1,12.0
RUS,Mercedes,9.0,1.0,HARD,9.0,83.39,20.929,40.252,22.209,190.0,172.0,262.0,273.0,2,False,22.4,44.6,50.0,False,1.1,13.0
ANT,Mercedes,9.0,1.0,HARD,9.0,83.326,20.97,40.05,22.306,181.0,170.0,262.0,261.0,2,False,22.4,44.6,50.0,False,1.1,14.0
COL,Alpine,9.0,1.0,HARD,9.0,83.197,21.02,39.914,22.263,183.0,172.0,264.0,271.0,2,False,22.4,44.6,50.0,False,1.1,15.0
STR,Aston Martin,9.0,1.0,HARD,10.0,82.321,20.895,39.29,22.136,174.0,180.0,269.0,237.0,2,False,22.4,44.6,50.0,False,1.1,16.0
TSU,Red Bull Racing,9.0,2.0,HARD,8.0,79.611,20.404,37.584,21.623,191.0,184.0,265.0,271.0,2,False,22.5,44.7,48.0,False,1.3,17.0
BEA,Haas F1 Team,9.0,2.0,HARD,8.0,76.467,19.799,36.351,20.317,210.0,189.0,259.0,280.0,2,False,22.5,44.7,48.0,False,1.3,18.0
BOR,Kick Sauber,9.0,2.0,HARD,8.0,78.411,19.887,37.09,21.434,207.0,191.0,254.0,262.0,2,False,22.5,44.7,48.0,False,1.3,19.0
NOR,McLaren,10.0,1.0,MEDIUM,10.0,80.385,20.486,38.781,21.118,198.0,183.0,257.0,271.0,2,False,22.5,44.7,48.0,False,1.3,1.0
LEC,Ferrari,10.0,1.0,MEDIUM,10.0,79.912,20.059,38.874,20.979,203.0,188.0,263.0,264.0,2,False,22.5,44.7,48.0,False,1.3,2.0
PIA,McLaren,10.0,1.0,MEDIUM,10.0,79.16,20.161,38.417,20.582,196.0,183.0,258.0,270.0,2,False,22.6,45.0,49.0,False,1.1,3.0
VER,Red Bull Racing,10.0,1.0,HARD,10.0,79.169,20.44,38.145,20.584,195.0,184.0,266.0,263.0,2,False,22.6,45.0,49.0,False,1.1,4.0
HAD,Racing Bulls,10.0,1.0,MEDIUM,10.0,78.529,20.28,37.502,20.747,199.0,184.0,257.0,266.0,2,False,22.6,45.0,49.0,False,1.1,5.0
ALO,Aston Martin,10.0,1.0,HARD,11.0,80.167,20.298,39.123,20.746,202.0,185.0,257.0,277.0,2,False,22.6,45.0,49.0,False,1.1,6.0
HAM,Ferrari,10.0,1.0,HARD,10.0,80.528,20.252,39.411,20.865,196.0,187.0,258.0,260.0,2,False,22.6,45.0,49.0,False,1.1,7.0
OCO,Haas F1 Team,10.0,1.0,MEDIUM,10.0,80.33,20.367,39.1,20.863,184.0,188.0,258.0,260.0,2,False,22.6,45.0,49.0,False,1.1,8.0
LAW,Racing Bulls,10.0,1.0,MEDIUM,10.0,81.421,21.0,38.952,21.469,181.0,179.0,256.0,276.0,2,False,22.6,45.0,49.0,False,1.1,9.0
ALB,Williams,10.0,1.0,MEDIUM,14.0,81.528,21.435,38.773,21.32,188.0,176.0,264.0,267.0,2,False,22.6,45.0,49.0,False,1.1,10.0
SAI,Williams,10.0,1.0,HARD,10.0,81.668,21.416,38.732,21.52,173.0,174.0,264.0,279.0,2,False,22.6,45.0,49.0,False,1.1,11.0
HUL,Kick Sauber,10.0,1.0,MEDIUM,10.0,81.507,21.142,38.955,21.41,184.0,181.0,262.0,270.0,2,False,22.6,45.0,49.0,False,1.1,12.0
RUS,Mercedes,10.0,1.0,HARD,10.0,81.501,21.355,38.625,21.521,183.0,179.0,263.0,261.0,2,False,22.6,45.0,49.0,False,1.1,13.0
ANT,Mercedes,10.0,1.0,HARD,10.0,81.523,21.258,38.634,21.631,174.0,178.0,265.0,255.0,2,False,22.6,45.0,49.0,False,1.1,14.0
COL,Alpine,10.0,1.0,HARD,10.0,81.709,21.163,38.877,21.669,179.0,179.0,264.0,263.0,2,False,22.6,45.0,49.0,False,1.1,15.0
STR,Aston Martin,10.0,1.0,HARD,11.0,81.708,21.199,38.782,21.727,178.0,179.0,270.0,255.0,2,False,22.6,45.0,49.0,False,1.1,16.0
TSU,Red Bull Racing,10.0,2.0,HARD,9.0,81.823,21.099,38.939,21.785,173.0,183.0,259.0,270.0,2,False,22.6,45.0,49.0,False,1.1,17.0
BEA,Haas F1 Team,10.0,2.0,HARD,9.0,79.555,20.089,38.146,21.32,193.0,184.0,258.0,277.0,2,False,22.6,45.0,49.0,False,1.1,18.0
BOR,Kick Sauber,10.0,2.0,HARD,9.0,76.782,19.881,36.748,20.153,205.0,191.0,255.0,269.0,2,False,22.6,45.0,49.0,False,1.1,19.0
NOR,McLaren,11.0,1.0,MEDIUM,11.0,79.771,20.086,38.999,20.686,199.0,187.0,255.0,207.0,21,False,22.6,43.7,50.0,False,1.5,1.0
LEC,Ferrari,11.0,1.0,MEDIUM,11.0,79.89,20.125,39.049,20.716,202.0,185.0,262.0,235.0,21,False,22.6,43.7,50.0,False,1.5,2.0
PIA,McLaren,11.0,1.0,MEDIUM,11.0,77.335,19.958,36.973,20.404,201.0,185.0,258.0,273.0,21,True,22.6,43.7,50.0,False,1.5,3.0
VER,Red Bull Racing,11.0,1.0,HARD,11.0,77.481,20.295,36.676,20.51,200.0,188.0,265.0,276.0,21,True,22.6,43.7,50.0,False,1.5,4.0
HAD,Racing Bulls,11.0,1.0,MEDIUM,11.0,78.183,20.296,37.41,20.477,197.0,188.0,255.0,273.0,21,True,22.6,43.7,50.0,False,1.5,5.0
ALO,Aston Martin,11.0,1.0,HARD,12.0,77.469,20.465,36.583,20.421,200.0,187.0,256.0,275.0,21,True,22.6,43.7,50.0,False,1.5,6.0
HAM,Ferrari,11.0,1.0,HARD,11.0,77.12,20.216,36.509,20.395,197.0,191.0,263.0,269.0,21,True,22.6,43.7,50.0,False,1.5,7.0
OCO,Haas F1 Team,11.0,1.0,MEDIUM,11.0,77.319,20.474,36.288,20.557,185.0,192.0,258.0,278.0,21,True,22.6,43.7,50.0,False,1.5,8.0
LAW,Racing Bulls,11.0,1.0,MEDIUM,11.0,79.348,21.014,37.097,21.237,188.0,184.0,256.0,277.0,21,True,22.6,43.7,50.0,False,1.5,9.0
ALB,Williams,11.0,1.0,MEDIUM,15.0,79.447,21.057,37.217,21.173,196.0,176.0,263.0,271.0,21,True,22.6,43.7,50.0,False,1.5,10.0
SAI,Williams,11.0,1.0,HARD,11.0,79.43,21.101,37.017,21.312,190.0,186.0,265.0,279.0,21,True,22.6,43.7,50.0,False,1.5,11.0
HUL,Kick Sauber,11.0,1.0,MEDIUM,11.0,79.404,20.899,37.338,21.167,199.0,186.0,266.0,277.0,21,True,22.6,43.7,50.0,False,1.5,12.0
RUS,Mercedes,11.0,1.0,HARD,11.0,79.853,21.311,37.353,21.189,186.0,184.0,261.0,277.0,21,True,22.6,43.7,50.0,False,1.5,13.0
ANT,Mercedes,11.0,1.0,HARD,11.0,79.894,21.213,37.509,21.172,181.0,183.0,260.0,278.0,21,True,22.6,43.7,50.0,False,1.5,14.0
COL,Alpine,11.0,1.0,HARD,11.0,79.851,20.995,37.59,21.266,176.0,182.0,262.0,281.0,21,True,22.6,43.7,50.0,False,1.5,15.0
STR,Aston Martin,11.0,1.0,HARD,12.0,80.118,20.998,37.856,21.264,179.0,183.0,268.0,274.0,21,True,22.6,43.7,50.0,False,1.5,16.0
TSU,Red Bull Racing,11.0,2.0,HARD,10.0,80.088,20.929,37.89,21.269,169.0,184.0,265.0,275.0,21,False,22.6,43.7,50.0,False,1.5,17.0
BEA,Haas F1 Team,11.0,2.0,HARD,10.0,80.017,20.767,37.739,21.511,181.0,182.0,265.0,283.0,21,False,22.6,43.7,50.0,False,1.5,18.0
BOR,Kick Sauber,11.0,2.0,HARD,10.0,76.256,19.89,36.03,20.336,205.0,190.0,255.0,279.0,21,False,22.6,43.7,50.0,False,1.5,19.0
NOR,McLaren,12.0,1.0,MEDIUM,12.0,76.3,20.126,35.936,20.238,204.0,190.0,257.0,272.0,1,True,22.5,43.7,52.0,False,0.4,1.0
LEC,Ferrari,12.0,1.0,MEDIUM,12.0,76.439,20.313,35.908,20.218,198.0,191.0,257.0,275.0,1,True,22.5,43.7,52.0,False,0.4,2.0
PIA,McLaren,12.0,1.0,MEDIUM,12.0,77.393,20.349,36.354,20.69,192.0,190.0,258.0,277.0,1,False,22.5,43.7,52.0,False,0.4,3.0
VER,Red Bull Racing,12.0,1.0,HARD,12.0,78.128,20.612,37.001,20.515,179.0,188.0,257.0,265.0,1,False,22.5,43.7,52.0,False,0.4,4.0
HAD,Racing Bulls,12.0,1.0,MEDIUM,12.0,77.376,20.247,36.558,20.571,196.0,189.0,254.0,275.0,1,True,22.5,43.7,52.0,False,0.4,5.0
ALO,Aston Martin,12.0,1.0,HARD,13.0,77.319,20.378,36.539,20.402,201.0,186.0,256.0,276.0,1,True,22.5,43.7,52.0,False,0.4,6.0
HAM,Ferrari,12.0,1.0,HARD,12.0,77.53,20.524,36.457,20.549,180.0,192.0,256.0,278.0,1,False,22.5,43.7,52.0,False,0.4,7.0
OCO,Haas F1 Team,12.0,1.0,MEDIUM,12.0,77.358,20.435,36.337,20.586,183.0,191.0,257.0,279.0,1,False,22.5,43.7,52.0,False,0.4,8.0
LAW,Racing Bulls,12.0,1.0,MEDIUM,12.0,79.771,21.106,37.574,21.091,187.0,182.0,256.0,274.0,1,False,22.5,43.7,52.0,False,0.4,9.0
ALB,Williams,12.0,1.0,MEDIUM,16.0,79.66,21.127,37.603,20.93,181.0,179.0,264.0,275.0,1,False,22.5,43.7,52.0,False,0.4,10.0
SAI,Williams,12.0,1.0,HARD,12.0,80.134,21.108,37.673,21.353,191.0,182.0,262.0,279.0,1,False,22.5,43.7,52.0,False,0.4,11.0
RUS,Mercedes,12.0,1.0,HARD,12.0,79.726,21.052,37.456,21.218,189.0,179.0,267.0,273.0,1,True,22.5,43.7,52.0,False,0.4,12.0
ANT,Mercedes,12.0,1.0,HARD,12.0,79.788,20.978,37.394,21.416,175.0,180.0,269.0,277.0,1,True,22.5,43.7,52.0,False,0.4,13.0
COL,Alpine,12.0,1.0,HARD,12.0,79.827,21.071,37.383,21.373,183.0,185.0,265.0,278.0,1,True,22.3,44.0,52.0,False,0.9,14.0
STR,Aston Martin,12.0,1.0,HARD,13.0,79.565,20.816,37.483,21.266,185.0,184.0,269.0,283.0,1,True,22.3,44.0,52.0,False,0.9,15.0
TSU,Red Bull Racing,12.0,2.0,HARD,11.0,79.637,20.862,37.54,21.235,183.0,185.0,264.0,275.0,1,False,22.3,44.0,52.0,False,0.9,16.0
BEA,Haas F1 Team,12.0,2.0,HARD,11.0,79.401,20.832,37.372,21.197,185.0,183.0,265.0,280.0,1,False,22.3,44.0,52.0,False,0.9,17.0
BOR,Kick Sauber,12.0,2.0,HARD,11.0,77.804,20.254,36.728,20.822,198.0,187.0,256.0,280.0,1,False,22.3,44.0,52.0,False,0.9,18.0
HUL,Kick Sauber,12.0,1.0,MEDIUM,12.0,96.743,21.116,37.719,37.908,190.0,181.0,,278.0,1,False,22.3,44.0,52.0,False,0.9,19.0
NOR,McLaren,13.0,1.0,MEDIUM,13.0,75.988,20.017,35.712,20.259,203.0,193.0,256.0,272.0,1,True,22.3,44.0,52.0,False,0.9,1.0
LEC,Ferrari,13.0,1.0,MEDIUM,13.0,76.207,19.961,36.049,20.197,204.0,192.0,256.0,275.0,1,True,22.3,44.0,52.0,False,0.9,2.0
PIA,McLaren,13.0,1.0,MEDIUM,13.0,76.748,20.083,36.218,20.447,191.0,192.0,257.0,276.0,1,True,22.3,44.0,52.0,False,0.9,3.0
VER,Red Bull Racing,13.0,1.0,HARD,13.0,77.122,20.309,36.424,20.389,193.0,191.0,257.0,266.0,1,True,22.3,44.0,52.0,False,0.9,4.0
HAD,Racing Bulls,13.0,1.0,MEDIUM,13.0,77.088,20.119,36.443,20.526,193.0,188.0,255.0,275.0,1,True,22.3,44.0,52.0,False,0.9,5.0
ALO,Aston Martin,13.0,1.0,HARD,14.0,76.411,20.107,36.105,20.199,203.0,190.0,255.0,275.0,1,True,22.3,44.0,52.0,False,0.9,6.0
HAM,Ferrari,13.0,1.0,HARD,13.0,76.799,20.185,36.352,20.262,197.0,194.0,256.0,278.0,1,True,22.4,44.0,53.0,False,0.8,7.0
OCO,Haas F1 Team,13.0,1.0,MEDIUM,13.0,77.241,20.454,36.265,20.522,180.0,190.0,256.0,278.0,1,True,22.4,44.0,53.0,False,0.8,8.0
LAW,Racing Bulls,13.0,1.0,MEDIUM,13.0,79.391,21.022,37.144,21.225,180.0,182.0,255.0,276.0,1,False,22.4,44.0,53.0,False,0.8,9.0
ALB,Williams,13.0,1.0,MEDIUM,17.0,79.244,21.144,37.2,20.9,187.0,175.0,264.0,278.0,1,True,22.4,44.0,53.0,False,0.8,10.0
SAI,Williams,13.0,1.0,HARD,13.0,79.149,20.908,37.095,21.146,191.0,178.0,264.0,278.0,1,True,22.4,44.0,53.0,False,0.8,11.0
RUS,Mercedes,13.0,1.0,HARD,13.0,78.901,20.928,36.921,21.052,185.0,183.0,267.0,278.0,1,True,22.4,44.0,53.0,False,0.8,12.0
ANT,Mercedes,13.0,1.0,HARD,13.0,78.868,20.856,36.97,21.042,181.0,184.0,268.0,277.0,1,True,22.4,44.0,53.0,False,0.8,13.0
STR,Aston Martin,13.0,1.0,HARD,14.0,79.387,20.858,37.526,21.003,182.0,185.0,260.0,277.0,1,True,22.4,44.0,53.0,False,0.8,14.0
TSU,Red Bull Racing,13.0,2.0,HARD,12.0,79.301,20.856,37.714,20.731,180.0,185.0,265.0,270.0,1,False,22.4,44.0,53.0,False,0.8,15.0
BEA,Haas F1 Team,13.0,2.0,HARD,12.0,79.68,21.01,37.726,20.944,177.0,185.0,263.0,280.0,1,False,22.4,44.0,53.0,False,0.8,16.0
BOR,Kick Sauber,13.0,2.0,HARD,12.0,79.088,20.471,37.542,21.075,184.0,186.0,257.0,280.0,1,False,22.4,44.0,53.0,False,0.8,17.0
HUL,Kick Sauber,13.0,2.0,HARD,1.0,78.279,22.322,35.879,20.078,200.0,190.0,254.0,275.0,1,False,22.4,44.0,53.0,False,0.8,18.0
COL,Alpine,13.0,1.0,HARD,13.0,95.917,20.886,37.175,37.856,184.0,187.0,,277.0,1,False,22.4,44.0,53.0,False,0.8,19.0
NOR,McLaren,14.0,1.0,MEDIUM,14.0,76.122,19.931,35.991,20.2,198.0,192.0,255.0,273.0,1,False,22.4,44.0,53.0,False,0.6,1.0
LEC,Ferrari,14.0,1.0,MEDIUM,14.0,76.63,20.011,36.164,20.455,203.0,190.0,255.0,275.0,1,False,22.4,44.0,53.0,False,0.6,2.0
PIA,McLaren,14.0,1.0,MEDIUM,14.0,76.412,19.907,36.04,20.465,199.0,190.0,256.0,277.0,1,True,22.4,44.0,53.0,False,0.6,3.0
VER,Red Bull Racing,14.0,1.0,HARD,14.0,76.81,20.267,36.267,20.276,203.0,184.0,256.0,272.0,1,True,22.4,44.0,53.0,False,0.6,4.0
ALO,Aston Martin,14.0,1.0,HARD,15.0,76.295,20.05,35.994,20.251,202.0,191.0,255.0,276.0,1,True,22.4,44.0,53.0,False,0.6,5.0
HAM,Ferrari,14.0,1.0,HARD,14.0,76.151,19.982,35.936,20.233,199.0,194.0,255.0,278.0,1,True,22.4,44.0,53.0,False,0.6,6.0
OCO,Haas F1 Team,14.0,1.0,MEDIUM,14.0,76.453,20.265,35.92,20.268,185.0,193.0,256.0,279.0,1,True,22.4,44.0,53.0,False,0.6,7.0
HAD,Racing Bulls,14.0,1.0,MEDIUM,14.0,94.072,19.969,36.266,37.837,196.0,191.0,,277.0,1,False,22.4,44.0,53.0,False,0.6,8.0
LAW,Racing Bulls,14.0,1.0,MEDIUM,14.0,79.572,21.009,37.429,21.134,171.0,177.0,255.0,276.0,1,False,22.4,44.0,53.0,False,0.6,9.0
ALB,Williams,14.0,1.0,MEDIUM,18.0,79.817,21.334,37.341,21.142,182.0,180.0,261.0,281.0,1,False,22.4,44.0,53.0,False,0.6,10.0
SAI,Williams,14.0,1.0,HARD,14.0,79.429,21.001,37.41,21.018,177.0,185.0,264.0,278.0,1,False,22.4,44.0,53.0,False,0.6,11.0
RUS,Mercedes,14.0,1.0,HARD,14.0,79.247,21.028,37.128,21.091,187.0,181.0,268.0,279.0,1,False,22.4,44.0,53.0,False,0.6,12.0
ANT,Mercedes,14.0,1.0,HARD,14.0,79.075,20.941,37.25,20.884,185.0,186.0,269.0,276.0,1,False,22.4,44.0,53.0,False,0.6,13.0
STR,Aston Martin,14.0,1.0,HARD,15.0,78.472,20.429,37.07,20.973,187.0,183.0,261.0,281.0,1,True,22.4,44.0,53.0,False,0.6,14.0
TSU,Red Bull Racing,14.0,2.0,HARD,13.0,78.775,20.772,37.026,20.977,181.0,181.0,258.0,275.0,1,False,22.4,44.0,53.0,False,0.6,15.0
BEA,Haas F1 Team,14.0,2.0,HARD,13.0,78.386,20.584,36.922,20.88,194.0,187.0,265.0,281.0,1,False,22.4,44.0,53.0,False,0.6,16.0
BOR,Kick Sauber,14.0,2.0,HARD,13.0,78.481,20.638,36.911,20.932,190.0,188.0,263.0,280.0,1,False,22.4,44.0,53.0,False,0.6,17.0
HUL,Kick Sauber,14.0,2.0,HARD,2.0,76.106,20.278,35.598,20.23,205.0,190.0,255.0,276.0,1,True,22.4,44.0,53.0,False,0.6,18.0
COL,Alpine,14.0,2.0,MEDIUM,8.0,80.062,23.649,36.345,20.068,185.0,190.0,254.0,274.0,1,False,22.4,44.0,53.0,False,0.6,19.0
NOR,McLaren,15.0,1.0,MEDIUM,15.0,75.673,19.875,35.541,20.257,203.0,193.0,256.0,273.0,1,True,22.5,44.3,51.0,False,0.8,1.0
LEC,Ferrari,15.0,1.0,MEDIUM,15.0,76.042,19.885,35.894,20.263,206.0,193.0,255.0,276.0,1,True,22.5,44.3,51.0,False,0.8,2.0
PIA,McLaren,15.0,1.0,MEDIUM,15.0,75.522,19.659,35.481,20.382,203.0,194.0,257.0,277.0,1,True,22.5,44.3,51.0,False,0.8,3.0
VER,Red Bull Racing,15.0,1.0,HARD,15.0,76.38,20.364,35.859,20.157,198.0,193.0,255.0,272.0,1,True,22.5,44.3,51.0,False,0.8,4.0
ALO,Aston Martin,15.0,1.0,HARD,16.0,75.593,19.849,35.665,20.079,205.0,192.0,257.0,274.0,1,True,22.5,44.3,51.0,False,0.8,5.0
HAM,Ferrari,15.0,1.0,HARD,15.0,75.991,19.869,35.944,20.178,204.0,194.0,256.0,277.0,1,True,22.5,44.3,51.0,False,0.8,6.0
OCO,Haas F1 Team,15.0,1.0,MEDIUM,15.0,76.577,20.254,36.008,20.315,191.0,191.0,256.0,278.0,1,False,22.5,44.3,51.0,False,0.8,7.0
HAD,Racing Bulls,15.0,2.0,SOFT,4.0,79.771,23.11,36.409,20.252,184.0,190.0,253.0,275.0,1,False,22.5,44.3,51.0,False,0.8,8.0
LAW,Racing Bulls,15.0,1.0,MEDIUM,15.0,80.161,20.998,37.569,21.594,178.0,179.0,255.0,275.0,1,False,22.5,44.3,51.0,False,0.8,9.0
ALB,Williams,15.0,1.0,MEDIUM,19.0,80.143,20.872,37.708,21.563,186.0,174.0,262.0,273.0,1,False,22.5,44.3,51.0,False,0.8,10.0
SAI,Williams,15.0,1.0,HARD,15.0,79.999,20.911,37.607,21.481,182.0,176.0,264.0,278.0,1,False,22.5,44.3,51.0,False,0.8,11.0
RUS,Mercedes,15.0,1.0,HARD,15.0,79.764,21.176,37.17,21.418,187.0,183.0,270.0,278.0,1,False,22.5,44.3,51.0,False,0.8,12.0
ANT,Mercedes,15.0,1.0,HARD,15.0,79.858,21.196,37.149,21.513,180.0,183.0,269.0,277.0,1,False,22.5,44.3,51.0,False,0.8,13.0
STR,Aston Martin,15.0,1.0,HARD,16.0,79.347,20.875,37.163,21.309,177.0,186.0,269.0,278.0,1,False,22.5,44.3,51.0,False,0.8,14.0
TSU,Red Bull Racing,15.0,2.0,HARD,14.0,79.086,20.68,37.202,21.204,186.0,183.0,265.0,272.0,1,False,22.5,44.3,51.0,False,0.8,15.0
BEA,Haas F1 Team,15.0,2.0,HARD,14.0,79.194,20.737,37.281,21.176,185.0,182.0,262.0,277.0,1,False,22.5,44.3,51.0,False,0.8,16.0
BOR,Kick Sauber,15.0,2.0,HARD,14.0,78.647,20.49,37.133,21.024,189.0,188.0,265.0,278.0,1,False,22.5,45.2,50.0,False,1.2,17.0
HUL,Kick Sauber,15.0,2.0,HARD,3.0,76.553,20.234,35.781,20.538,204.0,188.0,255.0,277.0,1,False,22.5,45.2,50.0,False,1.2,18.0
COL,Alpine,15.0,2.0,MEDIUM,9.0,75.509,20.031,35.484,19.994,207.0,191.0,255.0,275.0,1,True,22.5,45.2,50.0,False,1.2,19.0
NOR,McLaren,16.0,1.0,MEDIUM,16.0,74.914,19.84,35.192,19.882,206.0,198.0,256.0,274.0,1,True,22.5,45.2,50.0,False,1.2,1.0
LEC,Ferrari,16.0,1.0,MEDIUM,16.0,75.743,19.822,35.824,20.097,206.0,193.0,256.0,277.0,1,True,22.5,45.2,50.0,False,1.2,2.0
PIA,McLaren,16.0,1.0,MEDIUM,16.0,75.643,19.859,35.629,20.155,205.0,194.0,256.0,276.0,1,False,22.5,45.2,50.0,False,1.2,3.0
VER,Red Bull Racing,16.0,1.0,HARD,16.0,75.392,19.731,35.563,20.098,205.0,193.0,256.0,275.0,1,True,22.5,45.2,50.0,False,1.2,4.0
HAM,Ferrari,16.0,1.0,HARD,16.0,75.941,19.798,35.92,20.223,201.0,193.0,255.0,278.0,1,True,22.5,45.2,50.0,False,1.2,5.0
ALO,Aston Martin,16.0,1.0,HARD,17.0,94.168,20.009,35.857,38.302,205.0,191.0,,277.0,1,False,22.6,45.2,48.0,False,0.5,6.0
HAD,Racing Bulls,16.0,2.0,SOFT,5.0,75.981,19.975,36.083,19.923,202.0,190.0,254.0,274.0,1,True,22.6,45.2,48.0,False,0.5,7.0
OCO,Haas F1 Team,16.0,1.0,MEDIUM,16.0,94.94,20.242,35.992,38.706,193.0,191.0,,277.0,1,False,22.6,45.2,48.0,False,0.5,8.0
LAW,Racing Bulls,16.0,1.0,MEDIUM,16.0,80.692,21.167,37.979,21.546,179.0,177.0,254.0,270.0,1,False,22.6,45.2,48.0,False,0.5,9.0
ALB,Williams,16.0,1.0,MEDIUM,20.0,80.692,21.145,38.161,21.386,185.0,173.0,262.0,269.0,1,False,22.6,45.2,48.0,False,0.5,10.0
SAI,Williams,16.0,1.0,HARD,16.0,80.697,21.203,37.839,21.655,191.0,172.0,264.0,278.0,1,False,22.6,45.2,48.0,False,0.5,11.0
RUS,Mercedes,16.0,1.0,HARD,16.0,80.766,21.285,37.715,21.766,183.0,173.0,269.0,279.0,1,False,22.6,45.2,48.0,False,0.5,12.0
ANT,Mercedes,16.0,1.0,HARD,16.0,80.745,21.282,37.63,21.833,176.0,179.0,267.0,273.0,1,False,22.6,45.2,48.0,False,0.5,13.0
STR,Aston Martin,16.0,1.0,HARD,17.0,80.446,21.046,37.741,21.659,178.0,182.0,270.0,282.0,1,False,22.6,45.2,48.0,False,0.5,14.0
TSU,Red Bull Racing,16.0,2.0,HARD,15.0,80.444,20.925,37.78,21.739,181.0,182.0,264.0,269.0,1,False,22.6,45.2,48.0,False,0.5,15.0
BEA,Haas F1 Team,16.0,2.0,HARD,15.0,80.638,20.815,37.751,22.072,175.0,179.0,264.0,272.0,1,False,22.6,45.2,48.0,False,0.5,16.0
BOR,Kick Sauber,16.0,2.0,HARD,15.0,80.378,20.827,37.867,21.684,174.0,188.0,269.0,279.0,1,False,22.6,45.2,48.0,False,0.5,17.0
HUL,Kick Sauber,16.0,2.0,HARD,4.0,78.317,20.418,36.555,21.344,202.0,179.0,255.0,278.0,1,False,22.6,45.2,48.0,False,0.5,18.0
COL,Alpine,16.0,2.0,MEDIUM,10.0,75.435,19.967,35.484,19.984,206.0,194.0,256.0,277.0,1,True,22.6,45.2,48.0,False,0.5,19.0
NOR,McLaren,17.0,1.0,MEDIUM,17.0,74.659,19.718,35.035,19.906,207.0,198.0,256.0,275.0,1,True,22.6,45.2,48.0,False,0.5,1.0
LEC,Ferrari,17.0,1.0,MEDIUM,17.0,75.268,19.763,35.624,19.881,205.0,194.0,257.0,276.0,1,True,22.6,45.2,48.0,False,0.5,2.0
PIA,McLaren,17.0,1.0,MEDIUM,17.0,75.457,19.901,35.528,20.028,201.0,195.0,256.0,276.0,1,True,22.6,45.2,48.0,False,0.5,3.0
VER,Red Bull Racing,17.0,1.0,HARD,17.0,75.131,19.685,35.563,19.883,201.0,194.0,257.0,276.0,1,True,22.6,45.2,48.0,False,0.5,4.0
HAM,Ferrari,17.0,1.0,HARD,17.0,74.977,19.74,35.316,19.921,205.0,194.0,256.0,276.0,1,True,22.7,44.9,49.0,False,0.6,5.0
HAD,Racing Bulls,17.0,2.0,SOFT,6.0,77.191,20.202,36.545,20.444,191.0,191.0,253.0,273.0,1,False,22.7,44.9,49.0,False,0.6,6.0
ALO,Aston Martin,17.0,2.0,HARD,2.0,80.283,22.958,37.053,20.272,189.0,186.0,256.0,276.0,1,False,22.7,44.9,49.0,False,0.6,7.0
OCO,Haas F1 Team,17.0,2.0,MEDIUM,5.0,78.801,23.085,35.915,19.801,186.0,193.0,257.0,275.0,1,False,22.7,44.9,49.0,False,0.6,8.0
LAW,Racing Bulls,17.0,1.0,MEDIUM,17.0,80.979,21.431,38.098,21.45,180.0,178.0,255.0,273.0,1,False,22.7,44.9,49.0,False,0.6,9.0
ALB,Williams,17.0,1.0,MEDIUM,21.0,80.978,21.574,38.014,21.39,176.0,175.0,263.0,274.0,1,False,22.7,44.9,49.0,False,0.6,10.0
SAI,Williams,17.0,1.0,HARD,17.0,81.06,21.463,38.284,21.313,175.0,177.0,264.0,279.0,1,False,22.7,44.9,49.0,False,0.6,11.0
RUS,Mercedes,17.0,1.0,HARD,17.0,81.057,21.427,38.235,21.395,176.0,178.0,266.0,282.0,1,False,22.7,44.9,49.0,False,0.6,12.0
ANT,Mercedes,17.0,1.0,HARD,17.0,81.182,21.379,38.201,21.602,178.0,171.0,267.0,275.0,1,False,22.7,44.9,49.0,False,0.6,13.0
TSU,Red Bull Racing,17.0,2.0,HARD,16.0,81.081,21.183,38.321,21.577,174.0,184.0,262.0,270.0,1,False,22.7,44.9,49.0,False,0.6,14.0
BOR,Kick Sauber,17.0,2.0,HARD,16.0,80.937,21.182,38.383,21.372,185.0,184.0,264.0,281.0,1,False,22.7,44.9,49.0,False,0.6,15.0
HUL,Kick Sauber,17.0,2.0,HARD,5.0,79.969,21.133,37.72,21.116,197.0,183.0,256.0,276.0,1,False,22.7,44.9,49.0,False,0.6,16.0
COL,Alpine,17.0,2.0,MEDIUM,11.0,77.547,20.025,36.508,21.014,196.0,181.0,262.0,281.0,1,False,22.7,44.9,49.0,False,0.6,17.0
STR,Aston Martin,17.0,1.0,HARD,18.0,97.825,21.311,38.216,38.298,171.0,181.0,,283.0,1,False,22.7,44.9,49.0,False,0.6,18.0
BEA,Haas F1 Team,17.0,2.0,HARD,16.0,97.866,20.871,38.203,38.792,180.0,183.0,,283.0,1,False,22.7,44.9,49.0,False,0.6,19.0
NOR,McLaren,18.0,1.0,MEDIUM,18.0,75.28,19.776,35.567,19.937,205.0,196.0,256.0,274.0,1,False,22.8,44.5,49.0,False,1.2,1.0
LEC,Ferrari,18.0,1.0,MEDIUM,18.0,74.821,19.559,35.385,19.877,209.0,194.0,257.0,277.0,1,True,22.8,44.5,49.0,False,1.2,2.0
PIA,McLaren,18.0,1.0,MEDIUM,18.0,74.934,19.613,35.306,20.015,205.0,198.0,258.0,277.0,1,True,22.8,44.5,49.0,False,1.2,3.0
VER,Red Bull Racing,18.0,1.0,HARD,18.0,75.035,19.671,35.457,19.907,202.0,196.0,257.0,277.0,1,True,22.8,44.5,49.0,False,1.2,4.0
HAM,Ferrari,18.0,1.0,HARD,18.0,91.862,19.705,35.837,36.32,208.0,194.0,,276.0,1,False,22.8,44.5,49.0,False,1.2,5.0
HAD,Racing Bulls,18.0,2.0,SOFT,7.0,76.372,20.16,36.101,20.111,199.0,192.0,254.0,274.0,1,False,22.8,44.5,49.0,False,1.2,6.0
ALO,Aston Martin,18.0,2.0,HARD,3.0,76.84,20.136,36.258,20.446,200.0,189.0,255.0,274.0,1,False,22.8,44.5,49.0,False,1.2,7.0
OCO,Haas F1 Team,18.0,2.0,MEDIUM,6.0,75.774,20.058,35.619,20.097,195.0,195.0,257.0,276.0,1,True,22.8,44.5,49.0,False,1.2,8.0
LAW,Racing Bulls,18.0,1.0,MEDIUM,18.0,80.225,21.222,37.553,21.45,179.0,181.0,255.0,272.0,1,False,22.8,44.5,49.0,False,1.2,9.0
ALB,Williams,18.0,1.0,MEDIUM,22.0,80.235,21.198,37.628,21.409,190.0,180.0,262.0,266.0,1,False,22.8,44.5,49.0,False,1.2,10.0
SAI,Williams,18.0,1.0,HARD,18.0,80.143,21.102,37.529,21.512,175.0,176.0,263.0,278.0,1,False,22.8,44.5,49.0,False,1.2,11.0
RUS,Mercedes,18.0,1.0,HARD,18.0,80.126,21.263,37.393,21.47,181.0,183.0,268.0,278.0,1,False,22.8,44.5,49.0,False,1.2,12.0
ANT,Mercedes,18.0,1.0,HARD,18.0,80.136,21.209,37.516,21.411,183.0,183.0,262.0,277.0,1,False,22.8,44.5,49.0,False,1.2,13.0
TSU,Red Bull Racing,18.0,2.0,HARD,17.0,79.608,20.927,37.48,21.201,184.0,184.0,263.0,268.0,1,False,22.8,44.5,49.0,False,1.2,14.0
BOR,Kick Sauber,18.0,2.0,HARD,17.0,79.222,20.512,37.441,21.269,187.0,187.0,264.0,278.0,1,False,22.8,44.5,50.0,False,1.6,15.0
HUL,Kick Sauber,18.0,2.0,HARD,6.0,78.044,20.535,36.604,20.905,205.0,188.0,258.0,278.0,1,False,22.8,44.5,50.0,False,1.6,16.0
COL,Alpine,18.0,2.0,MEDIUM,12.0,78.351,20.569,37.021,20.761,191.0,187.0,257.0,279.0,1,False,22.8,44.5,50.0,False,1.6,17.0
STR,Aston Martin,18.0,2.0,HARD,2.0,79.563,23.073,36.169,20.321,196.0,191.0,258.0,277.0,1,False,22.8,44.5,50.0,False,1.6,18.0
BEA,Haas F1 Team,18.0,3.0,MEDIUM,1.0,78.426,22.546,35.656,20.224,198.0,195.0,264.0,278.0,1,False,22.8,44.5,50.0,False,1.6,19.0
LEC,Ferrari,19.0,1.0,MEDIUM,19.0,75.516,19.547,35.916,20.053,207.0,190.0,258.0,278.0,1,False,22.8,44.5,50.0,False,1.6,1.0
PIA,McLaren,19.0,1.0,MEDIUM,19.0,75.049,19.742,35.276,20.031,202.0,196.0,257.0,279.0,1,False,22.8,44.5,50.0,False,1.6,2.0
VER,Red Bull Racing,19.0,1.0,HARD,19.0,75.413,19.78,35.664,19.969,199.0,196.0,257.0,278.0,1,False,22.8,44.5,50.0,False,1.6,3.0
NOR,McLaren,19.0,1.0,MEDIUM,19.0,92.254,19.653,35.366,37.235,204.0,199.0,,279.0,1,False,22.8,44.5,50.0,False,1.6,4.0
HAM,Ferrari,19.0,2.0,HARD,2.0,78.042,22.287,35.664,20.091,201.0,190.0,254.0,274.0,1,False,22.8,44.5,50.0,False,1.6,5.0
ALO,Aston Martin,19.0,2.0,HARD,4.0,77.226,20.33,36.465,20.431,196.0,187.0,255.0,276.0,1,False,22.8,44.5,50.0,False,1.6,6.0
OCO,Haas F1 Team,19.0,2.0,MEDIUM,7.0,76.74,20.229,36.185,20.326,183.0,193.0,256.0,276.0,1,False,22.6,44.0,51.0,False,0.8,7.0
HAD,Racing Bulls,19.0,2.0,SOFT,8.0,93.324,20.005,36.117,37.202,201.0,192.0,,276.0,1,False,22.6,44.0,51.0,False,0.8,8.0
LAW,Racing Bulls,19.0,1.0,MEDIUM,19.0,79.333,21.081,37.175,21.077,182.0,179.0,255.0,275.0,1,True,22.6,44.0,51.0,False,0.8,9.0
ALB,Williams,19.0,1.0,MEDIUM,23.0,79.279,21.045,37.003,21.231,190.0,175.0,264.0,282.0,1,False,22.6,44.0,51.0,False,0.8,10.0
SAI,Williams,19.0,1.0,HARD,19.0,79.522,21.17,37.086,21.266,183.0,182.0,263.0,278.0,1,False,22.6,44.0,51.0,False,0.8,11.0
RUS,Mercedes,19.0,1.0,HARD,19.0,79.629,21.289,37.25,21.09,182.0,183.0,268.0,274.0,1,False,22.6,44.0,51.0,False,0.8,12.0
ANT,Mercedes,19.0,1.0,HARD,19.0,79.624,21.185,37.413,21.026,185.0,183.0,267.0,277.0,1,False,22.6,44.0,51.0,False,0.8,13.0
TSU,Red Bull Racing,19.0,2.0,HARD,18.0,79.752,21.07,37.72,20.962,184.0,182.0,264.0,272.0,1,False,22.6,44.0,51.0,False,0.8,14.0
BOR,Kick Sauber,19.0,2.0,HARD,18.0,79.729,20.945,37.731,21.053,176.0,185.0,265.0,279.0,1,False,22.6,44.0,51.0,False,0.8,15.0
HUL,Kick Sauber,19.0,2.0,HARD,7.0,79.058,20.794,37.368,20.896,195.0,187.0,259.0,279.0,1,False,22.6,44.0,51.0,False,0.8,16.0
COL,Alpine,19.0,2.0,MEDIUM,13.0,78.851,20.572,37.322,20.957,187.0,187.0,263.0,279.0,1,False,22.6,44.0,51.0,False,0.8,17.0
STR,Aston Martin,19.0,2.0,HARD,3.0,76.581,20.209,35.999,20.373,199.0,189.0,258.0,279.0,1,True,22.6,44.0,51.0,False,0.8,18.0
BEA,Haas F1 Team,19.0,3.0,MEDIUM,2.0,76.285,20.239,35.836,20.21,204.0,190.0,266.0,280.0,1,False,22.6,44.0,51.0,False,0.8,19.0
LEC,Ferrari,20.0,1.0,MEDIUM,20.0,74.807,19.437,35.334,20.036,210.0,194.0,258.0,279.0,1,True,22.6,44.0,51.0,False,0.8,1.0
VER,Red Bull Racing,20.0,1.0,HARD,20.0,75.233,19.782,35.584,19.867,202.0,195.0,257.0,278.0,1,False,22.6,44.0,51.0,False,0.8,2.0
NOR,McLaren,20.0,2.0,HARD,1.0,78.033,22.708,35.363,19.962,198.0,197.0,257.0,275.0,1,False,22.6,44.0,51.0,False,0.8,3.0
PIA,McLaren,20.0,1.0,MEDIUM,20.0,93.72,19.728,35.365,38.627,202.0,196.0,,279.0,1,False,22.6,44.0,51.0,False,0.8,4.0
HAM,Ferrari,20.0,2.0,HARD,3.0,75.065,19.671,35.37,20.024,206.0,196.0,255.0,275.0,1,False,22.5,44.0,51.0,False,0.8,5.0
ALO,Aston Martin,20.0,2.0,HARD,5.0,77.267,20.228,36.52,20.519,201.0,187.0,255.0,274.0,1,False,22.5,44.0,51.0,False,0.8,6.0
OCO,Haas F1 Team,20.0,2.0,MEDIUM,8.0,76.599,20.106,36.05,20.443,191.0,192.0,256.0,277.0,1,False,22.5,44.0,51.0,False,0.8,7.0
HAD,Racing Bulls,20.0,3.0,HARD,2.0,79.175,23.001,36.193,19.981,194.0,192.0,253.0,274.0,1,False,22.5,44.0,51.0,False,0.8,8.0
LAW,Racing Bulls,20.0,1.0,MEDIUM,20.0,77.398,20.294,36.493,20.611,194.0,189.0,256.0,277.0,1,True,22.5,44.0,51.0,False,0.8,9.0
ALB,Williams,20.0,1.0,MEDIUM,24.0,77.928,20.723,36.668,20.537,196.0,183.0,256.0,276.0,1,True,22.5,44.0,51.0,False,0.8,10.0
SAI,Williams,20.0,1.0,HARD,20.0,77.855,20.652,36.577,20.626,197.0,187.0,264.0,277.0,1,True,22.5,44.0,51.0,False,0.8,11.0
RUS,Mercedes,20.0,1.0,HARD,20.0,78.513,21.071,36.757,20.685,185.0,187.0,260.0,281.0,1,True,22.5,44.0,51.0,False,0.8,12.0
ANT,Mercedes,20.0,1.0,HARD,20.0,78.842,21.039,37.139,20.664,177.0,180.0,259.0,277.0,1,True,22.5,44.0,51.0,False,0.8,13.0
TSU,Red Bull Racing,20.0,2.0,HARD,19.0,78.896,20.827,37.43,20.639,184.0,188.0,263.0,275.0,1,False,22.5,44.0,51.0,False,0.8,14.0
BOR,Kick Sauber,20.0,2.0,HARD,19.0,79.335,20.689,37.673,20.973,182.0,186.0,262.0,280.0,1,False,22.5,44.0,51.0,False,0.8,15.0
HUL,Kick Sauber,20.0,2.0,HARD,8.0,79.381,20.84,37.388,21.153,199.0,188.0,263.0,276.0,1,False,22.5,44.0,51.0,False,0.8,16.0
COL,Alpine,20.0,2.0,MEDIUM,14.0,79.296,20.775,37.347,21.174,185.0,186.0,264.0,280.0,1,False,22.5,44.0,51.0,False,0.8,17.0
STR,Aston Martin,20.0,2.0,HARD,4.0,76.433,20.176,35.82,20.437,197.0,190.0,258.0,278.0,1,True,22.5,44.0,51.0,False,0.8,18.0
BEA,Haas F1 Team,20.0,3.0,MEDIUM,3.0,76.53,20.221,35.927,20.382,199.0,189.0,265.0,281.0,1,False,22.5,44.0,51.0,False,0.8,19.0
LEC,Ferrari,21.0,1.0,MEDIUM,21.0,75.782,19.631,36.113,20.038,197.0,191.0,258.0,279.0,1,False,22.5,44.0,51.0,False,0.8,1.0
VER,Red Bull Racing,21.0,1.0,HARD,21.0,75.248,19.689,35.577,19.982,206.0,195.0,257.0,277.0,1,False,22.5,44.0,51.0,False,0.8,2.0
NOR,McLaren,21.0,2.0,HARD,2.0,75.259,20.21,35.375,19.674,200.0,197.0,258.0,276.0,1,False,22.4,44.0,52.0,False,0.5,3.0
PIA,McLaren,21.0,2.0,HARD,1.0,78.014,22.592,35.549,19.873,200.0,193.0,257.0,275.0,1,False,22.4,44.0,52.0,False,0.5,4.0
HAM,Ferrari,21.0,2.0,HARD,4.0,75.75,19.882,35.758,20.11,204.0,194.0,256.0,275.0,1,False,22.4,44.0,52.0,False,0.5,5.0
ALO,Aston Martin,21.0,2.0,HARD,6.0,77.921,20.283,36.918,20.72,197.0,183.0,244.0,261.0,1,False,22.4,44.0,52.0,False,0.5,6.0
OCO,Haas F1 Team,21.0,2.0,MEDIUM,9.0,77.503,20.353,36.552,20.598,189.0,190.0,258.0,276.0,1,False,22.4,44.0,52.0,False,0.5,7.0
HAD,Racing Bulls,21.0,3.0,HARD,3.0,76.136,19.898,35.983,20.255,202.0,191.0,254.0,274.0,1,False,22.4,44.0,52.0,False,0.5,8.0
LAW,Racing Bulls,21.0,1.0,MEDIUM,21.0,77.057,20.061,36.296,20.7,199.0,189.0,257.0,276.0,1,True,22.4,44.0,52.0,False,0.5,9.0
ALB,Williams,21.0,1.0,MEDIUM,25.0,77.096,20.289,36.265,20.542,198.0,188.0,257.0,277.0,1,True,22.4,44.0,52.0,False,0.5,10.0
SAI,Williams,21.0,1.0,HARD,21.0,77.461,20.392,36.522,20.547,202.0,187.0,257.0,277.0,1,True,22.4,44.0,52.0,False,0.5,11.0
RUS,Mercedes,21.0,1.0,HARD,21.0,77.775,20.729,36.459,20.587,196.0,187.0,259.0,280.0,1,True,22.4,44.0,52.0,False,0.5,12.0
ANT,Mercedes,21.0,1.0,HARD,21.0,77.914,20.697,36.624,20.593,195.0,183.0,259.0,281.0,1,True,22.4,44.0,52.0,False,0.5,13.0
TSU,Red Bull Racing,21.0,2.0,HARD,20.0,77.885,20.562,36.776,20.547,183.0,189.0,264.0,278.0,1,True,22.4,44.0,52.0,False,0.5,14.0
BOR,Kick Sauber,21.0,2.0,HARD,20.0,77.718,20.308,36.656,20.754,194.0,190.0,264.0,278.0,1,False,22.4,44.0,52.0,False,0.5,15.0
HUL,Kick Sauber,21.0,2.0,HARD,9.0,78.15,20.547,36.837,20.766,197.0,188.0,257.0,279.0,1,False,22.4,44.0,52.0,False,0.5,16.0
COL,Alpine,21.0,2.0,MEDIUM,15.0,78.214,20.526,36.855,20.833,191.0,189.0,262.0,279.0,1,False,22.4,44.0,52.0,False,0.5,17.0
STR,Aston Martin,21.0,2.0,HARD,5.0,76.907,20.4,36.01,20.497,198.0,191.0,258.0,279.0,1,False,22.4,43.8,51.0,False,0.6,18.0
BEA,Haas F1 Team,21.0,3.0,MEDIUM,4.0,77.189,20.282,36.288,20.619,197.0,190.0,264.0,281.0,1,False,22.4,43.8,51.0,False,0.6,19.0
VER,Red Bull Racing,22.0,1.0,HARD,22.0,75.291,19.708,35.68,19.903,204.0,195.0,257.0,278.0,1,False,22.4,43.8,51.0,False,0.6,1.0
NOR,McLaren,22.0,2.0,HARD,3.0,74.846,19.655,35.312,19.879,203.0,194.0,258.0,276.0,1,False,22.4,43.8,51.0,False,0.6,2.0
LEC,Ferrari,22.0,1.0,MEDIUM,22.0,92.412,19.607,36.094,36.711,204.0,188.0,,280.0,1,False,22.4,43.8,51.0,False,0.6,3.0
PIA,McLaren,22.0,2.0,HARD,2.0,73.818,19.471,34.823,19.524,207.0,200.0,258.0,277.0,1,True,22.4,43.8,51.0,False,0.6,4.0
HAM,Ferrari,22.0,2.0,HARD,5.0,75.003,19.655,35.418,19.93,207.0,196.0,255.0,275.0,1,False,22.4,43.8,51.0,False,0.6,5.0
ALO,Aston Martin,22.0,2.0,HARD,7.0,78.938,20.88,37.036,21.022,196.0,173.0,242.0,261.0,1,False,22.4,43.8,51.0,False,0.6,6.0
OCO,Haas F1 Team,22.0,2.0,MEDIUM,10.0,78.5,20.915,36.69,20.895,182.0,187.0,264.0,277.0,1,False,22.4,43.8,51.0,False,0.6,7.0
HAD,Racing Bulls,22.0,3.0,HARD,4.0,76.357,19.932,36.112,20.313,201.0,193.0,254.0,274.0,1,False,22.5,43.1,52.0,False,0.8,8.0
LAW,Racing Bulls,22.0,1.0,MEDIUM,22.0,76.734,19.919,36.276,20.539,201.0,189.0,256.0,276.0,1,True,22.5,43.1,52.0,False,0.8,9.0
ALB,Williams,22.0,1.0,MEDIUM,26.0,77.001,20.27,36.252,20.479,198.0,186.0,256.0,278.0,1,True,22.5,43.1,52.0,False,0.8,10.0
SAI,Williams,22.0,1.0,HARD,22.0,77.064,20.285,36.36,20.419,201.0,189.0,255.0,277.0,1,True,22.5,43.1,52.0,False,0.8,11.0
RUS,Mercedes,22.0,1.0,HARD,22.0,77.301,20.428,36.414,20.459,198.0,187.0,260.0,281.0,1,True,22.5,43.1,52.0,False,0.8,12.0
ANT,Mercedes,22.0,1.0,HARD,22.0,77.273,20.267,36.522,20.484,199.0,185.0,260.0,280.0,1,True,22.5,43.1,52.0,False,0.8,13.0
TSU,Red Bull Racing,22.0,2.0,HARD,21.0,77.395,20.332,36.546,20.517,193.0,189.0,263.0,277.0,1,True,22.5,43.1,52.0,False,0.8,14.0
BOR,Kick Sauber,22.0,2.0,HARD,21.0,77.664,20.356,36.703,20.605,196.0,191.0,263.0,278.0,1,False,22.5,43.1,52.0,False,0.8,15.0
HUL,Kick Sauber,22.0,2.0,HARD,10.0,77.509,20.326,36.551,20.632,202.0,190.0,258.0,278.0,1,False,22.5,43.1,52.0,False,0.8,16.0
COL,Alpine,22.0,2.0,MEDIUM,16.0,77.808,20.295,36.786,20.727,193.0,189.0,256.0,279.0,1,False,22.5,43.1,52.0,False,0.8,17.0
STR,Aston Martin,22.0,2.0,HARD,6.0,76.673,20.102,36.126,20.445,200.0,191.0,258.0,279.0,1,False,22.5,43.1,52.0,False,0.8,18.0
BEA,Haas F1 Team,22.0,3.0,MEDIUM,5.0,76.562,20.098,35.991,20.473,203.0,193.0,266.0,281.0,1,False,22.5,43.1,52.0,False,0.8,19.0
VER,Red Bull Racing,23.0,1.0,HARD,23.0,75.254,19.733,35.652,19.869,205.0,195.0,258.0,278.0,1,False,22.5,43.1,52.0,False,0.8,1.0
NOR,McLaren,23.0,2.0,HARD,4.0,75.315,20.066,35.223,20.026,202.0,196.0,258.0,276.0,1,False,22.5,43.1,52.0,False,0.8,2.0
LEC,Ferrari,23.0,2.0,HARD,1.0,80.099,23.227,36.554,20.318,192.0,188.0,256.0,276.0,1,False,22.5,43.1,52.0,False,0.8,3.0
PIA,McLaren,23.0,2.0,HARD,3.0,77.79,20.336,37.09,20.364,180.0,189.0,259.0,278.0,1,False,22.5,43.1,52.0,False,0.8,4.0
HAM,Ferrari,23.0,2.0,HARD,6.0,75.012,19.57,35.517,19.925,206.0,196.0,257.0,276.0,1,False,22.5,43.1,52.0,False,0.8,5.0
ALO,Aston Martin,23.0,2.0,HARD,8.0,77.947,20.61,36.735,20.602,195.0,183.0,242.0,260.0,1,False,22.3,43.2,53.0,False,0.6,6.0
OCO,Haas F1 Team,23.0,2.0,MEDIUM,11.0,78.075,20.876,36.624,20.575,190.0,189.0,265.0,277.0,1,False,22.3,43.2,53.0,False,0.6,7.0
HAD,Racing Bulls,23.0,3.0,HARD,5.0,77.581,20.117,36.762,20.702,202.0,183.0,255.0,262.0,1,False,22.3,43.2,53.0,False,0.6,8.0
LAW,Racing Bulls,23.0,1.0,MEDIUM,23.0,76.784,19.996,36.201,20.587,202.0,191.0,256.0,276.0,1,False,22.3,43.2,53.0,False,0.6,9.0
ALB,Williams,23.0,1.0,MEDIUM,27.0,76.556,20.223,36.046,20.287,201.0,188.0,257.0,276.0,1,True,22.3,43.2,53.0,False,0.6,10.0
SAI,Williams,23.0,1.0,HARD,23.0,76.75,20.083,36.35,20.317,200.0,192.0,255.0,276.0,1,True,22.3,43.2,53.0,False,0.6,11.0
RUS,Mercedes,23.0,1.0,HARD,23.0,76.9,20.341,36.229,20.33,196.0,191.0,258.0,278.0,1,True,22.3,43.2,53.0,False,0.6,12.0
ANT,Mercedes,23.0,1.0,HARD,23.0,76.973,20.207,36.409,20.357,197.0,189.0,259.0,280.0,1,True,22.3,43.2,53.0,False,0.6,13.0
TSU,Red Bull Racing,23.0,2.0,HARD,22.0,76.933,20.268,36.241,20.424,197.0,190.0,263.0,279.0,1,True,22.3,43.2,53.0,False,0.6,14.0
BOR,Kick Sauber,23.0,2.0,HARD,22.0,77.216,20.213,36.53,20.473,199.0,192.0,256.0,278.0,1,False,22.3,43.2,53.0,False,0.6,15.0
HUL,Kick Sauber,23.0,2.0,HARD,11.0,77.557,20.432,36.453,20.672,204.0,186.0,255.0,279.0,1,False,22.3,43.2,53.0,False,0.6,16.0
COL,Alpine,23.0,2.0,MEDIUM,17.0,77.626,20.352,36.63,20.644,193.0,190.0,256.0,280.0,1,False,22.3,43.2,53.0,False,0.6,17.0
STR,Aston Martin,23.0,2.0,HARD,7.0,76.579,20.038,35.934,20.607,202.0,188.0,258.0,280.0,1,False,22.3,43.2,53.0,False,0.6,18.0
BEA,Haas F1 Team,23.0,3.0,MEDIUM,6.0,76.542,20.116,36.085,20.341,204.0,194.0,266.0,282.0,1,False,22.3,43.2,53.0,False,0.6,19.0
VER,Red Bull Racing,24.0,1.0,HARD,24.0,75.181,19.692,35.626,19.863,206.0,194.0,258.0,279.0,1,False,22.3,43.2,53.0,False,0.6,1.0
NOR,McLaren,24.0,2.0,HARD,5.0,75.22,19.87,35.356,19.994,202.0,197.0,258.0,276.0,1,False,22.3,43.2,53.0,False,0.6,2.0
LEC,Ferrari,24.0,2.0,HARD,2.0,76.02,19.794,36.084,20.142,204.0,192.0,257.0,276.0,1,False,22.4,43.8,53.0,False,1.4,3.0
PIA,McLaren,24.0,2.0,HARD,4.0,75.487,19.596,35.585,20.306,203.0,191.0,258.0,279.0,1,False,22.4,43.8,53.0,False,1.4,4.0
HAM,Ferrari,24.0,2.0,HARD,7.0,75.212,19.816,35.57,19.826,203.0,197.0,257.0,276.0,1,False,22.4,43.8,53.0,False,1.4,5.0
ALO,Aston Martin,24.0,2.0,HARD,9.0,77.748,20.681,36.586,20.481,194.0,184.0,242.0,259.0,1,False,22.4,43.8,53.0,False,1.4,6.0
OCO,Haas F1 Team,24.0,2.0,MEDIUM,12.0,77.911,20.89,36.443,20.578,187.0,189.0,265.0,276.0,1,False,22.4,43.8,53.0,False,1.4,7.0
HAD,Racing Bulls,24.0,3.0,HARD,6.0,77.79,19.968,36.586,21.236,202.0,185.0,253.0,274.0,1,False,22.4,43.8,53.0,False,1.4,8.0
LAW,Racing Bulls,24.0,1.0,MEDIUM,24.0,76.712,19.929,36.257,20.526,202.0,192.0,256.0,276.0,1,True,22.4,43.8,53.0,False,1.4,9.0
ALB,Williams,24.0,1.0,MEDIUM,28.0,76.954,20.329,36.173,20.452,199.0,188.0,256.0,278.0,1,False,22.4,43.8,53.0,False,1.4,10.0
SAI,Williams,24.0,1.0,HARD,24.0,77.018,20.105,36.345,20.568,203.0,191.0,254.0,275.0,1,False,22.4,43.8,53.0,False,1.4,11.0
RUS,Mercedes,24.0,1.0,HARD,24.0,76.935,20.25,36.242,20.443,196.0,189.0,259.0,278.0,1,False,22.4,43.8,53.0,False,1.4,12.0
ANT,Mercedes,24.0,1.0,HARD,24.0,76.939,20.121,36.475,20.343,197.0,187.0,259.0,281.0,1,True,22.4,43.8,53.0,False,1.4,13.0
TSU,Red Bull Racing,24.0,2.0,HARD,23.0,77.026,20.125,36.485,20.416,194.0,193.0,257.0,277.0,1,False,22.4,43.8,53.0,False,1.4,14.0
BOR,Kick Sauber,24.0,2.0,HARD,23.0,77.286,20.201,36.57,20.515,201.0,191.0,255.0,277.0,1,False,22.4,43.8,53.0,False,1.4,15.0
HUL,Kick Sauber,24.0,2.0,HARD,12.0,77.055,20.271,36.348,20.436,205.0,191.0,257.0,279.0,1,False,22.4,43.8,53.0,False,1.4,16.0
COL,Alpine,24.0,2.0,MEDIUM,18.0,77.233,20.226,36.489,20.518,196.0,191.0,256.0,279.0,1,False,22.4,43.8,53.0,False,1.4,17.0
STR,Aston Martin,24.0,2.0,HARD,8.0,77.042,20.183,36.423,20.436,197.0,189.0,258.0,280.0,1,False,22.4,43.8,53.0,False,1.4,18.0
BEA,Haas F1 Team,24.0,3.0,MEDIUM,7.0,77.056,20.147,36.396,20.513,199.0,189.0,267.0,282.0,1,False,22.4,43.8,53.0,False,1.4,19.0
VER,Red Bull Racing,25.0,1.0,HARD,25.0,75.175,19.654,35.602,19.919,204.0,196.0,259.0,280.0,1,False,22.4,43.8,53.0,False,1.4,1.0
NOR,McLaren,25.0,2.0,HARD,6.0,74.4,19.578,34.961,19.861,204.0,200.0,258.0,277.0,1,True,22.4,43.8,54.0,False,0.7,2.0
LEC,Ferrari,25.0,2.0,HARD,3.0,74.618,19.451,35.251,19.916,211.0,194.0,257.0,277.0,1,True,22.4,43.8,54.0,False,0.7,3.0
PIA,McLaren,25.0,2.0,HARD,5.0,74.94,19.572,35.376,19.992,205.0,195.0,258.0,280.0,1,False,22.4,43.8,54.0,False,0.7,4.0
HAM,Ferrari,25.0,2.0,HARD,8.0,74.698,19.489,35.388,19.821,209.0,198.0,257.0,277.0,1,True,22.4,43.8,54.0,False,0.7,5.0
ALO,Aston Martin,25.0,2.0,HARD,10.0,77.685,20.514,36.74,20.431,196.0,183.0,249.0,253.0,1,False,22.4,43.8,54.0,False,0.7,6.0
OCO,Haas F1 Team,25.0,2.0,MEDIUM,13.0,77.72,20.78,36.314,20.626,184.0,189.0,264.0,276.0,1,False,22.4,43.8,54.0,False,0.7,7.0
HAD,Racing Bulls,25.0,3.0,HARD,7.0,77.832,20.335,36.849,20.648,197.0,184.0,254.0,275.0,1,False,22.4,43.8,54.0,False,0.7,8.0
LAW,Racing Bulls,25.0,1.0,MEDIUM,25.0,77.59,20.165,36.565,20.86,193.0,190.0,255.0,278.0,1,False,22.4,43.8,54.0,False,0.7,9.0
ALB,Williams,25.0,1.0,MEDIUM,29.0,77.653,20.319,36.62,20.714,201.0,184.0,255.0,277.0,1,False,22.3,43.6,53.0,False,0.6,10.0
SAI,Williams,25.0,1.0,HARD,25.0,80.726,21.691,37.684,21.351,185.0,184.0,253.0,274.0,1,False,22.3,43.6,53.0,False,0.6,11.0
RUS,Mercedes,25.0,1.0,HARD,25.0,79.216,20.627,37.354,21.235,187.0,186.0,267.0,282.0,1,False,22.3,43.6,53.0,False,0.6,12.0
ANT,Mercedes,25.0,1.0,HARD,25.0,78.777,20.214,37.279,21.284,193.0,184.0,261.0,277.0,1,False,22.3,43.6,53.0,False,0.6,13.0
TSU,Red Bull Racing,25.0,2.0,HARD,24.0,78.413,20.113,36.98,21.32,198.0,188.0,264.0,273.0,1,False,22.3,43.6,53.0,False,0.6,14.0
BOR,Kick Sauber,25.0,2.0,HARD,24.0,77.965,20.141,36.786,21.038,199.0,190.0,256.0,278.0,1,False,22.3,43.6,53.0,False,0.6,15.0
HUL,Kick Sauber,25.0,2.0,HARD,13.0,77.538,20.238,36.493,20.807,205.0,188.0,257.0,278.0,1,False,22.3,43.6,53.0,False,0.6,16.0
COL,Alpine,25.0,2.0,MEDIUM,19.0,77.209,20.032,36.647,20.53,199.0,192.0,256.0,280.0,1,False,22.3,43.6,53.0,False,0.6,17.0
STR,Aston Martin,25.0,2.0,HARD,9.0,77.241,20.033,36.404,20.804,198.0,188.0,258.0,281.0,1,False,22.3,43.6,53.0,False,0.6,18.0
VER,Red Bull Racing,26.0,1.0,HARD,26.0,76.288,20.045,36.058,20.185,204.0,191.0,257.0,281.0,1,False,22.3,43.6,53.0,False,0.6,1.0
BEA,Haas F1 Team,25.0,3.0,MEDIUM,8.0,78.369,20.168,36.344,21.857,203.0,189.0,252.0,282.0,1,False,22.3,43.6,53.0,False,0.6,19.0
NOR,McLaren,26.0,2.0,HARD,7.0,74.727,19.749,35.153,19.825,202.0,199.0,257.0,277.0,1,False,22.3,43.6,53.0,False,0.6,2.0
LEC,Ferrari,26.0,2.0,HARD,4.0,74.714,19.421,35.402,19.891,210.0,194.0,257.0,278.0,1,False,22.3,43.6,53.0,False,0.6,3.0
PIA,McLaren,26.0,2.0,HARD,6.0,74.96,19.673,35.504,19.783,199.0,198.0,259.0,280.0,1,False,22.3,43.6,53.0,False,0.6,4.0
HAM,Ferrari,26.0,2.0,HARD,9.0,74.804,19.527,35.451,19.826,206.0,198.0,257.0,277.0,1,False,22.3,43.6,53.0,False,0.6,5.0
ALO,Aston Martin,26.0,2.0,HARD,11.0,76.293,19.94,36.112,20.241,205.0,191.0,250.0,269.0,1,False,22.4,43.6,52.0,False,0.9,6.0
OCO,Haas F1 Team,26.0,2.0,MEDIUM,14.0,76.527,20.253,35.875,20.399,191.0,194.0,264.0,277.0,1,False,22.4,43.6,52.0,False,0.9,7.0
HAD,Racing Bulls,26.0,3.0,HARD,8.0,77.625,20.194,36.95,20.481,205.0,188.0,255.0,274.0,1,False,22.4,43.6,52.0,False,0.9,8.0
LAW,Racing Bulls,26.0,1.0,MEDIUM,26.0,77.456,20.13,36.57,20.756,192.0,188.0,255.0,278.0,1,False,22.4,43.6,52.0,False,0.9,9.0
ALB,Williams,26.0,1.0,MEDIUM,30.0,77.264,20.321,36.319,20.624,202.0,187.0,257.0,278.0,1,False,22.4,43.6,52.0,False,0.9,10.0
SAI,Williams,26.0,1.0,HARD,26.0,79.31,20.753,37.293,21.264,200.0,178.0,255.0,277.0,1,False,22.4,43.6,52.0,False,0.9,11.0
RUS,Mercedes,26.0,1.0,HARD,26.0,79.491,20.939,37.205,21.347,196.0,181.0,266.0,280.0,1,False,22.4,43.6,52.0,False,0.9,12.0
ANT,Mercedes,26.0,1.0,HARD,26.0,79.479,20.996,37.076,21.407,191.0,182.0,261.0,280.0,1,False,22.4,43.6,52.0,False,0.9,13.0
TSU,Red Bull Racing,26.0,2.0,HARD,25.0,79.53,21.007,37.213,21.31,176.0,187.0,258.0,274.0,1,False,22.4,43.6,52.0,False,0.9,14.0
HUL,Kick Sauber,26.0,2.0,HARD,14.0,78.724,20.551,37.246,20.927,202.0,187.0,263.0,278.0,1,False,22.4,43.6,52.0,False,0.9,15.0
VER,Red Bull Racing,27.0,1.0,HARD,27.0,76.323,20.056,35.969,20.298,203.0,194.0,264.0,282.0,1,False,22.4,43.6,52.0,False,0.9,1.0
STR,Aston Martin,26.0,2.0,HARD,10.0,78.901,20.279,36.541,22.081,192.0,188.0,261.0,281.0,1,False,22.4,43.6,52.0,False,0.9,16.0
BEA,Haas F1 Team,26.0,3.0,MEDIUM,9.0,78.034,20.397,35.922,21.715,204.0,193.0,258.0,285.0,1,False,22.4,43.6,52.0,False,0.9,17.0
NOR,McLaren,27.0,2.0,HARD,8.0,74.622,19.588,35.171,19.863,205.0,199.0,259.0,279.0,1,False,22.4,43.6,52.0,False,0.9,2.0
BOR,Kick Sauber,26.0,2.0,HARD,25.0,96.175,20.533,37.357,38.285,195.0,188.0,,278.0,1,False,22.4,43.6,52.0,False,0.9,18.0
COL,Alpine,26.0,2.0,MEDIUM,20.0,95.572,20.336,37.145,38.091,194.0,189.0,,279.0,1,False,22.4,43.6,52.0,False,0.9,19.0
LEC,Ferrari,27.0,2.0,HARD,5.0,74.819,19.384,35.463,19.972,209.0,193.0,258.0,278.0,1,False,22.4,43.6,52.0,False,0.9,3.0
PIA,McLaren,27.0,2.0,HARD,7.0,74.772,19.462,35.412,19.898,204.0,197.0,259.0,280.0,1,False,22.4,43.6,52.0,False,0.9,4.0
HAM,Ferrari,27.0,2.0,HARD,10.0,74.533,19.391,35.365,19.777,209.0,196.0,258.0,277.0,1,True,22.4,43.6,52.0,False,0.9,5.0
ALO,Aston Martin,27.0,2.0,HARD,12.0,76.744,20.041,36.452,20.251,198.0,188.0,247.0,262.0,1,False,22.4,43.7,52.0,False,1.0,6.0
OCO,Haas F1 Team,27.0,2.0,MEDIUM,15.0,76.705,20.106,36.304,20.295,190.0,191.0,257.0,276.0,1,False,22.4,43.7,52.0,False,1.0,7.0
HAD,Racing Bulls,27.0,3.0,HARD,9.0,76.482,19.724,36.543,20.215,202.0,191.0,256.0,275.0,1,False,22.4,43.7,52.0,False,1.0,8.0
LAW,Racing Bulls,27.0,1.0,MEDIUM,27.0,77.04,20.094,36.398,20.548,201.0,191.0,257.0,277.0,1,False,22.4,43.7,52.0,False,1.0,9.0
ALB,Williams,27.0,1.0,MEDIUM,31.0,77.185,20.491,36.25,20.444,199.0,186.0,257.0,277.0,1,False,22.4,43.7,52.0,False,1.0,10.0
SAI,Williams,27.0,1.0,HARD,27.0,79.588,20.795,37.501,21.292,195.0,182.0,255.0,276.0,1,False,22.4,43.7,52.0,False,1.0,11.0
RUS,Mercedes,27.0,1.0,HARD,27.0,79.453,20.969,37.385,21.099,191.0,184.0,268.0,283.0,1,False,22.4,43.7,52.0,False,1.0,12.0
ANT,Mercedes,27.0,1.0,HARD,27.0,79.446,20.948,37.236,21.262,181.0,185.0,261.0,278.0,1,False,22.4,43.7,52.0,False,1.0,13.0
TSU,Red Bull Racing,27.0,2.0,HARD,26.0,79.565,20.804,37.494,21.267,183.0,184.0,258.0,274.0,1,False,22.4,43.7,52.0,False,1.0,14.0
HUL,Kick Sauber,27.0,2.0,HARD,15.0,79.472,20.449,37.594,21.429,202.0,186.0,257.0,273.0,1,False,22.4,43.7,52.0,False,1.0,15.0
STR,Aston Martin,27.0,2.0,HARD,11.0,77.027,20.267,36.353,20.407,195.0,191.0,260.0,282.0,1,False,22.4,43.7,52.0,False,1.0,16.0
BEA,Haas F1 Team,27.0,3.0,MEDIUM,10.0,77.0,20.347,36.217,20.436,204.0,192.0,267.0,281.0,1,False,22.4,43.7,52.0,False,1.0,17.0
NOR,McLaren,28.0,2.0,HARD,9.0,74.618,19.508,35.151,19.959,206.0,197.0,261.0,281.0,1,False,22.4,43.7,52.0,False,1.0,1.0
LEC,Ferrari,28.0,2.0,HARD,6.0,74.849,19.425,35.519,19.905,209.0,194.0,259.0,279.0,1,False,22.4,43.7,52.0,False,1.0,2.0
PIA,McLaren,28.0,2.0,HARD,8.0,75.556,19.964,35.538,20.054,200.0,198.0,258.0,283.0,1,False,22.4,43.6,53.0,False,1.3,3.0
BOR,Kick Sauber,27.0,3.0,SOFT,1.0,80.209,22.93,35.698,21.581,195.0,189.0,236.0,277.0,1,False,22.4,43.6,53.0,False,1.3,18.0
VER,Red Bull Racing,28.0,1.0,HARD,28.0,92.651,19.666,35.884,37.101,207.0,193.0,,280.0,1,False,22.4,43.6,53.0,False,1.3,4.0
COL,Alpine,27.0,3.0,MEDIUM,1.0,80.237,24.137,36.107,19.993,181.0,192.0,258.0,278.0,1,False,22.4,43.6,53.0,False,1.3,19.0
HAM,Ferrari,28.0,2.0,HARD,11.0,75.42,19.455,35.732,20.233,207.0,194.0,258.0,279.0,1,False,22.4,43.6,53.0,False,1.3,5.0
ALO,Aston Martin,28.0,2.0,HARD,13.0,76.414,20.113,36.177,20.124,195.0,189.0,246.0,261.0,1,False,22.4,43.6,53.0,False,1.3,6.0
HAD,Racing Bulls,28.0,3.0,HARD,10.0,76.441,19.951,36.309,20.181,203.0,190.0,254.0,275.0,1,False,22.4,43.6,53.0,False,1.3,7.0
LAW,Racing Bulls,28.0,1.0,MEDIUM,28.0,76.902,19.869,36.507,20.526,204.0,189.0,256.0,276.0,1,False,22.4,43.6,53.0,False,1.3,8.0
ALB,Williams,28.0,1.0,MEDIUM,32.0,76.701,20.151,36.15,20.4,204.0,186.0,257.0,277.0,1,False,22.4,43.6,53.0,False,1.3,9.0
OCO,Haas F1 Team,28.0,2.0,MEDIUM,16.0,94.005,20.171,35.989,37.845,189.0,193.0,,277.0,1,False,22.4,43.6,53.0,False,1.3,10.0
SAI,Williams,28.0,1.0,HARD,28.0,79.617,20.883,37.587,21.147,194.0,178.0,256.0,275.0,1,False,22.5,43.3,54.0,False,1.1,11.0
RUS,Mercedes,28.0,1.0,HARD,28.0,79.673,21.112,37.407,21.154,194.0,186.0,267.0,275.0,1,False,22.5,43.3,54.0,False,1.1,12.0
ANT,Mercedes,28.0,1.0,HARD,28.0,79.91,21.114,37.371,21.425,183.0,177.0,260.0,278.0,1,False,22.5,43.3,54.0,False,1.1,13.0
TSU,Red Bull Racing,28.0,2.0,HARD,27.0,79.786,20.978,37.38,21.428,174.0,184.0,259.0,273.0,1,False,22.5,43.3,54.0,False,1.1,14.0
HUL,Kick Sauber,28.0,2.0,HARD,16.0,79.264,20.775,37.455,21.034,200.0,185.0,266.0,274.0,1,False,22.5,43.3,54.0,False,1.1,15.0
STR,Aston Martin,28.0,2.0,HARD,12.0,77.272,19.992,36.526,20.754,202.0,187.0,269.0,280.0,1,False,22.5,43.3,54.0,False,1.1,16.0
BEA,Haas F1 Team,28.0,3.0,MEDIUM,11.0,77.126,19.849,36.274,21.003,207.0,191.0,263.0,281.0,1,False,22.5,43.3,54.0,False,1.1,17.0
NOR,McLaren,29.0,2.0,HARD,10.0,75.777,19.716,35.834,20.227,203.0,194.0,262.0,282.0,1,False,22.5,43.3,54.0,False,1.1,1.0
LEC,Ferrari,29.0,2.0,HARD,7.0,74.205,19.391,35.168,19.646,212.0,198.0,259.0,280.0,1,True,22.5,43.3,54.0,False,1.1,2.0
PIA,McLaren,29.0,2.0,HARD,9.0,74.736,19.66,35.33,19.746,204.0,199.0,259.0,281.0,1,False,22.5,43.3,54.0,False,1.1,3.0
BOR,Kick Sauber,28.0,3.0,SOFT,2.0,76.02,20.279,35.746,19.995,201.0,194.0,257.0,277.0,1,False,22.5,43.3,54.0,False,1.1,18.0
VER,Red Bull Racing,29.0,2.0,MEDIUM,1.0,78.571,22.4,36.001,20.17,196.0,194.0,257.0,274.0,1,False,22.5,43.3,54.0,False,1.1,4.0
COL,Alpine,28.0,3.0,MEDIUM,2.0,78.135,21.354,36.628,20.153,129.0,191.0,264.0,279.0,1,False,22.5,43.3,54.0,False,1.1,19.0
HAM,Ferrari,29.0,2.0,HARD,12.0,76.81,20.314,36.205,20.291,197.0,192.0,259.0,278.0,1,False,22.5,43.3,54.0,False,1.1,5.0
ALO,Aston Martin,29.0,2.0,HARD,14.0,76.279,20.058,36.094,20.127,204.0,189.0,247.0,263.0,1,False,22.5,43.3,54.0,False,1.1,6.0
HAD,Racing Bulls,29.0,3.0,HARD,11.0,76.497,19.831,36.285,20.381,204.0,189.0,254.0,274.0,1,False,22.5,43.7,55.0,False,0.8,7.0
LAW,Racing Bulls,29.0,1.0,MEDIUM,29.0,76.74,19.992,36.181,20.567,202.0,191.0,256.0,276.0,1,False,22.5,43.7,55.0,False,0.8,8.0
ALB,Williams,29.0,1.0,MEDIUM,33.0,76.969,20.264,36.28,20.425,201.0,188.0,256.0,277.0,1,False,22.5,43.7,55.0,False,0.8,9.0
OCO,Haas F1 Team,29.0,3.0,HARD,1.0,79.488,23.141,36.162,20.185,180.0,193.0,257.0,276.0,1,False,22.5,43.7,55.0,False,0.8,10.0
SAI,Williams,29.0,1.0,HARD,29.0,79.113,20.704,37.398,21.011,191.0,173.0,254.0,276.0,1,False,22.5,43.7,55.0,False,0.8,11.0
RUS,Mercedes,29.0,1.0,HARD,29.0,79.247,20.924,37.221,21.102,189.0,183.0,267.0,281.0,1,False,22.5,43.7,55.0,False,0.8,12.0
ANT,Mercedes,29.0,1.0,HARD,29.0,79.074,20.758,37.135,21.181,182.0,185.0,267.0,279.0,1,False,22.5,43.7,55.0,False,0.8,13.0
TSU,Red Bull Racing,29.0,2.0,HARD,28.0,79.313,20.802,37.243,21.268,186.0,187.0,264.0,274.0,1,False,22.5,43.7,55.0,False,0.8,14.0
HUL,Kick Sauber,29.0,2.0,HARD,17.0,79.749,20.75,37.678,21.321,197.0,187.0,218.0,267.0,1,False,22.5,43.7,55.0,False,0.8,15.0
NOR,McLaren,30.0,2.0,HARD,11.0,77.259,19.932,36.898,20.429,193.0,191.0,269.0,283.0,1,False,22.5,43.7,55.0,False,0.8,1.0
STR,Aston Martin,29.0,2.0,HARD,13.0,80.119,20.789,38.482,20.848,188.0,185.0,269.0,249.0,1,False,22.5,43.7,55.0,False,0.8,16.0
BEA,Haas F1 Team,29.0,3.0,MEDIUM,12.0,81.565,21.657,37.251,22.657,201.0,181.0,202.0,283.0,1,False,22.5,43.7,55.0,False,0.8,17.0
LEC,Ferrari,30.0,2.0,HARD,8.0,75.131,19.432,35.598,20.101,209.0,191.0,261.0,283.0,1,False,22.5,43.7,55.0,False,0.8,2.0
PIA,McLaren,30.0,2.0,HARD,10.0,74.868,19.704,35.311,19.853,204.0,197.0,261.0,282.0,1,False,22.5,43.7,55.0,False,0.8,3.0
BOR,Kick Sauber,29.0,3.0,SOFT,3.0,75.193,19.618,35.579,19.996,201.0,192.0,256.0,278.0,1,True,22.5,43.7,55.0,False,0.8,18.0
VER,Red Bull Racing,30.0,2.0,MEDIUM,2.0,75.074,19.719,35.517,19.838,201.0,193.0,258.0,280.0,1,False,22.5,43.7,55.0,False,0.8,4.0
COL,Alpine,29.0,3.0,MEDIUM,3.0,75.914,20.094,35.638,20.182,198.0,193.0,257.0,280.0,1,False,22.5,43.7,55.0,False,0.8,19.0
HAM,Ferrari,30.0,2.0,HARD,13.0,75.884,19.801,35.919,20.164,203.0,194.0,259.0,279.0,1,False,22.5,43.7,55.0,False,0.8,5.0
ALO,Aston Martin,30.0,2.0,HARD,15.0,77.307,20.46,36.17,20.677,205.0,190.0,250.0,262.0,1,False,22.4,43.7,54.0,False,1.0,6.0
HAD,Racing Bulls,30.0,3.0,HARD,12.0,76.432,19.889,36.239,20.304,203.0,193.0,254.0,274.0,1,False,22.4,43.7,54.0,False,1.0,7.0
LAW,Racing Bulls,30.0,1.0,MEDIUM,30.0,76.607,19.968,36.144,20.495,201.0,193.0,256.0,276.0,1,True,22.4,43.7,54.0,False,1.0,8.0
ALB,Williams,30.0,1.0,MEDIUM,34.0,76.888,20.317,36.201,20.37,205.0,187.0,256.0,276.0,1,False,22.4,43.7,54.0,False,1.0,9.0
OCO,Haas F1 Team,30.0,3.0,HARD,2.0,75.796,20.146,35.695,19.955,194.0,193.0,258.0,276.0,1,False,22.4,43.7,54.0,False,1.0,10.0
NOR,McLaren,31.0,2.0,HARD,12.0,76.797,20.029,36.233,20.535,193.0,193.0,265.0,279.0,1,False,22.4,43.7,54.0,False,1.0,1.0
SAI,Williams,30.0,1.0,HARD,30.0,80.644,20.717,37.634,22.293,189.0,184.0,260.0,276.0,1,False,22.4,43.7,54.0,False,1.0,11.0
RUS,Mercedes,30.0,1.0,HARD,30.0,80.514,20.831,37.468,22.215,185.0,185.0,267.0,276.0,1,False,22.4,43.7,54.0,False,1.0,12.0
ANT,Mercedes,30.0,1.0,HARD,30.0,80.406,20.671,38.489,21.246,184.0,184.0,268.0,277.0,1,False,22.4,43.7,54.0,False,1.0,13.0
TSU,Red Bull Racing,30.0,2.0,HARD,29.0,80.165,21.304,37.579,21.282,137.0,183.0,260.0,278.0,1,False,22.4,43.7,54.0,False,1.0,14.0
HUL,Kick Sauber,30.0,2.0,HARD,18.0,80.392,21.069,37.297,22.026,199.0,185.0,226.0,278.0,1,False,22.4,43.7,54.0,False,1.0,15.0
LEC,Ferrari,31.0,2.0,HARD,9.0,76.773,19.539,36.835,20.399,199.0,184.0,260.0,283.0,1,False,22.4,43.7,54.0,False,1.0,2.0
STR,Aston Martin,30.0,2.0,HARD,14.0,80.246,20.663,38.818,20.765,193.0,175.0,268.0,281.0,1,False,22.4,43.7,54.0,False,1.0,16.0
BEA,Haas F1 Team,30.0,3.0,MEDIUM,13.0,78.778,21.05,36.419,21.309,199.0,170.0,266.0,283.0,1,False,22.4,43.7,54.0,False,1.0,17.0
PIA,McLaren,31.0,2.0,HARD,11.0,75.735,19.918,35.658,20.159,200.0,192.0,262.0,283.0,1,False,22.4,43.7,54.0,False,1.0,3.0
BOR,Kick Sauber,30.0,3.0,SOFT,4.0,75.543,19.656,35.734,20.153,207.0,191.0,257.0,280.0,1,False,22.4,43.7,54.0,False,1.0,18.0
VER,Red Bull Racing,31.0,2.0,MEDIUM,3.0,75.133,19.737,35.377,20.019,202.0,194.0,259.0,281.0,1,False,22.4,43.7,54.0,False,1.0,4.0
COL,Alpine,30.0,3.0,MEDIUM,4.0,75.298,19.799,35.484,20.015,204.0,191.0,257.0,280.0,1,True,22.4,43.7,54.0,False,1.0,19.0
HAM,Ferrari,31.0,2.0,HARD,14.0,75.648,19.912,35.752,19.984,206.0,196.0,259.0,281.0,1,False,22.4,43.7,54.0,False,1.0,5.0
ALO,Aston Martin,31.0,2.0,HARD,16.0,76.142,20.187,35.973,19.982,204.0,190.0,251.0,263.0,1,False,22.5,43.7,54.0,False,0.8,6.0
HAD,Racing Bulls,31.0,3.0,HARD,13.0,76.289,19.827,36.13,20.332,205.0,189.0,254.0,274.0,1,False,22.5,43.7,54.0,False,0.8,7.0
ALB,Williams,31.0,1.0,MEDIUM,35.0,76.87,20.215,36.16,20.495,201.0,190.0,256.0,276.0,1,False,22.5,43.7,54.0,False,0.8,8.0
OCO,Haas F1 Team,31.0,3.0,HARD,3.0,75.43,19.89,35.659,19.881,193.0,194.0,258.0,276.0,1,True,22.5,43.7,54.0,False,0.8,9.0
LAW,Racing Bulls,31.0,1.0,MEDIUM,31.0,93.531,19.934,36.323,37.274,209.0,192.0,,275.0,1,False,22.5,43.7,54.0,False,0.8,10.0
NOR,McLaren,32.0,2.0,HARD,13.0,74.711,19.694,35.206,19.811,203.0,200.0,257.0,275.0,1,False,22.5,43.7,54.0,False,0.8,1.0
SAI,Williams,31.0,1.0,HARD,31.0,77.277,20.386,36.996,19.895,198.0,195.0,259.0,276.0,1,False,22.7,43.6,53.0,False,1.1,11.0
RUS,Mercedes,31.0,1.0,HARD,31.0,78.068,20.79,36.869,20.409,189.0,187.0,267.0,281.0,1,False,22.7,43.6,53.0,False,1.1,12.0
LEC,Ferrari,32.0,2.0,HARD,10.0,76.418,19.948,36.351,20.119,199.0,190.0,261.0,282.0,1,False,22.7,43.6,53.0,False,1.1,2.0
ANT,Mercedes,31.0,1.0,HARD,31.0,79.809,20.787,38.307,20.715,186.0,182.0,260.0,279.0,1,False,22.7,43.6,53.0,False,1.1,13.0
TSU,Red Bull Racing,31.0,2.0,HARD,30.0,80.088,21.495,37.505,21.088,138.0,178.0,264.0,279.0,1,False,22.7,43.6,53.0,False,1.1,14.0
HUL,Kick Sauber,31.0,2.0,HARD,19.0,79.889,21.016,37.201,21.672,196.0,186.0,224.0,279.0,1,False,22.7,43.6,53.0,False,1.1,15.0
PIA,McLaren,32.0,2.0,HARD,12.0,76.822,20.047,36.224,20.551,197.0,190.0,269.0,284.0,1,False,22.7,43.6,53.0,False,1.1,3.0
STR,Aston Martin,31.0,2.0,HARD,15.0,79.721,20.934,38.171,20.616,187.0,188.0,269.0,226.0,1,False,22.7,43.6,53.0,False,1.1,16.0
BEA,Haas F1 Team,31.0,3.0,MEDIUM,14.0,79.927,21.651,37.135,21.141,101.0,188.0,212.0,281.0,1,False,22.7,43.6,53.0,False,1.1,17.0
VER,Red Bull Racing,32.0,2.0,MEDIUM,4.0,75.424,19.687,35.603,20.134,201.0,193.0,268.0,284.0,1,False,22.7,43.6,53.0,False,1.1,4.0
BOR,Kick Sauber,31.0,3.0,SOFT,5.0,78.214,19.816,36.399,21.999,198.0,188.0,265.0,282.0,1,False,22.7,43.6,53.0,False,1.1,18.0
COL,Alpine,31.0,3.0,MEDIUM,5.0,76.007,19.843,35.877,20.287,200.0,193.0,258.0,281.0,1,False,22.7,43.6,53.0,False,1.1,19.0
HAM,Ferrari,32.0,2.0,HARD,15.0,75.676,19.715,35.824,20.137,201.0,196.0,259.0,283.0,1,False,22.7,43.6,53.0,False,1.1,5.0
ALO,Aston Martin,32.0,2.0,HARD,17.0,76.088,19.874,35.834,20.38,205.0,193.0,252.0,269.0,1,False,22.7,43.6,53.0,False,1.1,6.0
HAD,Racing Bulls,32.0,3.0,HARD,14.0,76.307,19.81,36.127,20.37,204.0,192.0,254.0,274.0,1,False,22.7,43.6,53.0,False,1.1,7.0
OCO,Haas F1 Team,32.0,3.0,HARD,4.0,75.503,19.884,35.614,20.005,201.0,194.0,258.0,276.0,1,False,22.6,43.2,54.0,False,1.5,8.0
NOR,McLaren,33.0,2.0,HARD,14.0,74.642,19.74,35.193,19.709,203.0,201.0,259.0,275.0,1,False,22.6,43.2,54.0,False,1.5,1.0
ALB,Williams,32.0,1.0,MEDIUM,36.0,92.994,20.118,35.999,36.877,207.0,188.0,,276.0,1,False,22.6,43.2,54.0,False,1.5,9.0
LAW,Racing Bulls,32.0,2.0,SOFT,4.0,79.201,22.999,36.211,19.991,172.0,193.0,256.0,275.0,1,False,22.6,43.2,54.0,False,1.5,10.0
LEC,Ferrari,33.0,2.0,HARD,11.0,75.515,19.733,35.914,19.868,202.0,195.0,259.0,278.0,1,False,22.6,43.2,54.0,False,1.5,2.0
SAI,Williams,32.0,1.0,HARD,32.0,80.054,20.508,38.515,21.031,186.0,183.0,257.0,271.0,1,False,22.6,43.2,54.0,False,1.5,11.0
RUS,Mercedes,32.0,1.0,HARD,32.0,79.384,22.03,36.582,20.772,190.0,189.0,267.0,282.0,1,False,22.6,43.2,54.0,False,1.5,12.0
PIA,McLaren,33.0,2.0,HARD,13.0,76.325,20.313,35.811,20.201,200.0,195.0,262.0,283.0,1,False,22.6,43.2,54.0,False,1.5,3.0
ANT,Mercedes,32.0,1.0,HARD,32.0,79.689,20.573,38.474,20.642,189.0,180.0,260.0,279.0,1,False,22.6,43.2,54.0,False,1.5,13.0
VER,Red Bull Racing,33.0,2.0,MEDIUM,5.0,76.213,20.137,35.965,20.111,188.0,194.0,260.0,282.0,1,False,22.6,43.2,54.0,False,1.5,4.0
TSU,Red Bull Racing,32.0,2.0,HARD,31.0,80.951,21.563,38.655,20.733,130.0,181.0,259.0,276.0,1,False,22.6,43.2,54.0,False,1.5,14.0
HUL,Kick Sauber,32.0,2.0,HARD,20.0,80.602,21.13,38.579,20.893,193.0,182.0,266.0,222.0,1,False,22.6,43.2,54.0,False,1.5,15.0
STR,Aston Martin,32.0,2.0,HARD,16.0,80.498,21.639,37.764,21.095,140.0,183.0,269.0,282.0,1,False,22.6,43.2,54.0,False,1.5,16.0
BEA,Haas F1 Team,32.0,3.0,MEDIUM,15.0,80.227,21.452,37.293,21.482,191.0,186.0,263.0,283.0,1,False,22.6,43.2,54.0,False,1.5,17.0
BOR,Kick Sauber,32.0,3.0,SOFT,6.0,79.347,20.554,37.426,21.367,191.0,191.0,265.0,282.0,1,False,22.6,43.2,54.0,False,1.5,18.0
HAM,Ferrari,33.0,2.0,HARD,16.0,76.536,19.759,36.165,20.612,200.0,190.0,261.0,285.0,1,False,22.6,43.2,54.0,False,1.5,5.0
COL,Alpine,32.0,3.0,MEDIUM,6.0,79.845,20.397,38.726,20.722,186.0,157.0,258.0,282.0,1,False,22.6,43.2,54.0,False,1.5,19.0
ALO,Aston Martin,33.0,2.0,HARD,18.0,75.823,19.827,35.918,20.078,205.0,193.0,251.0,265.0,1,False,22.6,43.2,54.0,False,1.5,6.0
HAD,Racing Bulls,33.0,3.0,HARD,15.0,76.044,19.804,36.141,20.099,203.0,192.0,255.0,274.0,1,False,22.5,43.1,53.0,False,0.8,7.0
OCO,Haas F1 Team,33.0,3.0,HARD,5.0,75.22,19.813,35.529,19.878,198.0,194.0,258.0,275.0,1,True,22.5,43.1,53.0,False,0.8,8.0
NOR,McLaren,34.0,2.0,HARD,15.0,74.689,19.55,35.351,19.788,206.0,198.0,259.0,275.0,1,False,22.5,43.1,53.0,False,0.8,1.0
LEC,Ferrari,34.0,2.0,HARD,12.0,74.98,19.548,35.618,19.814,209.0,196.0,258.0,278.0,1,False,22.5,43.1,53.0,False,0.8,2.0
LAW,Racing Bulls,33.0,2.0,SOFT,5.0,78.285,19.969,37.759,20.557,194.0,185.0,257.0,274.0,1,False,22.5,43.1,53.0,False,0.8,9.0
ALB,Williams,33.0,2.0,MEDIUM,9.0,82.236,24.385,37.059,20.792,182.0,181.0,255.0,275.0,1,False,22.5,43.1,53.0,False,0.8,10.0
PIA,McLaren,34.0,2.0,HARD,14.0,75.947,19.905,36.04,20.002,202.0,196.0,261.0,281.0,1,False,22.5,43.1,53.0,False,0.8,3.0
VER,Red Bull Racing,34.0,2.0,MEDIUM,6.0,75.8,19.875,35.765,20.16,199.0,193.0,265.0,280.0,1,False,22.5,43.1,53.0,False,0.8,4.0
SAI,Williams,33.0,1.0,HARD,33.0,80.878,20.198,38.501,22.179,201.0,185.0,258.0,278.0,1,False,22.5,43.1,53.0,False,0.8,11.0
RUS,Mercedes,33.0,1.0,HARD,33.0,81.135,21.343,38.805,20.987,128.0,180.0,259.0,280.0,1,False,22.5,43.1,53.0,False,0.8,12.0
ANT,Mercedes,33.0,1.0,HARD,33.0,79.344,21.751,36.692,20.901,192.0,185.0,259.0,282.0,1,False,22.5,43.1,53.0,False,0.8,13.0
TSU,Red Bull Racing,33.0,2.0,HARD,32.0,78.035,20.354,36.853,20.828,186.0,189.0,257.0,278.0,1,False,22.5,43.1,53.0,False,0.8,14.0
HUL,Kick Sauber,33.0,2.0,HARD,21.0,77.84,20.205,36.923,20.712,200.0,188.0,264.0,282.0,1,False,22.5,43.1,53.0,False,0.8,15.0
STR,Aston Martin,33.0,2.0,HARD,17.0,78.23,20.483,36.848,20.899,195.0,188.0,260.0,282.0,1,False,22.5,43.1,53.0,False,0.8,16.0
BEA,Haas F1 Team,33.0,3.0,MEDIUM,16.0,78.784,20.359,36.752,21.673,192.0,191.0,222.0,284.0,1,False,22.5,43.1,53.0,False,0.8,17.0
HAM,Ferrari,34.0,2.0,HARD,17.0,77.566,20.517,36.458,20.591,192.0,189.0,259.0,283.0,1,False,22.5,43.1,53.0,False,0.8,5.0
BOR,Kick Sauber,33.0,3.0,SOFT,7.0,79.276,22.023,36.597,20.656,190.0,190.0,265.0,282.0,1,False,22.5,43.1,53.0,False,0.8,18.0
COL,Alpine,33.0,3.0,MEDIUM,7.0,78.528,20.71,37.195,20.623,190.0,185.0,258.0,283.0,1,False,22.5,43.1,53.0,False,0.8,19.0
ALO,Aston Martin,34.0,2.0,HARD,19.0,77.347,21.152,36.128,20.067,200.0,190.0,252.0,270.0,1,False,22.6,43.2,54.0,False,0.9,6.0
HAD,Racing Bulls,34.0,3.0,HARD,16.0,76.07,19.811,36.101,20.158,206.0,193.0,256.0,275.0,1,False,22.6,43.2,54.0,False,0.9,7.0
OCO,Haas F1 Team,34.0,3.0,HARD,6.0,75.157,19.852,35.503,19.802,198.0,197.0,257.0,276.0,1,True,22.6,43.2,54.0,False,0.9,8.0
NOR,McLaren,35.0,2.0,HARD,16.0,74.184,19.497,34.985,19.702,206.0,200.0,258.0,276.0,1,True,22.6,43.2,54.0,False,0.9,1.0
LEC,Ferrari,35.0,2.0,HARD,13.0,74.349,19.304,35.311,19.734,212.0,197.0,258.0,276.0,1,False,22.6,43.2,54.0,False,0.9,2.0
LAW,Racing Bulls,34.0,2.0,SOFT,6.0,76.425,19.918,36.008,20.499,206.0,190.0,256.0,276.0,1,True,22.6,43.2,54.0,False,0.9,9.0
PIA,McLaren,35.0,2.0,HARD,15.0,74.819,19.711,35.286,19.822,207.0,200.0,260.0,279.0,1,False,22.6,43.2,54.0,False,0.9,3.0
VER,Red Bull Racing,35.0,2.0,MEDIUM,7.0,75.33,19.747,35.817,19.766,195.0,195.0,259.0,278.0,1,False,22.6,43.2,54.0,False,0.9,4.0
ALB,Williams,34.0,2.0,MEDIUM,10.0,80.232,21.639,38.239,20.354,194.0,184.0,256.0,274.0,1,False,22.6,43.2,54.0,False,0.9,10.0
SAI,Williams,34.0,1.0,HARD,34.0,79.22,20.475,37.592,21.153,190.0,179.0,256.0,278.0,1,False,22.5,43.6,55.0,False,0.0,11.0
RUS,Mercedes,34.0,1.0,HARD,34.0,78.936,20.667,37.054,21.215,188.0,183.0,267.0,282.0,1,False,22.5,43.6,55.0,False,0.0,12.0
ANT,Mercedes,34.0,1.0,HARD,34.0,78.763,20.539,37.141,21.083,197.0,184.0,262.0,278.0,1,False,22.5,43.6,55.0,False,0.0,13.0
TSU,Red Bull Racing,34.0,2.0,HARD,33.0,78.623,20.607,37.058,20.958,189.0,190.0,266.0,277.0,1,False,22.5,43.6,55.0,False,0.0,14.0
HUL,Kick Sauber,34.0,2.0,HARD,22.0,78.4,20.679,37.037,20.684,197.0,190.0,266.0,279.0,1,False,22.5,43.6,55.0,False,0.0,15.0
HAM,Ferrari,35.0,2.0,HARD,18.0,77.826,20.193,37.076,20.557,196.0,185.0,259.0,281.0,1,False,22.5,43.6,55.0,False,0.0,5.0
STR,Aston Martin,34.0,2.0,HARD,18.0,80.199,20.533,38.933,20.733,192.0,185.0,261.0,229.0,1,False,22.5,43.6,55.0,False,0.0,16.0
BEA,Haas F1 Team,34.0,3.0,MEDIUM,17.0,79.725,20.863,37.773,21.089,199.0,187.0,262.0,283.0,1,False,22.5,43.6,55.0,False,0.0,17.0
BOR,Kick Sauber,34.0,3.0,SOFT,8.0,79.276,20.514,37.529,21.233,196.0,188.0,265.0,282.0,1,False,22.5,43.6,55.0,False,0.0,18.0
COL,Alpine,34.0,3.0,MEDIUM,8.0,78.704,20.551,37.1,21.053,198.0,187.0,265.0,281.0,1,False,22.5,43.6,55.0,False,0.0,19.0
ALO,Aston Martin,35.0,2.0,HARD,20.0,76.024,19.912,35.979,20.133,207.0,191.0,253.0,268.0,1,False,22.5,43.6,55.0,False,0.0,6.0
HAD,Racing Bulls,35.0,3.0,HARD,17.0,76.212,19.814,36.194,20.204,206.0,192.0,254.0,275.0,1,False,22.5,43.6,55.0,False,0.0,7.0
OCO,Haas F1 Team,35.0,3.0,HARD,7.0,75.846,19.915,35.854,20.077,197.0,193.0,257.0,276.0,1,False,22.5,43.6,55.0,False,0.0,8.0
NOR,McLaren,36.0,2.0,HARD,17.0,74.785,19.705,35.261,19.819,205.0,200.0,258.0,275.0,1,False,22.5,43.6,55.0,False,0.0,1.0
LEC,Ferrari,36.0,2.0,HARD,14.0,74.055,19.337,35.063,19.655,212.0,198.0,258.0,277.0,1,True,22.5,43.7,55.0,False,0.8,2.0
LAW,Racing Bulls,35.0,2.0,SOFT,7.0,75.942,19.921,35.851,20.17,207.0,193.0,256.0,275.0,1,True,22.5,43.7,55.0,False,0.8,9.0
PIA,McLaren,36.0,2.0,HARD,16.0,75.107,19.733,35.397,19.977,204.0,198.0,261.0,280.0,1,False,22.5,43.7,55.0,False,0.8,3.0
VER,Red Bull Racing,36.0,2.0,MEDIUM,8.0,74.976,19.598,35.487,19.891,202.0,195.0,258.0,277.0,1,True,22.5,43.7,55.0,False,0.8,4.0
ALB,Williams,35.0,2.0,MEDIUM,11.0,76.381,20.045,35.979,20.357,200.0,185.0,256.0,276.0,1,True,22.5,43.7,55.0,False,0.8,10.0
SAI,Williams,35.0,1.0,HARD,35.0,79.464,20.928,37.435,21.101,199.0,177.0,256.0,277.0,1,False,22.5,43.7,55.0,False,0.8,11.0
RUS,Mercedes,35.0,1.0,HARD,35.0,79.219,20.836,37.359,21.024,183.0,180.0,269.0,281.0,1,False,22.5,43.7,55.0,False,0.8,12.0
ANT,Mercedes,35.0,1.0,HARD,35.0,79.458,20.79,37.287,21.381,194.0,180.0,245.0,279.0,1,False,22.5,43.7,55.0,False,0.8,13.0
HAM,Ferrari,36.0,2.0,HARD,19.0,77.218,20.209,36.625,20.384,190.0,191.0,267.0,282.0,1,False,22.5,43.7,55.0,False,0.8,5.0
TSU,Red Bull Racing,35.0,2.0,HARD,34.0,80.269,20.798,37.443,22.028,182.0,186.0,260.0,277.0,1,False,22.5,43.7,55.0,False,0.8,14.0
HUL,Kick Sauber,35.0,2.0,HARD,23.0,80.594,21.263,38.423,20.908,198.0,184.0,258.0,216.0,1,False,22.5,43.7,55.0,False,0.8,15.0
STR,Aston Martin,35.0,2.0,HARD,19.0,78.217,20.499,36.731,20.987,192.0,186.0,268.0,282.0,1,False,22.5,43.7,55.0,False,0.8,16.0
BEA,Haas F1 Team,35.0,3.0,MEDIUM,18.0,78.006,20.193,36.625,21.188,192.0,190.0,269.0,284.0,1,False,22.5,43.7,55.0,False,0.8,17.0
COL,Alpine,35.0,3.0,MEDIUM,9.0,78.67,20.49,37.253,20.927,189.0,187.0,257.0,282.0,1,False,22.5,43.7,55.0,False,0.8,18.0
BOR,Kick Sauber,35.0,3.0,SOFT,9.0,95.247,20.264,36.876,38.107,191.0,191.0,,282.0,1,False,22.5,43.7,55.0,False,0.8,19.0
ALO,Aston Martin,36.0,2.0,HARD,21.0,76.2,19.973,36.032,20.195,208.0,193.0,252.0,271.0,1,False,22.5,43.7,55.0,False,0.8,6.0
HAD,Racing Bulls,36.0,3.0,HARD,18.0,76.125,19.783,36.218,20.124,206.0,192.0,255.0,275.0,1,False,22.5,43.7,55.0,False,0.8,7.0
OCO,Haas F1 Team,36.0,3.0,HARD,8.0,76.149,20.031,35.933,20.185,196.0,191.0,258.0,277.0,1,False,22.5,43.7,54.0,False,0.6,8.0
NOR,McLaren,37.0,2.0,HARD,18.0,74.67,19.654,35.272,19.744,204.0,198.0,259.0,276.0,1,False,22.5,43.7,54.0,False,0.6,1.0
LEC,Ferrari,37.0,2.0,HARD,15.0,74.105,19.251,35.202,19.652,211.0,198.0,258.0,277.0,1,False,22.5,43.7,54.0,False,0.6,2.0
PIA,McLaren,37.0,2.0,HARD,17.0,75.396,19.961,35.652,19.783,201.0,198.0,259.0,278.0,1,False,22.5,43.7,54.0,False,0.6,3.0
VER,Red Bull Racing,37.0,2.0,MEDIUM,9.0,75.025,19.696,35.48,19.849,204.0,197.0,258.0,279.0,1,False,22.5,43.7,54.0,False,0.6,4.0
LAW,Racing Bulls,36.0,2.0,SOFT,8.0,80.271,20.002,39.629,20.64,199.0,186.0,257.0,273.0,1,False,22.5,43.7,54.0,False,0.6,9.0
ALB,Williams,36.0,2.0,MEDIUM,12.0,76.185,20.043,35.854,20.288,205.0,189.0,257.0,276.0,1,True,22.5,43.7,54.0,False,0.6,10.0
HAM,Ferrari,37.0,2.0,HARD,20.0,77.288,20.131,36.659,20.498,193.0,194.0,256.0,280.0,1,False,22.5,43.7,54.0,False,0.6,5.0
SAI,Williams,36.0,1.0,HARD,36.0,79.778,20.71,37.035,22.033,185.0,189.0,265.0,276.0,1,False,22.5,43.7,54.0,False,0.6,11.0
RUS,Mercedes,36.0,1.0,HARD,36.0,79.952,20.994,38.069,20.889,188.0,192.0,270.0,279.0,1,False,22.5,43.7,54.0,False,0.6,12.0
ANT,Mercedes,36.0,1.0,HARD,36.0,79.869,21.743,37.315,20.811,189.0,182.0,263.0,279.0,1,False,22.5,43.7,54.0,False,0.6,13.0
TSU,Red Bull Racing,36.0,2.0,HARD,35.0,78.945,20.81,37.254,20.881,188.0,183.0,266.0,279.0,1,False,22.5,43.7,54.0,False,0.6,14.0
HUL,Kick Sauber,36.0,2.0,HARD,24.0,78.642,20.56,37.336,20.746,197.0,189.0,270.0,278.0,1,False,22.5,43.7,54.0,False,0.6,15.0
STR,Aston Martin,36.0,2.0,HARD,20.0,78.912,20.626,37.419,20.867,189.0,187.0,269.0,281.0,1,False,22.5,43.7,54.0,False,0.6,16.0
BEA,Haas F1 Team,36.0,3.0,MEDIUM,19.0,79.059,20.575,37.299,21.185,183.0,188.0,262.0,283.0,1,False,22.5,43.7,54.0,False,0.6,17.0
COL,Alpine,36.0,3.0,MEDIUM,10.0,77.955,20.375,36.766,20.814,193.0,189.0,266.0,281.0,1,False,22.5,43.7,54.0,False,0.6,18.0
BOR,Kick Sauber,36.0,4.0,MEDIUM,1.0,78.607,23.022,35.628,19.957,197.0,192.0,254.0,273.0,1,False,22.6,43.5,53.0,False,0.7,19.0
HAD,Racing Bulls,37.0,3.0,HARD,19.0,76.419,19.747,36.102,20.57,208.0,194.0,254.0,276.0,12,False,22.6,43.5,53.0,False,0.7,6.0
OCO,Haas F1 Team,37.0,3.0,HARD,9.0,77.197,19.982,35.819,21.396,196.0,192.0,258.0,277.0,12,False,22.6,43.5,53.0,False,0.7,7.0
NOR,McLaren,38.0,2.0,HARD,19.0,74.907,19.606,35.094,20.207,202.0,200.0,258.0,276.0,12,False,22.6,43.5,53.0,False,0.7,1.0
LEC,Ferrari,38.0,2.0,HARD,16.0,74.57,19.364,35.376,19.83,212.0,198.0,258.0,278.0,12,False,22.6,43.5,53.0,False,0.7,2.0
PIA,McLaren,38.0,2.0,HARD,18.0,74.475,19.59,35.123,19.762,208.0,199.0,258.0,279.0,12,False,22.6,43.5,53.0,False,0.7,3.0
VER,Red Bull Racing,38.0,2.0,MEDIUM,10.0,74.677,19.623,35.174,19.88,204.0,198.0,258.0,277.0,12,True,22.6,43.5,53.0,False,0.7,4.0
LAW,Racing Bulls,37.0,2.0,SOFT,9.0,75.89,19.855,35.845,20.19,204.0,192.0,257.0,277.0,12,True,22.6,43.5,53.0,False,0.7,8.0
ALB,Williams,37.0,2.0,MEDIUM,13.0,76.153,20.065,35.843,20.245,204.0,189.0,257.0,277.0,12,True,22.6,43.5,53.0,False,0.7,9.0
HAM,Ferrari,38.0,2.0,HARD,21.0,75.938,19.928,35.905,20.105,202.0,195.0,257.0,277.0,12,False,22.6,43.5,53.0,False,0.7,5.0
SAI,Williams,37.0,1.0,HARD,37.0,78.753,20.839,37.145,20.769,199.0,182.0,257.0,279.0,12,False,22.6,43.5,53.0,False,0.7,10.0
RUS,Mercedes,37.0,1.0,HARD,37.0,78.925,20.88,37.099,20.946,190.0,189.0,268.0,284.0,12,False,22.6,43.5,53.0,False,0.7,11.0
ANT,Mercedes,37.0,1.0,HARD,37.0,78.87,20.664,37.192,21.014,190.0,185.0,262.0,278.0,12,False,22.6,43.5,53.0,False,0.7,12.0
TSU,Red Bull Racing,37.0,2.0,HARD,36.0,78.933,20.681,37.202,21.05,189.0,186.0,265.0,275.0,12,False,22.8,43.2,52.0,False,0.7,13.0
HUL,Kick Sauber,37.0,2.0,HARD,25.0,78.904,20.712,37.251,20.941,197.0,186.0,269.0,280.0,12,False,22.8,43.2,52.0,False,0.7,14.0
STR,Aston Martin,37.0,2.0,HARD,21.0,78.946,20.597,37.362,20.987,189.0,188.0,269.0,283.0,12,False,22.8,43.2,52.0,False,0.7,15.0
BEA,Haas F1 Team,37.0,3.0,MEDIUM,20.0,78.885,20.395,37.292,21.198,191.0,191.0,267.0,284.0,12,False,22.8,43.2,52.0,False,0.7,16.0
COL,Alpine,37.0,3.0,MEDIUM,11.0,78.66,20.584,37.231,20.845,198.0,189.0,263.0,281.0,12,False,22.8,43.2,52.0,False,0.7,17.0
BOR,Kick Sauber,37.0,4.0,MEDIUM,2.0,74.884,19.72,35.188,19.976,208.0,193.0,255.0,275.0,12,True,22.8,43.2,52.0,False,0.7,18.0
HAD,Racing Bulls,38.0,3.0,HARD,20.0,76.4,19.769,36.152,20.479,205.0,190.0,254.0,276.0,1,False,22.8,43.2,52.0,False,0.7,6.0
OCO,Haas F1 Team,38.0,3.0,HARD,10.0,76.298,20.164,35.949,20.185,199.0,194.0,257.0,277.0,1,False,22.8,43.2,52.0,False,0.7,7.0
NOR,McLaren,39.0,2.0,HARD,20.0,74.141,19.465,34.981,19.695,207.0,200.0,259.0,277.0,1,True,22.8,43.2,52.0,False,0.7,1.0
LEC,Ferrari,39.0,2.0,HARD,17.0,74.14,19.278,35.19,19.672,211.0,202.0,258.0,278.0,1,False,22.8,43.2,52.0,False,0.7,2.0
PIA,McLaren,39.0,2.0,HARD,19.0,74.594,19.719,35.247,19.628,205.0,201.0,259.0,278.0,1,False,22.8,43.2,52.0,False,0.7,3.0
VER,Red Bull Racing,39.0,2.0,MEDIUM,11.0,74.785,19.649,35.315,19.821,204.0,196.0,257.0,278.0,1,False,22.8,43.2,52.0,False,0.7,4.0
LAW,Racing Bulls,38.0,2.0,SOFT,10.0,75.964,19.821,35.828,20.315,206.0,193.0,256.0,277.0,1,False,22.8,43.2,52.0,False,0.7,8.0
ALB,Williams,38.0,2.0,MEDIUM,14.0,75.529,19.849,35.636,20.044,208.0,191.0,257.0,277.0,1,True,22.7,43.2,54.0,False,0.6,9.0
HAM,Ferrari,39.0,2.0,HARD,22.0,75.446,19.841,35.592,20.013,203.0,197.0,256.0,277.0,1,False,22.7,43.2,54.0,False,0.6,5.0
SAI,Williams,38.0,1.0,HARD,38.0,78.526,20.283,37.332,20.911,188.0,182.0,255.0,276.0,1,False,22.7,43.2,54.0,False,0.6,10.0
RUS,Mercedes,38.0,1.0,HARD,38.0,78.468,20.494,36.974,21.0,196.0,186.0,267.0,282.0,1,False,22.7,43.2,54.0,False,0.6,11.0
ANT,Mercedes,38.0,1.0,HARD,38.0,78.381,20.42,36.824,21.137,197.0,182.0,261.0,283.0,1,False,22.7,43.2,54.0,False,0.6,12.0
TSU,Red Bull Racing,38.0,2.0,HARD,37.0,78.168,20.426,36.964,20.778,184.0,189.0,265.0,275.0,1,False,22.7,43.2,54.0,False,0.6,13.0
HUL,Kick Sauber,38.0,2.0,HARD,26.0,78.272,20.613,36.903,20.756,200.0,186.0,268.0,281.0,1,False,22.7,43.2,54.0,False,0.6,14.0
STR,Aston Martin,38.0,2.0,HARD,22.0,78.252,20.484,36.93,20.838,192.0,189.0,269.0,282.0,1,False,22.7,43.2,54.0,False,0.6,15.0
BEA,Haas F1 Team,38.0,3.0,MEDIUM,21.0,78.333,20.366,36.99,20.977,192.0,188.0,266.0,283.0,1,False,22.7,43.2,54.0,False,0.6,16.0
COL,Alpine,38.0,3.0,MEDIUM,12.0,78.728,20.702,37.114,20.912,189.0,186.0,258.0,281.0,1,False,22.7,43.2,54.0,False,0.6,17.0
BOR,Kick Sauber,38.0,4.0,MEDIUM,3.0,74.97,19.721,35.317,19.932,205.0,197.0,255.0,276.0,1,False,22.7,43.2,54.0,False,0.6,18.0
HAD,Racing Bulls,39.0,3.0,HARD,21.0,76.92,19.898,36.5,20.522,203.0,188.0,254.0,276.0,1,False,22.7,43.2,54.0,False,0.6,6.0
NOR,McLaren,40.0,2.0,HARD,21.0,75.237,19.396,35.37,20.471,206.0,196.0,258.0,278.0,1,False,22.7,43.2,54.0,False,0.6,1.0
OCO,Haas F1 Team,39.0,3.0,HARD,11.0,78.41,20.025,36.375,22.01,191.0,185.0,265.0,276.0,1,False,22.7,43.2,54.0,False,0.6,7.0
LEC,Ferrari,40.0,2.0,HARD,18.0,74.056,19.219,35.094,19.743,214.0,199.0,258.0,278.0,1,False,22.7,43.2,54.0,False,0.6,2.0
PIA,McLaren,40.0,2.0,HARD,20.0,74.344,19.545,35.107,19.692,209.0,200.0,258.0,279.0,1,False,22.8,43.4,54.0,False,0.9,3.0
VER,Red Bull Racing,40.0,2.0,MEDIUM,12.0,74.421,19.394,35.181,19.846,206.0,199.0,258.0,278.0,1,True,22.8,43.4,54.0,False,0.9,4.0
LAW,Racing Bulls,39.0,2.0,SOFT,11.0,75.8,19.752,35.808,20.24,207.0,195.0,256.0,277.0,1,True,22.8,43.4,54.0,False,0.9,8.0
ALB,Williams,39.0,2.0,MEDIUM,15.0,75.303,19.878,35.511,19.914,209.0,196.0,256.0,277.0,1,True,22.8,43.4,54.0,False,0.9,9.0
HAM,Ferrari,40.0,2.0,HARD,23.0,74.951,19.584,35.421,19.946,205.0,199.0,257.0,278.0,1,False,22.8,43.4,54.0,False,0.9,5.0
SAI,Williams,39.0,1.0,HARD,39.0,78.819,20.622,37.275,20.922,206.0,180.0,255.0,276.0,1,False,22.8,43.4,54.0,False,0.9,10.0
RUS,Mercedes,39.0,1.0,HARD,39.0,78.865,20.742,37.097,21.026,191.0,187.0,265.0,280.0,1,False,22.8,43.4,54.0,False,0.9,11.0
ANT,Mercedes,39.0,1.0,HARD,39.0,78.721,20.541,37.138,21.042,192.0,184.0,263.0,281.0,1,False,22.8,43.4,54.0,False,0.9,12.0
TSU,Red Bull Racing,39.0,2.0,HARD,38.0,78.879,20.667,37.289,20.923,185.0,189.0,265.0,274.0,1,False,22.8,43.4,54.0,False,0.9,13.0
HUL,Kick Sauber,39.0,2.0,HARD,27.0,78.876,20.745,37.331,20.8,197.0,187.0,267.0,281.0,1,False,22.8,43.4,54.0,False,0.9,14.0
STR,Aston Martin,39.0,2.0,HARD,23.0,78.805,20.643,37.281,20.881,188.0,186.0,268.0,278.0,1,False,22.8,43.4,54.0,False,0.9,15.0
BEA,Haas F1 Team,39.0,3.0,MEDIUM,22.0,78.791,20.79,36.868,21.133,198.0,188.0,269.0,282.0,1,False,22.8,43.4,54.0,False,0.9,16.0
COL,Alpine,39.0,3.0,MEDIUM,13.0,78.889,20.455,37.386,21.048,191.0,179.0,259.0,280.0,1,False,22.8,43.4,54.0,False,0.9,17.0
BOR,Kick Sauber,39.0,4.0,MEDIUM,4.0,75.888,19.829,35.666,20.393,206.0,187.0,255.0,277.0,1,False,22.8,43.4,54.0,False,0.9,18.0
HAD,Racing Bulls,40.0,3.0,HARD,22.0,77.025,19.863,36.547,20.615,206.0,191.0,254.0,276.0,1,False,22.9,43.5,52.0,False,0.7,6.0
NOR,McLaren,41.0,2.0,HARD,22.0,74.026,19.379,34.994,19.653,208.0,201.0,259.0,276.0,1,True,22.9,43.5,52.0,False,0.7,1.0
OCO,Haas F1 Team,40.0,3.0,HARD,12.0,76.525,20.242,36.05,20.233,195.0,193.0,258.0,278.0,1,False,22.9,43.5,52.0,False,0.7,7.0
LEC,Ferrari,41.0,2.0,HARD,19.0,74.835,19.418,35.406,20.011,207.0,196.0,260.0,277.0,1,False,22.9,43.5,52.0,False,0.7,2.0
PIA,McLaren,41.0,2.0,HARD,21.0,74.297,19.593,35.043,19.661,210.0,200.0,260.0,279.0,1,False,22.9,43.5,52.0,False,0.7,3.0
VER,Red Bull Racing,41.0,2.0,MEDIUM,13.0,74.39,19.417,35.304,19.669,208.0,197.0,259.0,278.0,1,True,22.9,43.5,52.0,False,0.7,4.0
HAM,Ferrari,41.0,2.0,HARD,24.0,75.111,19.77,35.512,19.829,203.0,198.0,258.0,277.0,1,False,22.9,43.5,52.0,False,0.7,5.0
LAW,Racing Bulls,40.0,2.0,SOFT,12.0,92.467,19.821,35.595,37.051,205.0,194.0,,277.0,1,False,22.9,43.5,52.0,False,0.7,8.0
ALB,Williams,40.0,2.0,MEDIUM,16.0,92.156,19.67,35.565,36.921,207.0,194.0,,279.0,1,False,22.9,43.5,52.0,False,0.7,9.0
SAI,Williams,40.0,1.0,HARD,40.0,78.988,20.651,37.24,21.097,199.0,184.0,256.0,275.0,1,False,22.9,43.5,52.0,False,0.7,10.0
RUS,Mercedes,40.0,1.0,HARD,40.0,78.936,20.728,36.995,21.213,192.0,187.0,268.0,280.0,1,False,22.9,43.5,52.0,False,0.7,11.0
ANT,Mercedes,40.0,1.0,HARD,40.0,78.95,20.619,36.977,21.354,193.0,182.0,269.0,282.0,1,False,22.9,43.5,52.0,False,0.7,12.0
TSU,Red Bull Racing,40.0,2.0,HARD,39.0,78.913,20.591,37.253,21.069,185.0,187.0,266.0,272.0,1,False,22.9,43.5,52.0,False,0.7,13.0
HUL,Kick Sauber,40.0,2.0,HARD,28.0,78.804,20.641,37.252,20.911,199.0,188.0,270.0,280.0,1,False,22.9,43.5,52.0,False,0.7,14.0
STR,Aston Martin,40.0,2.0,HARD,24.0,78.785,20.603,37.37,20.812,191.0,188.0,270.0,272.0,1,False,22.9,43.5,52.0,False,0.7,15.0
BEA,Haas F1 Team,40.0,3.0,MEDIUM,23.0,78.768,20.406,37.307,21.055,193.0,190.0,268.0,282.0,1,False,22.9,43.5,52.0,False,0.7,16.0
COL,Alpine,40.0,3.0,MEDIUM,14.0,78.443,20.743,36.95,20.75,187.0,190.0,265.0,281.0,1,False,22.9,43.5,52.0,False,0.7,17.0
BOR,Kick Sauber,40.0,4.0,MEDIUM,5.0,76.335,20.008,35.836,20.491,202.0,189.0,256.0,278.0,1,False,22.9,43.7,51.0,False,0.5,18.0
HAD,Racing Bulls,41.0,3.0,HARD,23.0,77.242,20.169,36.513,20.56,204.0,188.0,254.0,276.0,1,False,22.9,43.7,51.0,False,0.5,6.0
NOR,McLaren,42.0,2.0,HARD,23.0,74.419,19.533,35.114,19.772,209.0,201.0,260.0,278.0,1,False,22.9,43.7,51.0,False,0.5,1.0
LEC,Ferrari,42.0,2.0,HARD,20.0,75.133,19.694,35.573,19.866,193.0,194.0,258.0,277.0,1,False,22.9,43.7,51.0,False,0.5,2.0
OCO,Haas F1 Team,41.0,3.0,HARD,13.0,78.126,21.236,36.587,20.303,106.0,192.0,258.0,280.0,1,False,22.9,43.7,51.0,False,0.5,7.0
PIA,McLaren,42.0,2.0,HARD,22.0,74.137,19.549,34.932,19.656,209.0,201.0,260.0,280.0,1,False,22.9,43.7,51.0,False,0.5,3.0
VER,Red Bull Racing,42.0,2.0,MEDIUM,14.0,74.456,19.417,35.224,19.815,202.0,199.0,258.0,278.0,1,False,22.9,43.7,51.0,False,0.5,4.0
HAM,Ferrari,42.0,2.0,HARD,25.0,74.984,19.619,35.53,19.835,207.0,198.0,257.0,276.0,1,False,22.9,43.7,51.0,False,0.5,5.0
LAW,Racing Bulls,41.0,3.0,HARD,2.0,80.883,23.241,36.97,20.672,180.0,187.0,256.0,275.0,1,False,22.6,42.9,54.0,False,0.8,8.0
ALB,Williams,41.0,3.0,HARD,1.0,81.398,23.718,37.051,20.629,186.0,182.0,256.0,274.0,1,False,22.6,42.9,54.0,False,0.8,9.0
SAI,Williams,41.0,1.0,HARD,41.0,76.822,20.015,36.42,20.387,203.0,189.0,258.0,278.0,1,False,22.6,42.9,54.0,False,0.8,10.0
RUS,Mercedes,41.0,1.0,HARD,41.0,77.272,20.534,36.422,20.316,193.0,191.0,261.0,282.0,1,False,22.6,42.9,54.0,False,0.8,11.0
ANT,Mercedes,41.0,1.0,HARD,41.0,78.06,20.508,37.053,20.499,193.0,181.0,260.0,282.0,1,False,22.6,42.9,54.0,False,0.8,12.0
TSU,Red Bull Racing,41.0,2.0,HARD,40.0,78.272,20.474,37.09,20.708,189.0,186.0,265.0,280.0,1,False,22.6,42.9,54.0,False,0.8,13.0
HUL,Kick Sauber,41.0,2.0,HARD,29.0,78.575,20.621,37.222,20.732,195.0,186.0,266.0,281.0,1,False,22.6,42.9,54.0,False,0.8,14.0
STR,Aston Martin,41.0,2.0,HARD,25.0,78.701,20.613,37.203,20.885,190.0,187.0,269.0,282.0,1,False,22.6,42.9,54.0,False,0.8,15.0
BEA,Haas F1 Team,41.0,3.0,MEDIUM,24.0,78.741,20.404,37.17,21.167,183.0,189.0,262.0,282.0,1,False,22.6,42.9,54.0,False,0.8,16.0
COL,Alpine,41.0,3.0,MEDIUM,15.0,78.866,20.596,37.437,20.833,180.0,190.0,263.0,280.0,1,False,22.6,42.9,54.0,False,0.8,17.0
BOR,Kick Sauber,41.0,4.0,MEDIUM,6.0,76.847,19.929,36.341,20.577,195.0,191.0,256.0,280.0,1,False,22.6,42.9,54.0,False,0.8,18.0
NOR,McLaren,43.0,2.0,HARD,24.0,74.174,19.567,34.939,19.668,209.0,200.0,258.0,277.0,1,False,22.6,42.9,54.0,False,0.8,1.0
HAD,Racing Bulls,42.0,3.0,HARD,24.0,79.685,21.772,37.06,20.853,199.0,187.0,256.0,277.0,1,False,22.6,42.9,54.0,False,0.8,6.0
LEC,Ferrari,43.0,2.0,HARD,21.0,74.556,19.41,35.327,19.819,208.0,197.0,259.0,277.0,1,False,22.6,42.9,54.0,False,0.8,2.0
OCO,Haas F1 Team,42.0,3.0,HARD,14.0,76.24,20.027,36.054,20.159,195.0,192.0,259.0,279.0,1,False,22.6,42.9,54.0,False,0.8,7.0
PIA,McLaren,43.0,2.0,HARD,23.0,75.181,19.945,35.43,19.806,205.0,199.0,261.0,280.0,1,False,22.6,42.9,54.0,False,0.8,3.0
VER,Red Bull Racing,43.0,2.0,MEDIUM,15.0,74.567,19.481,35.255,19.831,204.0,197.0,258.0,279.0,1,False,22.6,42.9,54.0,False,0.8,4.0
HAM,Ferrari,43.0,2.0,HARD,26.0,74.854,19.655,35.424,19.775,207.0,199.0,257.0,276.0,1,False,22.5,42.7,55.0,False,0.5,5.0
LAW,Racing Bulls,42.0,3.0,HARD,3.0,76.743,20.172,36.194,20.377,200.0,188.0,257.0,275.0,1,False,22.5,42.7,55.0,False,0.5,8.0
SAI,Williams,42.0,1.0,HARD,42.0,76.706,20.223,36.415,20.068,200.0,194.0,257.0,278.0,1,True,22.5,42.7,55.0,False,0.5,9.0
ALB,Williams,42.0,3.0,HARD,2.0,78.819,20.163,38.224,20.432,197.0,183.0,264.0,276.0,1,False,22.5,42.7,55.0,False,0.5,10.0
RUS,Mercedes,42.0,1.0,HARD,42.0,77.617,20.161,36.567,20.889,199.0,187.0,268.0,282.0,1,False,22.5,42.7,55.0,False,0.5,11.0
ANT,Mercedes,42.0,1.0,HARD,42.0,77.12,19.908,36.563,20.649,196.0,185.0,261.0,279.0,1,False,22.5,42.7,55.0,False,0.5,12.0
TSU,Red Bull Racing,42.0,2.0,HARD,41.0,77.292,20.098,36.551,20.643,198.0,187.0,260.0,278.0,1,False,22.5,42.7,55.0,False,0.5,13.0
HUL,Kick Sauber,42.0,2.0,HARD,30.0,77.315,20.294,36.582,20.439,201.0,190.0,264.0,279.0,1,False,22.5,42.7,55.0,False,0.5,14.0
STR,Aston Martin,42.0,2.0,HARD,26.0,77.363,20.237,36.682,20.444,197.0,190.0,268.0,281.0,1,False,22.5,42.7,55.0,False,0.5,15.0
BEA,Haas F1 Team,42.0,3.0,MEDIUM,25.0,77.424,20.186,36.643,20.595,200.0,193.0,269.0,281.0,1,False,22.5,42.7,55.0,False,0.5,16.0
COL,Alpine,42.0,3.0,MEDIUM,16.0,77.798,20.43,36.752,20.616,191.0,190.0,259.0,280.0,1,False,22.5,42.7,55.0,False,0.5,17.0
BOR,Kick Sauber,42.0,4.0,MEDIUM,7.0,77.678,20.488,36.582,20.608,195.0,189.0,257.0,280.0,1,False,22.5,42.7,55.0,False,0.5,18.0
NOR,McLaren,44.0,2.0,HARD,25.0,73.872,19.349,34.852,19.671,206.0,201.0,259.0,278.0,1,True,22.5,42.7,55.0,False,0.5,1.0
LEC,Ferrari,44.0,2.0,HARD,22.0,74.265,19.419,35.154,19.692,207.0,199.0,258.0,278.0,1,False,22.5,42.7,55.0,False,0.5,2.0
HAD,Racing Bulls,43.0,3.0,HARD,25.0,78.924,22.162,36.508,20.254,196.0,193.0,256.0,279.0,1,False,22.5,43.0,54.0,False,0.9,6.0
OCO,Haas F1 Team,43.0,3.0,HARD,15.0,76.584,20.091,36.128,20.365,195.0,192.0,258.0,280.0,1,False,22.5,43.0,54.0,False,0.9,7.0
PIA,McLaren,44.0,2.0,HARD,24.0,74.676,19.592,35.189,19.895,207.0,201.0,261.0,281.0,1,False,22.5,43.0,54.0,False,0.9,3.0
VER,Red Bull Racing,44.0,2.0,MEDIUM,16.0,74.38,19.606,35.103,19.671,208.0,199.0,259.0,279.0,1,True,22.5,43.0,54.0,False,0.9,4.0
HAM,Ferrari,44.0,2.0,HARD,27.0,74.686,19.57,35.362,19.754,207.0,200.0,258.0,276.0,1,False,22.5,43.0,54.0,False,0.9,5.0
LAW,Racing Bulls,43.0,3.0,HARD,4.0,75.931,20.005,35.849,20.077,202.0,193.0,256.0,275.0,1,False,22.5,43.0,54.0,False,0.9,8.0
SAI,Williams,43.0,1.0,HARD,43.0,75.881,19.776,36.071,20.034,211.0,194.0,257.0,276.0,1,True,22.5,43.0,54.0,False,0.9,9.0
ALB,Williams,43.0,3.0,HARD,3.0,78.638,20.484,37.232,20.922,195.0,184.0,257.0,277.0,1,False,22.5,43.0,54.0,False,0.9,10.0
RUS,Mercedes,43.0,1.0,HARD,43.0,78.494,20.53,36.983,20.981,197.0,186.0,268.0,283.0,1,False,22.5,43.0,54.0,False,0.9,11.0
ANT,Mercedes,43.0,1.0,HARD,43.0,78.31,20.302,37.134,20.874,198.0,184.0,264.0,280.0,1,False,22.5,43.0,54.0,False,0.9,12.0
TSU,Red Bull Racing,43.0,2.0,HARD,42.0,78.05,20.261,37.014,20.775,192.0,187.0,264.0,278.0,1,False,22.5,43.0,54.0,False,0.9,13.0
HUL,Kick Sauber,43.0,2.0,HARD,31.0,77.929,20.324,36.761,20.844,203.0,187.0,268.0,282.0,1,False,22.5,43.0,54.0,False,0.9,14.0
STR,Aston Martin,43.0,2.0,HARD,27.0,77.762,20.266,36.767,20.729,198.0,190.0,271.0,282.0,1,False,22.5,43.0,54.0,False,0.9,15.0
BEA,Haas F1 Team,43.0,3.0,MEDIUM,26.0,77.648,20.07,36.628,20.95,200.0,188.0,267.0,282.0,1,False,22.5,43.0,54.0,False,0.9,16.0
COL,Alpine,43.0,3.0,MEDIUM,17.0,77.541,20.286,36.504,20.751,199.0,190.0,258.0,280.0,1,False,22.5,43.0,54.0,False,0.9,17.0
BOR,Kick Sauber,43.0,4.0,MEDIUM,8.0,77.037,20.04,36.395,20.602,200.0,191.0,257.0,281.0,1,False,22.5,43.0,54.0,False,0.9,18.0
NOR,McLaren,45.0,2.0,HARD,26.0,74.384,19.439,35.214,19.731,208.0,201.0,259.0,279.0,1,False,22.5,43.4,54.0,False,0.8,1.0
LEC,Ferrari,45.0,2.0,HARD,23.0,74.21,19.302,35.232,19.676,206.0,200.0,258.0,278.0,1,False,22.5,43.4,54.0,False,0.8,2.0
HAD,Racing Bulls,44.0,3.0,HARD,26.0,76.93,20.066,36.543,20.321,201.0,192.0,256.0,278.0,1,False,22.5,43.4,54.0,False,0.8,6.0
OCO,Haas F1 Team,44.0,3.0,HARD,16.0,77.324,20.059,36.137,21.128,196.0,193.0,186.0,280.0,1,False,22.5,43.4,54.0,False,0.8,7.0
PIA,McLaren,45.0,2.0,HARD,25.0,75.124,19.641,35.314,20.169,203.0,196.0,261.0,282.0,1,False,22.5,43.4,54.0,False,0.8,3.0
VER,Red Bull Racing,45.0,2.0,MEDIUM,17.0,74.23,19.363,35.111,19.756,207.0,199.0,260.0,280.0,1,True,22.5,43.4,54.0,False,0.8,4.0
HAM,Ferrari,45.0,2.0,HARD,28.0,74.849,19.555,35.439,19.855,207.0,198.0,258.0,276.0,1,False,22.5,43.4,54.0,False,0.8,5.0
LAW,Racing Bulls,44.0,3.0,HARD,5.0,75.958,19.907,35.887,20.164,207.0,193.0,257.0,275.0,1,False,22.5,43.4,54.0,False,0.8,8.0
SAI,Williams,44.0,1.0,HARD,44.0,76.059,19.816,36.097,20.146,211.0,194.0,256.0,276.0,1,False,22.5,43.4,54.0,False,0.8,9.0
ALB,Williams,44.0,3.0,HARD,4.0,79.225,20.384,37.633,21.208,191.0,183.0,258.0,276.0,1,False,22.5,43.2,55.0,False,0.7,10.0
RUS,Mercedes,44.0,1.0,HARD,44.0,79.072,20.512,37.388,21.172,194.0,187.0,268.0,283.0,1,False,22.5,43.2,55.0,False,0.7,11.0
ANT,Mercedes,44.0,1.0,HARD,44.0,78.885,20.499,37.336,21.05,197.0,180.0,264.0,283.0,1,False,22.5,43.2,55.0,False,0.7,12.0
TSU,Red Bull Racing,44.0,2.0,HARD,43.0,78.827,20.596,37.078,21.153,192.0,179.0,262.0,278.0,1,False,22.5,43.2,55.0,False,0.7,13.0
STR,Aston Martin,44.0,2.0,HARD,28.0,78.615,20.473,37.227,20.915,192.0,189.0,269.0,281.0,1,False,22.5,43.2,55.0,False,0.7,14.0
BEA,Haas F1 Team,44.0,3.0,MEDIUM,27.0,78.511,20.384,37.091,21.036,176.0,189.0,269.0,283.0,1,False,22.5,43.2,55.0,False,0.7,15.0
COL,Alpine,44.0,3.0,MEDIUM,18.0,78.439,20.488,37.187,20.764,186.0,187.0,259.0,280.0,1,False,22.5,43.2,55.0,False,0.7,16.0
BOR,Kick Sauber,44.0,4.0,MEDIUM,9.0,78.35,20.266,36.985,21.099,192.0,183.0,264.0,280.0,1,False,22.5,43.2,55.0,False,0.7,17.0
NOR,McLaren,46.0,2.0,HARD,27.0,74.177,19.377,35.149,19.651,209.0,199.0,260.0,280.0,1,False,22.5,43.2,55.0,False,0.7,1.0
LEC,Ferrari,46.0,2.0,HARD,24.0,74.339,19.39,35.275,19.674,208.0,198.0,259.0,278.0,1,False,22.5,43.2,55.0,False,0.7,2.0
HUL,Kick Sauber,44.0,2.0,HARD,32.0,95.627,20.541,37.081,38.005,202.0,189.0,,282.0,1,False,22.5,43.2,55.0,False,0.7,18.0
PIA,McLaren,46.0,2.0,HARD,26.0,74.875,19.65,35.224,20.001,210.0,197.0,268.0,281.0,1,False,22.5,43.2,55.0,False,0.7,3.0
HAD,Racing Bulls,45.0,3.0,HARD,27.0,77.914,20.068,36.676,21.17,204.0,185.0,238.0,278.0,1,False,22.5,43.2,55.0,False,0.7,6.0
VER,Red Bull Racing,46.0,2.0,MEDIUM,18.0,74.897,19.768,35.294,19.835,205.0,199.0,260.0,280.0,1,False,22.5,43.2,55.0,False,0.7,4.0
OCO,Haas F1 Team,45.0,3.0,HARD,17.0,78.452,22.247,36.095,20.11,186.0,194.0,261.0,281.0,1,False,22.5,43.2,55.0,False,0.7,7.0
HAM,Ferrari,46.0,2.0,HARD,29.0,75.323,19.592,35.853,19.878,204.0,195.0,258.0,277.0,1,False,22.5,43.2,55.0,False,0.7,5.0
LAW,Racing Bulls,45.0,3.0,HARD,6.0,75.605,19.843,35.712,20.05,205.0,196.0,256.0,275.0,1,True,22.5,43.2,53.0,False,0.5,8.0
SAI,Williams,45.0,1.0,HARD,45.0,76.124,19.894,36.165,20.065,207.0,192.0,256.0,275.0,1,False,22.5,43.2,53.0,False,0.5,9.0
ALB,Williams,45.0,3.0,HARD,5.0,79.224,20.454,37.614,21.156,169.0,182.0,256.0,276.0,1,False,22.5,43.2,53.0,False,0.5,10.0
RUS,Mercedes,45.0,1.0,HARD,45.0,79.192,20.69,37.467,21.035,190.0,188.0,266.0,282.0,1,False,22.5,43.2,53.0,False,0.5,11.0
ANT,Mercedes,45.0,1.0,HARD,45.0,79.251,20.606,37.764,20.881,194.0,183.0,267.0,280.0,1,False,22.5,43.2,53.0,False,0.5,12.0
TSU,Red Bull Racing,45.0,2.0,HARD,44.0,79.266,20.609,37.751,20.906,193.0,186.0,262.0,274.0,1,False,22.5,43.2,53.0,False,0.5,13.0
STR,Aston Martin,45.0,2.0,HARD,29.0,79.045,20.501,37.547,20.997,189.0,190.0,267.0,278.0,1,False,22.5,43.2,53.0,False,0.5,14.0
BEA,Haas F1 Team,45.0,3.0,MEDIUM,28.0,79.057,20.513,37.519,21.025,194.0,193.0,267.0,281.0,1,False,22.5,43.2,53.0,False,0.5,15.0
COL,Alpine,45.0,3.0,MEDIUM,19.0,78.71,20.474,37.271,20.965,190.0,186.0,267.0,280.0,1,False,22.5,43.2,53.0,False,0.5,16.0
BOR,Kick Sauber,45.0,4.0,MEDIUM,10.0,78.458,20.242,37.103,21.113,192.0,188.0,265.0,280.0,1,False,22.5,43.2,53.0,False,0.5,17.0
NOR,McLaren,47.0,2.0,HARD,28.0,74.357,19.352,35.102,19.903,210.0,201.0,259.0,282.0,1,False,22.5,43.2,53.0,False,0.5,1.0
LEC,Ferrari,47.0,2.0,HARD,25.0,74.534,19.397,35.357,19.78,209.0,198.0,258.0,278.0,1,False,22.5,43.2,53.0,False,0.5,2.0
HUL,Kick Sauber,45.0,3.0,SOFT,1.0,79.068,22.798,36.085,20.185,203.0,186.0,256.0,276.0,1,False,22.5,43.2,53.0,False,0.5,18.0
PIA,McLaren,47.0,2.0,HARD,27.0,74.092,19.437,34.965,19.69,210.0,200.0,260.0,281.0,1,False,22.5,43.2,53.0,False,0.5,3.0
VER,Red Bull Racing,47.0,2.0,MEDIUM,19.0,74.859,19.698,35.394,19.767,208.0,196.0,259.0,280.0,1,False,22.5,43.2,53.0,False,0.5,4.0
HAD,Racing Bulls,46.0,3.0,HARD,28.0,79.607,22.021,37.092,20.494,202.0,189.0,256.0,279.0,1,False,22.5,43.2,53.0,False,0.5,6.0
OCO,Haas F1 Team,46.0,3.0,HARD,18.0,77.007,20.133,36.48,20.394,193.0,190.0,268.0,281.0,1,False,22.5,43.2,53.0,False,0.5,7.0
HAM,Ferrari,47.0,2.0,HARD,30.0,75.703,19.797,35.9,20.006,206.0,191.0,258.0,277.0,1,False,22.5,42.4,55.0,False,0.9,5.0
LAW,Racing Bulls,46.0,3.0,HARD,7.0,75.476,19.708,35.676,20.092,207.0,195.0,257.0,275.0,1,True,22.5,42.4,55.0,False,0.9,8.0
SAI,Williams,46.0,1.0,HARD,46.0,76.081,19.736,36.146,20.199,208.0,194.0,256.0,275.0,1,False,22.5,42.4,55.0,False,0.9,9.0
ALB,Williams,46.0,3.0,HARD,6.0,79.332,20.746,37.549,21.037,202.0,184.0,257.0,275.0,1,False,22.5,42.4,55.0,False,0.9,10.0
RUS,Mercedes,46.0,1.0,HARD,46.0,79.289,20.824,37.609,20.856,197.0,187.0,266.0,279.0,1,False,22.5,42.4,55.0,False,0.9,11.0
ANT,Mercedes,46.0,1.0,HARD,46.0,79.265,20.771,37.538,20.956,189.0,184.0,270.0,280.0,1,False,22.5,42.4,55.0,False,0.9,12.0
TSU,Red Bull Racing,46.0,2.0,HARD,45.0,79.246,20.706,37.582,20.958,183.0,188.0,267.0,274.0,1,False,22.5,42.4,55.0,False,0.9,13.0
STR,Aston Martin,46.0,2.0,HARD,30.0,79.02,20.615,37.482,20.923,185.0,186.0,270.0,280.0,1,False,22.5,42.4,55.0,False,0.9,14.0
BEA,Haas F1 Team,46.0,3.0,MEDIUM,29.0,79.294,20.344,37.578,21.372,182.0,191.0,229.0,282.0,1,False,22.5,42.4,55.0,False,0.9,15.0
NOR,McLaren,48.0,2.0,HARD,29.0,75.701,19.519,35.861,20.321,204.0,195.0,265.0,283.0,1,False,22.5,42.4,55.0,False,0.9,1.0
COL,Alpine,46.0,3.0,MEDIUM,20.0,80.19,20.537,37.455,22.198,194.0,186.0,266.0,279.0,1,False,22.5,42.4,55.0,False,0.9,16.0
BOR,Kick Sauber,46.0,4.0,MEDIUM,11.0,79.853,20.453,38.296,21.104,188.0,194.0,267.0,275.0,1,False,22.5,42.4,55.0,False,0.9,17.0
LEC,Ferrari,48.0,2.0,HARD,26.0,74.731,19.359,35.489,19.883,209.0,198.0,261.0,282.0,1,False,22.5,42.4,55.0,False,0.9,2.0
HUL,Kick Sauber,46.0,3.0,SOFT,2.0,75.909,20.095,35.808,20.006,208.0,192.0,258.0,277.0,1,True,22.5,42.4,56.0,False,0.9,18.0
VER,Red Bull Racing,48.0,2.0,MEDIUM,20.0,74.538,19.396,35.389,19.753,206.0,198.0,260.0,280.0,1,False,22.5,42.4,56.0,False,0.9,3.0
HAD,Racing Bulls,47.0,3.0,HARD,29.0,77.129,20.099,36.827,20.203,205.0,191.0,257.0,279.0,1,False,22.5,42.4,56.0,False,0.9,6.0
OCO,Haas F1 Team,47.0,3.0,HARD,19.0,77.341,20.376,36.612,20.353,191.0,191.0,267.0,281.0,1,False,22.5,42.4,56.0,False,0.9,7.0
PIA,McLaren,48.0,2.0,HARD,28.0,91.028,19.507,35.054,36.467,208.0,200.0,,282.0,1,False,22.5,42.4,56.0,False,0.9,4.0
HAM,Ferrari,48.0,2.0,HARD,31.0,75.113,19.552,35.752,19.809,206.0,197.0,259.0,277.0,1,False,22.5,42.4,56.0,False,0.9,5.0
LAW,Racing Bulls,47.0,3.0,HARD,8.0,75.461,19.782,35.669,20.01,212.0,194.0,257.0,275.0,1,True,22.5,42.4,56.0,False,0.9,8.0
SAI,Williams,47.0,1.0,HARD,47.0,75.516,19.69,35.971,19.855,210.0,195.0,256.0,274.0,1,True,22.5,42.4,56.0,False,0.9,9.0
ALB,Williams,47.0,3.0,HARD,7.0,79.173,20.762,37.595,20.816,195.0,185.0,256.0,274.0,1,False,22.5,42.3,56.0,False,1.1,10.0
RUS,Mercedes,47.0,1.0,HARD,47.0,79.959,20.89,37.574,21.495,193.0,186.0,235.0,279.0,1,False,22.5,42.3,56.0,False,1.1,11.0
NOR,McLaren,49.0,2.0,HARD,30.0,76.684,19.777,36.452,20.455,195.0,195.0,268.0,279.0,1,False,22.5,42.3,56.0,False,1.1,1.0
ANT,Mercedes,47.0,1.0,HARD,47.0,80.131,20.815,37.708,21.608,192.0,179.0,269.0,280.0,1,False,22.5,42.3,56.0,False,1.1,12.0
TSU,Red Bull Racing,47.0,2.0,HARD,46.0,80.203,20.676,38.516,21.011,178.0,189.0,266.0,240.0,1,False,22.5,42.3,56.0,False,1.1,13.0
STR,Aston Martin,47.0,2.0,HARD,31.0,80.384,21.282,38.12,20.982,135.0,188.0,271.0,280.0,1,False,22.5,42.3,56.0,False,1.1,14.0
BEA,Haas F1 Team,47.0,3.0,MEDIUM,30.0,80.078,21.138,37.733,21.207,189.0,190.0,270.0,282.0,1,False,22.5,42.3,56.0,False,1.1,15.0
COL,Alpine,47.0,3.0,MEDIUM,21.0,79.889,20.566,37.486,21.837,187.0,184.0,256.0,279.0,1,False,22.5,42.3,56.0,False,1.1,16.0
BOR,Kick Sauber,47.0,4.0,MEDIUM,12.0,80.127,20.664,37.369,22.094,190.0,185.0,267.0,280.0,1,False,22.5,42.3,56.0,False,1.1,17.0
HUL,Kick Sauber,47.0,3.0,SOFT,3.0,75.223,19.847,35.445,19.931,208.0,193.0,258.0,279.0,1,True,22.5,42.3,56.0,False,1.1,18.0
VER,Red Bull Racing,49.0,2.0,MEDIUM,21.0,74.261,19.233,35.294,19.734,210.0,200.0,259.0,280.0,1,False,22.5,42.3,56.0,False,1.1,2.0
LEC,Ferrari,49.0,2.0,HARD,27.0,91.977,19.562,35.663,36.752,202.0,196.0,,284.0,1,False,22.5,42.3,56.0,False,1.1,3.0
HAD,Racing Bulls,48.0,3.0,HARD,30.0,77.451,20.143,36.836,20.472,201.0,191.0,256.0,278.0,1,False,22.5,42.3,56.0,False,1.1,6.0
OCO,Haas F1 Team,48.0,3.0,HARD,20.0,78.068,20.28,36.707,21.081,192.0,181.0,260.0,280.0,1,False,22.5,42.3,56.0,False,1.1,7.0
PIA,McLaren,49.0,3.0,HARD,1.0,78.461,22.763,35.937,19.761,198.0,195.0,261.0,278.0,1,False,22.5,42.3,56.0,False,1.1,4.0
HAM,Ferrari,49.0,2.0,HARD,32.0,75.569,19.765,35.782,20.022,201.0,196.0,258.0,278.0,1,False,22.5,42.3,56.0,False,1.1,5.0
LAW,Racing Bulls,48.0,3.0,HARD,9.0,75.418,19.703,35.667,20.048,209.0,195.0,257.0,275.0,1,True,22.5,42.3,56.0,False,1.1,8.0
SAI,Williams,48.0,1.0,HARD,48.0,92.875,19.72,35.874,37.281,211.0,195.0,,276.0,1,False,22.5,42.2,56.0,False,1.7,9.0
RUS,Mercedes,48.0,1.0,HARD,48.0,77.477,20.963,36.369,20.145,190.0,189.0,259.0,282.0,1,False,22.5,42.2,56.0,False,1.7,10.0
ALB,Williams,48.0,3.0,HARD,8.0,80.193,21.133,38.049,21.011,153.0,175.0,256.0,277.0,1,False,22.5,42.2,56.0,False,1.7,11.0
ANT,Mercedes,48.0,1.0,HARD,48.0,78.844,20.868,37.126,20.85,193.0,185.0,260.0,283.0,1,False,22.5,42.2,56.0,False,1.7,12.0
TSU,Red Bull Racing,48.0,2.0,HARD,47.0,78.979,20.724,37.437,20.818,181.0,184.0,259.0,281.0,1,False,22.5,42.2,56.0,False,1.7,13.0
STR,Aston Martin,48.0,2.0,HARD,32.0,78.618,20.584,37.342,20.692,185.0,187.0,269.0,283.0,1,False,22.5,42.2,56.0,False,1.7,14.0
BEA,Haas F1 Team,48.0,3.0,MEDIUM,31.0,78.965,20.266,37.652,21.047,193.0,189.0,265.0,282.0,1,False,22.5,42.2,56.0,False,1.7,15.0
COL,Alpine,48.0,3.0,MEDIUM,22.0,78.24,20.033,37.186,21.021,194.0,187.0,266.0,279.0,1,False,22.5,42.2,56.0,False,1.7,16.0
BOR,Kick Sauber,48.0,4.0,MEDIUM,13.0,78.016,20.193,36.798,21.025,193.0,185.0,266.0,281.0,1,False,22.5,42.2,56.0,False,1.7,17.0
HUL,Kick Sauber,48.0,3.0,SOFT,4.0,76.246,19.803,35.795,20.648,205.0,188.0,257.0,279.0,1,False,22.5,42.2,56.0,False,1.7,18.0
VER,Red Bull Racing,50.0,2.0,MEDIUM,22.0,74.426,19.4,35.341,19.685,209.0,201.0,259.0,282.0,1,False,22.5,42.2,56.0,False,1.7,1.0
NOR,McLaren,50.0,2.0,HARD,31.0,90.893,19.674,35.075,36.144,205.0,203.0,,275.0,1,False,22.5,42.2,56.0,False,1.7,2.0
LEC,Ferrari,50.0,3.0,MEDIUM,4.0,77.1,22.255,35.258,19.587,198.0,199.0,258.0,275.0,1,False,22.5,42.2,56.0,False,1.7,3.0
HAD,Racing Bulls,49.0,3.0,HARD,31.0,78.076,20.707,36.956,20.413,198.0,191.0,256.0,280.0,1,False,22.5,42.2,56.0,False,1.7,6.0
OCO,Haas F1 Team,49.0,3.0,HARD,21.0,78.235,20.418,36.994,20.823,187.0,188.0,259.0,280.0,1,False,22.5,42.2,56.0,False,1.7,7.0
PIA,McLaren,50.0,3.0,HARD,2.0,74.121,19.6,35.031,19.49,208.0,199.0,261.0,281.0,1,False,22.5,42.2,56.0,False,1.7,4.0
HAM,Ferrari,50.0,2.0,HARD,33.0,75.694,19.834,35.879,19.981,202.0,195.0,258.0,277.0,1,False,22.5,42.2,56.0,False,1.7,5.0
LAW,Racing Bulls,49.0,3.0,HARD,10.0,75.567,19.721,35.776,20.07,209.0,194.0,256.0,275.0,1,False,22.6,42.2,55.0,False,1.1,8.0
SAI,Williams,49.0,2.0,MEDIUM,1.0,78.962,22.449,36.265,20.248,200.0,191.0,255.0,271.0,1,False,22.6,42.2,55.0,False,1.1,9.0
RUS,Mercedes,49.0,1.0,HARD,49.0,77.379,20.306,36.608,20.465,193.0,190.0,261.0,280.0,1,False,22.6,42.2,55.0,False,1.1,10.0
ALB,Williams,49.0,3.0,HARD,9.0,78.234,20.281,37.284,20.669,192.0,186.0,258.0,276.0,1,False,22.6,42.2,55.0,False,1.1,11.0
ANT,Mercedes,49.0,1.0,HARD,49.0,78.328,20.305,37.143,20.88,192.0,182.0,261.0,281.0,1,False,22.6,42.2,55.0,False,1.1,12.0
TSU,Red Bull Racing,49.0,2.0,HARD,48.0,77.998,20.189,36.962,20.847,192.0,185.0,260.0,277.0,1,False,22.6,42.2,55.0,False,1.1,13.0
STR,Aston Martin,49.0,2.0,HARD,33.0,78.251,20.708,36.868,20.675,190.0,173.0,267.0,281.0,1,False,22.6,42.2,55.0,False,1.1,14.0
BEA,Haas F1 Team,49.0,3.0,MEDIUM,32.0,77.921,20.315,36.641,20.965,193.0,190.0,267.0,281.0,1,False,22.6,42.2,55.0,False,1.1,15.0
COL,Alpine,49.0,3.0,MEDIUM,23.0,78.159,20.421,37.07,20.668,193.0,192.0,259.0,280.0,1,False,22.6,42.2,55.0,False,1.1,16.0
BOR,Kick Sauber,49.0,4.0,MEDIUM,14.0,78.411,20.471,37.191,20.749,191.0,189.0,258.0,280.0,1,False,22.6,42.2,55.0,False,1.1,17.0
VER,Red Bull Racing,51.0,2.0,MEDIUM,23.0,75.165,19.475,35.782,19.908,208.0,197.0,259.0,282.0,1,False,22.6,42.2,55.0,False,1.1,1.0
HUL,Kick Sauber,49.0,3.0,SOFT,5.0,78.676,20.245,38.125,20.306,203.0,192.0,257.0,281.0,1,False,22.6,42.2,55.0,False,1.1,18.0
NOR,McLaren,51.0,3.0,HARD,1.0,78.237,22.407,35.76,20.07,205.0,197.0,260.0,281.0,1,False,22.6,42.2,55.0,False,1.1,2.0
LEC,Ferrari,51.0,3.0,MEDIUM,5.0,74.368,19.521,35.29,19.557,207.0,199.0,259.0,279.0,1,False,22.6,42.2,55.0,False,1.1,3.0
HAD,Racing Bulls,50.0,3.0,HARD,32.0,77.235,20.268,36.653,20.314,203.0,192.0,256.0,281.0,1,False,22.5,42.2,55.0,False,0.9,6.0
OCO,Haas F1 Team,50.0,3.0,HARD,22.0,77.902,20.286,36.528,21.088,185.0,193.0,188.0,283.0,1,False,22.5,42.2,55.0,False,0.9,7.0
PIA,McLaren,51.0,3.0,HARD,3.0,74.713,19.553,35.417,19.743,204.0,196.0,262.0,283.0,1,False,22.5,42.2,55.0,False,0.9,4.0
HAM,Ferrari,51.0,2.0,HARD,34.0,75.559,19.808,35.739,20.012,198.0,196.0,259.0,278.0,1,False,22.5,42.2,55.0,False,0.9,5.0
LAW,Racing Bulls,50.0,3.0,HARD,11.0,75.479,19.727,35.7,20.052,210.0,195.0,256.0,276.0,1,False,22.5,42.2,55.0,False,0.9,8.0
SAI,Williams,50.0,2.0,MEDIUM,2.0,75.287,19.754,35.616,19.917,205.0,194.0,255.0,272.0,1,True,22.5,42.2,55.0,False,0.9,9.0
RUS,Mercedes,50.0,1.0,HARD,50.0,75.966,19.888,35.934,20.144,201.0,194.0,259.0,280.0,1,True,22.5,42.2,55.0,False,0.9,10.0
ALB,Williams,50.0,3.0,HARD,10.0,79.166,20.683,37.742,20.741,192.0,182.0,257.0,276.0,1,False,22.4,42.1,55.0,False,0.8,11.0
ANT,Mercedes,50.0,1.0,HARD,50.0,79.093,20.512,37.647,20.934,199.0,181.0,260.0,282.0,1,False,22.4,42.1,55.0,False,0.8,12.0
TSU,Red Bull Racing,50.0,2.0,HARD,49.0,79.205,20.616,37.502,21.087,186.0,181.0,263.0,276.0,1,False,22.4,42.1,55.0,False,0.8,13.0
STR,Aston Martin,50.0,2.0,HARD,34.0,79.001,20.586,37.524,20.891,191.0,189.0,269.0,282.0,1,False,22.4,42.1,55.0,False,0.8,14.0
BEA,Haas F1 Team,50.0,3.0,MEDIUM,33.0,79.103,20.512,37.39,21.201,194.0,190.0,262.0,281.0,1,False,22.4,42.1,55.0,False,0.8,15.0
VER,Red Bull Racing,52.0,2.0,MEDIUM,24.0,76.328,19.804,36.13,20.394,205.0,195.0,266.0,282.0,1,False,22.4,42.1,55.0,False,0.8,1.0
COL,Alpine,50.0,3.0,MEDIUM,24.0,79.965,20.398,37.535,22.032,191.0,189.0,259.0,278.0,1,False,22.4,42.1,55.0,False,0.8,16.0
BOR,Kick Sauber,50.0,4.0,MEDIUM,15.0,79.679,20.266,38.417,20.996,192.0,189.0,266.0,276.0,1,False,22.4,42.1,55.0,False,0.8,17.0
HUL,Kick Sauber,50.0,3.0,SOFT,6.0,76.425,19.973,36.019,20.433,208.0,193.0,268.0,281.0,1,False,22.4,42.1,55.0,False,0.8,18.0
NOR,McLaren,52.0,3.0,HARD,2.0,75.039,19.648,35.496,19.895,204.0,198.0,260.0,283.0,1,False,22.4,42.1,55.0,False,0.8,2.0
LEC,Ferrari,52.0,3.0,MEDIUM,6.0,74.421,19.356,35.143,19.922,209.0,196.0,259.0,282.0,1,False,22.4,42.1,55.0,False,0.8,3.0
PIA,McLaren,52.0,3.0,HARD,4.0,74.087,19.495,35.077,19.515,211.0,201.0,261.0,284.0,1,False,22.4,42.1,55.0,False,0.8,4.0
HAD,Racing Bulls,51.0,3.0,HARD,33.0,78.932,20.291,38.016,20.625,203.0,184.0,258.0,280.0,1,False,22.4,42.1,55.0,False,0.8,6.0
OCO,Haas F1 Team,51.0,3.0,HARD,23.0,78.424,21.578,36.361,20.485,186.0,191.0,260.0,282.0,1,False,22.4,42.1,55.0,False,0.8,7.0
HAM,Ferrari,52.0,2.0,HARD,35.0,75.494,19.599,35.827,20.068,202.0,197.0,258.0,279.0,1,False,22.4,42.1,55.0,False,0.8,5.0
LAW,Racing Bulls,51.0,3.0,HARD,12.0,75.399,19.658,35.669,20.072,210.0,195.0,257.0,276.0,1,True,22.4,42.1,55.0,False,0.8,8.0
SAI,Williams,51.0,2.0,MEDIUM,3.0,74.496,19.494,35.417,19.585,209.0,194.0,257.0,273.0,1,True,22.5,42.2,55.0,False,0.8,9.0
RUS,Mercedes,51.0,1.0,HARD,51.0,76.095,19.789,36.077,20.229,203.0,191.0,260.0,279.0,1,False,22.5,42.2,55.0,False,0.8,10.0
ALB,Williams,51.0,3.0,HARD,11.0,79.828,20.371,38.125,21.332,193.0,176.0,257.0,275.0,1,False,22.5,42.2,55.0,False,0.8,11.0
ANT,Mercedes,51.0,1.0,HARD,51.0,80.341,20.229,37.04,23.072,189.0,187.0,219.0,280.0,1,False,22.5,42.2,55.0,False,0.8,12.0
VER,Red Bull Racing,53.0,2.0,MEDIUM,25.0,77.547,19.853,37.06,20.634,199.0,186.0,266.0,281.0,1,False,22.5,42.2,55.0,False,0.8,1.0
TSU,Red Bull Racing,51.0,2.0,HARD,50.0,80.267,20.423,37.604,22.24,191.0,178.0,267.0,279.0,1,False,22.5,42.2,55.0,False,0.8,13.0
STR,Aston Martin,51.0,2.0,HARD,35.0,80.289,20.504,38.746,21.039,197.0,186.0,271.0,249.0,1,False,22.5,42.2,55.0,False,0.8,14.0
NOR,McLaren,53.0,3.0,HARD,3.0,75.848,19.664,35.818,20.366,205.0,193.0,270.0,284.0,1,False,22.5,42.2,55.0,False,0.8,2.0
BEA,Haas F1 Team,51.0,3.0,MEDIUM,34.0,82.205,21.839,37.78,22.586,199.0,189.0,262.0,281.0,1,False,22.5,42.2,55.0,False,0.8,15.0
COL,Alpine,51.0,3.0,MEDIUM,25.0,80.722,20.48,37.985,22.257,184.0,178.0,259.0,281.0,1,False,22.5,42.2,55.0,False,0.8,16.0
BOR,Kick Sauber,51.0,4.0,MEDIUM,16.0,80.698,20.568,38.615,21.515,189.0,186.0,231.0,280.0,1,False,22.5,42.2,55.0,False,0.8,17.0
LEC,Ferrari,53.0,3.0,MEDIUM,7.0,75.407,19.479,35.548,20.38,204.0,194.0,269.0,282.0,1,False,22.5,42.2,55.0,False,0.8,3.0
HUL,Kick Sauber,51.0,3.0,SOFT,7.0,81.177,20.784,38.477,21.916,196.0,182.0,268.0,272.0,1,False,22.5,42.2,55.0,False,0.8,18.0
PIA,McLaren,53.0,3.0,HARD,5.0,74.004,19.488,34.923,19.593,205.0,201.0,261.0,283.0,1,False,22.5,42.2,55.0,False,0.8,4.0
HAD,Racing Bulls,52.0,3.0,HARD,34.0,77.718,20.522,36.849,20.347,204.0,190.0,257.0,280.0,1,False,22.5,42.2,55.0,False,0.8,6.0
OCO,Haas F1 Team,52.0,3.0,HARD,24.0,77.45,20.285,36.589,20.576,190.0,189.0,259.0,281.0,1,False,22.5,42.2,55.0,False,0.8,7.0
HAM,Ferrari,53.0,2.0,HARD,36.0,76.185,19.757,36.216,20.212,200.0,194.0,260.0,280.0,1,False,22.5,42.2,55.0,False,0.8,5.0
LAW,Racing Bulls,52.0,3.0,HARD,13.0,75.377,19.641,35.684,20.052,210.0,196.0,257.0,276.0,1,True,22.4,42.2,54.0,False,1.0,8.0
SAI,Williams,52.0,2.0,MEDIUM,4.0,74.634,19.389,35.443,19.802,214.0,195.0,256.0,274.0,1,False,22.4,42.2,54.0,False,1.0,9.0
RUS,Mercedes,52.0,1.0,HARD,52.0,76.023,19.699,36.159,20.165,204.0,194.0,258.0,278.0,1,False,22.4,42.2,54.0,False,1.0,10.0
VER,Red Bull Racing,54.0,2.0,MEDIUM,26.0,75.872,19.944,36.007,19.921,204.0,197.0,257.0,275.0,1,False,22.4,42.2,54.0,False,1.0,1.0
NOR,McLaren,54.0,3.0,HARD,4.0,76.308,19.85,36.381,20.077,196.0,199.0,259.0,282.0,1,False,22.4,42.2,54.0,False,1.0,2.0
ALB,Williams,52.0,3.0,HARD,12.0,80.13,21.241,37.434,21.455,130.0,187.0,214.0,276.0,1,False,22.4,42.2,54.0,False,1.0,11.0
LEC,Ferrari,54.0,3.0,MEDIUM,8.0,77.108,19.712,37.217,20.179,202.0,193.0,265.0,286.0,1,False,22.4,42.2,54.0,False,1.0,3.0
ANT,Mercedes,52.0,1.0,HARD,52.0,81.962,20.907,38.99,22.065,189.0,177.0,237.0,274.0,1,False,22.4,42.2,54.0,False,1.0,12.0
TSU,Red Bull Racing,52.0,2.0,HARD,51.0,81.891,20.923,38.889,22.079,184.0,176.0,267.0,280.0,1,False,22.4,42.2,54.0,False,1.0,13.0
STR,Aston Martin,52.0,2.0,HARD,36.0,82.255,21.675,39.791,20.789,145.0,189.0,263.0,279.0,1,False,22.4,42.2,54.0,False,1.0,14.0
BEA,Haas F1 Team,52.0,3.0,MEDIUM,35.0,79.988,20.695,38.518,20.775,108.0,188.0,272.0,283.0,1,False,22.4,42.2,54.0,False,1.0,15.0
COL,Alpine,52.0,3.0,MEDIUM,26.0,80.423,21.726,37.785,20.912,176.0,185.0,267.0,281.0,1,False,22.4,42.2,54.0,False,1.0,16.0
BOR,Kick Sauber,52.0,4.0,MEDIUM,17.0,80.809,21.533,37.901,21.375,173.0,187.0,258.0,282.0,1,False,22.4,42.2,54.0,False,1.0,17.0
HUL,Kick Sauber,52.0,3.0,SOFT,8.0,80.376,20.922,38.242,21.212,190.0,186.0,267.0,284.0,1,False,22.4,42.2,54.0,False,1.0,18.0
PIA,McLaren,54.0,3.0,HARD,6.0,74.703,19.494,35.193,20.016,207.0,196.0,265.0,286.0,1,False,22.4,42.2,54.0,False,1.0,4.0
HAD,Racing Bulls,53.0,3.0,HARD,35.0,77.42,20.171,36.782,20.467,207.0,192.0,257.0,280.0,1,False,22.4,42.2,54.0,False,1.0,6.0
HAM,Ferrari,54.0,2.0,HARD,37.0,76.217,19.791,36.234,20.192,201.0,193.0,259.0,279.0,1,False,22.5,42.2,54.0,False,1.1,5.0
OCO,Haas F1 Team,53.0,3.0,HARD,25.0,79.133,20.263,38.469,20.401,183.0,189.0,260.0,270.0,1,False,22.5,42.2,54.0,False,1.1,7.0
LAW,Racing Bulls,53.0,3.0,HARD,14.0,75.356,19.614,35.723,20.019,210.0,195.0,257.0,276.0,1,True,22.5,42.2,54.0,False,1.1,8.0
VER,Red Bull Racing,55.0,2.0,MEDIUM,27.0,75.62,19.683,36.003,19.934,209.0,197.0,256.0,274.0,1,False,22.5,42.2,54.0,False,1.1,1.0
SAI,Williams,53.0,2.0,MEDIUM,5.0,91.446,19.485,35.348,36.613,212.0,187.0,,274.0,1,False,22.5,42.2,54.0,False,1.1,9.0
RUS,Mercedes,53.0,1.0,HARD,53.0,87.933,19.74,35.962,32.231,203.0,194.0,,278.0,1,False,22.5,42.2,54.0,False,1.1,10.0
NOR,McLaren,55.0,3.0,HARD,5.0,74.993,19.387,35.797,19.809,204.0,199.0,257.0,276.0,1,False,22.5,42.2,54.0,False,1.1,2.0
LEC,Ferrari,55.0,3.0,MEDIUM,9.0,74.497,19.395,35.412,19.69,209.0,198.0,258.0,277.0,1,False,22.5,42.2,54.0,False,1.1,3.0
ALB,Williams,53.0,3.0,HARD,13.0,79.403,20.534,38.232,20.637,203.0,184.0,256.0,243.0,1,False,22.5,42.9,53.0,False,0.7,11.0
ANT,Mercedes,53.0,1.0,HARD,53.0,79.263,20.832,37.707,20.724,197.0,169.0,260.0,278.0,1,False,22.5,42.9,53.0,False,0.7,12.0
TSU,Red Bull Racing,53.0,2.0,HARD,52.0,79.395,20.861,37.35,21.184,187.0,178.0,265.0,278.0,1,False,22.5,42.9,53.0,False,0.7,13.0
STR,Aston Martin,53.0,2.0,HARD,37.0,78.963,20.651,37.193,21.119,195.0,187.0,271.0,283.0,1,False,22.5,42.9,53.0,False,0.7,14.0
PIA,McLaren,55.0,3.0,HARD,7.0,76.244,19.588,36.149,20.507,203.0,195.0,273.0,287.0,1,False,22.5,42.9,53.0,False,0.7,4.0
BEA,Haas F1 Team,53.0,3.0,MEDIUM,36.0,80.306,20.616,37.214,22.476,190.0,190.0,269.0,282.0,1,False,22.5,42.9,53.0,False,0.7,15.0
COL,Alpine,53.0,3.0,MEDIUM,27.0,80.255,20.508,38.835,20.912,184.0,188.0,260.0,219.0,1,False,22.5,42.9,53.0,False,0.7,16.0
BOR,Kick Sauber,53.0,4.0,MEDIUM,18.0,79.965,20.329,38.673,20.963,187.0,188.0,266.0,282.0,1,False,22.5,42.9,53.0,False,0.7,17.0
HUL,Kick Sauber,53.0,3.0,SOFT,9.0,79.628,22.092,36.792,20.744,198.0,188.0,270.0,283.0,1,False,22.5,42.9,53.0,False,0.7,18.0
HAM,Ferrari,55.0,2.0,HARD,38.0,76.657,19.882,36.482,20.293,202.0,193.0,258.0,282.0,1,False,22.5,42.9,53.0,False,0.7,5.0
HAD,Racing Bulls,54.0,3.0,HARD,36.0,79.723,20.266,38.82,20.637,203.0,184.0,266.0,281.0,1,False,22.5,42.9,53.0,False,0.7,6.0
OCO,Haas F1 Team,54.0,3.0,HARD,26.0,77.744,20.137,36.643,20.964,188.0,186.0,260.0,283.0,1,False,22.5,42.9,53.0,False,0.7,7.0
LAW,Racing Bulls,54.0,3.0,HARD,15.0,75.321,19.595,35.608,20.118,213.0,193.0,257.0,277.0,1,True,22.5,42.9,53.0,False,0.7,8.0
VER,Red Bull Racing,56.0,2.0,MEDIUM,28.0,75.33,19.636,35.81,19.884,206.0,199.0,256.0,273.0,1,False,22.6,42.9,53.0,False,0.7,1.0
NOR,McLaren,56.0,3.0,HARD,6.0,74.821,19.646,35.539,19.636,207.0,201.0,258.0,276.0,1,False,22.6,42.9,53.0,False,0.7,2.0
LEC,Ferrari,56.0,3.0,MEDIUM,10.0,74.342,19.516,35.049,19.777,209.0,200.0,258.0,277.0,1,False,22.6,42.9,53.0,False,0.7,3.0
SAI,Williams,54.0,3.0,MEDIUM,9.0,80.701,23.543,37.078,20.08,127.0,190.0,257.0,277.0,1,False,22.6,42.9,53.0,False,0.7,9.0
RUS,Mercedes,54.0,2.0,MEDIUM,1.0,80.782,23.611,36.74,20.431,195.0,192.0,261.0,282.0,1,False,22.6,42.9,53.0,False,0.7,10.0
ALB,Williams,54.0,3.0,HARD,14.0,77.389,20.284,36.77,20.335,196.0,188.0,257.0,278.0,1,False,22.6,42.9,53.0,False,0.7,11.0
PIA,McLaren,56.0,3.0,HARD,8.0,75.113,19.647,35.685,19.781,206.0,200.0,259.0,282.0,1,False,22.6,42.9,53.0,False,0.7,4.0
ANT,Mercedes,54.0,1.0,HARD,54.0,79.603,20.688,38.191,20.724,179.0,172.0,258.0,278.0,1,False,22.6,42.9,53.0,False,0.7,12.0
TSU,Red Bull Racing,54.0,2.0,HARD,53.0,79.566,20.993,37.495,21.078,143.0,179.0,266.0,282.0,1,False,22.6,42.9,53.0,False,0.7,13.0
STR,Aston Martin,54.0,2.0,HARD,38.0,79.793,21.43,37.317,21.046,186.0,188.0,269.0,284.0,1,False,22.6,42.9,53.0,False,0.7,14.0
BEA,Haas F1 Team,54.0,3.0,MEDIUM,37.0,78.82,20.245,37.524,21.051,199.0,157.0,263.0,284.0,1,False,22.6,42.9,53.0,False,0.7,15.0
COL,Alpine,54.0,3.0,MEDIUM,28.0,78.71,20.523,37.008,21.179,184.0,185.0,266.0,283.0,1,False,22.6,42.9,53.0,False,0.7,16.0
BOR,Kick Sauber,54.0,4.0,MEDIUM,19.0,78.704,20.513,37.061,21.13,187.0,190.0,266.0,281.0,1,False,22.6,42.9,53.0,False,0.7,17.0
HUL,Kick Sauber,54.0,3.0,SOFT,10.0,78.841,20.644,37.121,21.076,199.0,188.0,267.0,283.0,1,False,22.6,42.9,53.0,False,0.7,18.0
HAD,Racing Bulls,55.0,3.0,HARD,37.0,77.863,20.214,37.227,20.422,203.0,187.0,256.0,283.0,1,False,22.6,42.9,53.0,False,0.7,6.0
OCO,Haas F1 Team,55.0,3.0,HARD,27.0,78.492,20.727,36.891,20.874,189.0,183.0,259.0,283.0,1,False,22.6,42.9,53.0,False,0.7,7.0
LAW,Racing Bulls,55.0,3.0,HARD,16.0,75.597,19.775,35.737,20.085,212.0,194.0,258.0,278.0,1,False,22.6,42.9,53.0,False,0.7,8.0
HAM,Ferrari,56.0,2.0,HARD,39.0,93.566,19.953,36.254,37.359,200.0,192.0,,282.0,1,False,22.6,42.9,53.0,False,0.7,5.0
VER,Red Bull Racing,57.0,2.0,MEDIUM,29.0,75.418,19.747,35.825,19.846,210.0,200.0,257.0,273.0,1,False,22.6,43.9,53.0,False,1.3,1.0
NOR,McLaren,57.0,3.0,HARD,7.0,74.676,19.504,35.314,19.858,205.0,199.0,260.0,277.0,1,False,22.6,43.9,53.0,False,1.3,2.0
LEC,Ferrari,57.0,3.0,MEDIUM,11.0,74.442,19.432,35.253,19.757,206.0,197.0,259.0,275.0,1,False,22.6,43.9,53.0,False,1.3,3.0
SAI,Williams,55.0,3.0,MEDIUM,10.0,75.399,19.756,35.618,20.025,210.0,190.0,258.0,277.0,1,False,22.6,43.9,53.0,False,1.3,9.0
RUS,Mercedes,55.0,2.0,MEDIUM,2.0,76.455,19.952,36.278,20.225,204.0,192.0,259.0,280.0,1,False,22.6,43.9,53.0,False,1.3,10.0
ALB,Williams,55.0,3.0,HARD,15.0,77.086,19.954,36.167,20.965,203.0,188.0,195.0,278.0,1,False,22.6,43.9,53.0,False,1.3,11.0
PIA,McLaren,57.0,3.0,HARD,9.0,74.81,19.566,35.21,20.034,207.0,198.0,262.0,283.0,1,False,22.6,43.9,53.0,False,1.3,4.0
ANT,Mercedes,55.0,1.0,HARD,55.0,78.966,20.677,37.527,20.762,192.0,177.0,257.0,274.0,1,False,22.6,43.9,53.0,False,1.3,12.0
TSU,Red Bull Racing,55.0,2.0,HARD,54.0,78.811,20.522,37.29,20.999,194.0,177.0,268.0,282.0,1,False,22.6,43.9,53.0,False,1.3,13.0
STR,Aston Martin,55.0,2.0,HARD,39.0,78.805,20.538,37.249,21.018,196.0,185.0,270.0,283.0,1,False,22.6,43.9,53.0,False,1.3,14.0
BEA,Haas F1 Team,55.0,3.0,MEDIUM,38.0,78.659,20.735,36.824,21.1,205.0,191.0,270.0,283.0,1,False,22.6,43.9,53.0,False,1.3,15.0
COL,Alpine,55.0,3.0,MEDIUM,29.0,78.692,20.798,37.034,20.86,193.0,193.0,266.0,282.0,1,False,22.6,43.9,53.0,False,1.3,16.0
BOR,Kick Sauber,55.0,4.0,MEDIUM,20.0,78.823,20.735,37.06,21.028,185.0,191.0,267.0,282.0,1,False,22.6,43.9,53.0,False,1.3,17.0
HUL,Kick Sauber,55.0,3.0,SOFT,11.0,79.155,20.854,37.045,21.256,198.0,187.0,268.0,283.0,1,False,22.6,43.9,53.0,False,1.3,18.0
HAD,Racing Bulls,56.0,3.0,HARD,38.0,77.484,20.294,36.755,20.435,203.0,187.0,258.0,281.0,1,False,22.6,43.9,53.0,False,1.3,6.0
OCO,Haas F1 Team,56.0,3.0,HARD,28.0,77.541,20.291,36.624,20.626,188.0,187.0,260.0,282.0,1,False,22.6,43.9,53.0,False,1.3,7.0
LAW,Racing Bulls,56.0,3.0,HARD,17.0,76.96,20.045,36.329,20.586,202.0,190.0,257.0,278.0,1,False,22.7,43.9,51.0,False,0.8,8.0
HAM,Ferrari,57.0,3.0,MEDIUM,4.0,81.468,23.19,37.238,21.04,179.0,187.0,256.0,271.0,1,False,22.7,43.9,51.0,False,0.8,5.0
VER,Red Bull Racing,58.0,2.0,MEDIUM,30.0,75.247,19.544,35.89,19.813,208.0,199.0,258.0,274.0,1,False,22.7,43.9,51.0,False,0.8,1.0
NOR,McLaren,58.0,3.0,HARD,8.0,75.159,19.635,35.533,19.991,203.0,202.0,261.0,278.0,1,False,22.7,43.9,51.0,False,0.8,2.0
LEC,Ferrari,58.0,3.0,MEDIUM,12.0,74.566,19.382,35.37,19.814,202.0,199.0,260.0,278.0,1,False,22.7,43.9,51.0,False,0.8,3.0
SAI,Williams,56.0,3.0,MEDIUM,11.0,74.596,19.482,35.434,19.68,213.0,192.0,258.0,277.0,1,False,22.7,43.9,51.0,False,0.8,9.0
PIA,McLaren,58.0,3.0,HARD,10.0,74.83,19.43,35.583,19.817,210.0,192.0,261.0,282.0,1,False,22.7,43.9,51.0,False,0.8,4.0
RUS,Mercedes,56.0,2.0,MEDIUM,3.0,78.479,19.942,37.947,20.59,204.0,181.0,268.0,280.0,1,False,22.7,43.9,51.0,False,0.8,10.0
ALB,Williams,56.0,3.0,HARD,16.0,79.159,20.769,37.237,21.153,203.0,183.0,257.0,278.0,1,False,22.7,43.9,51.0,False,0.8,11.0
ANT,Mercedes,56.0,1.0,HARD,56.0,78.296,20.473,37.243,20.58,207.0,179.0,258.0,278.0,1,False,22.8,43.9,50.0,False,1.1,12.0
TSU,Red Bull Racing,56.0,2.0,HARD,55.0,78.408,20.499,37.026,20.883,196.0,185.0,266.0,281.0,1,False,22.8,43.9,50.0,False,1.1,13.0
STR,Aston Martin,56.0,2.0,HARD,40.0,78.365,20.513,36.976,20.876,198.0,186.0,270.0,283.0,1,False,22.8,43.9,50.0,False,1.1,14.0
BEA,Haas F1 Team,56.0,3.0,MEDIUM,39.0,78.306,20.347,37.121,20.838,194.0,191.0,270.0,282.0,1,False,22.8,43.9,50.0,False,1.1,15.0
COL,Alpine,56.0,3.0,MEDIUM,30.0,78.489,20.514,37.121,20.854,194.0,191.0,267.0,281.0,1,False,22.8,43.9,50.0,False,1.1,16.0
BOR,Kick Sauber,56.0,4.0,MEDIUM,21.0,78.451,20.455,37.056,20.94,189.0,190.0,266.0,281.0,1,False,22.8,43.9,50.0,False,1.1,17.0
HUL,Kick Sauber,56.0,3.0,SOFT,12.0,77.976,20.379,37.013,20.584,202.0,188.0,272.0,284.0,1,False,22.8,43.9,50.0,False,1.1,18.0
HAD,Racing Bulls,57.0,3.0,HARD,39.0,77.268,20.225,36.603,20.44,202.0,191.0,257.0,282.0,1,False,22.8,43.9,50.0,False,1.1,6.0
OCO,Haas F1 Team,57.0,3.0,HARD,29.0,77.871,20.587,36.501,20.783,184.0,190.0,258.0,282.0,1,False,22.8,43.9,50.0,False,1.1,7.0
LAW,Racing Bulls,57.0,3.0,HARD,18.0,76.583,19.978,36.27,20.335,206.0,189.0,257.0,279.0,1,False,22.8,43.9,50.0,False,1.1,8.0
HAM,Ferrari,58.0,3.0,MEDIUM,5.0,78.349,20.878,36.85,20.621,185.0,190.0,256.0,273.0,1,False,22.8,43.9,50.0,False,1.1,5.0
VER,Red Bull Racing,59.0,2.0,MEDIUM,31.0,75.35,19.588,35.921,19.841,208.0,199.0,258.0,274.0,1,False,22.8,43.9,50.0,False,1.1,1.0
NOR,McLaren,59.0,3.0,HARD,9.0,75.107,19.534,35.685,19.888,204.0,197.0,261.0,278.0,1,False,22.8,43.9,50.0,False,1.1,2.0
LEC,Ferrari,59.0,3.0,MEDIUM,13.0,74.707,19.482,35.396,19.829,205.0,195.0,267.0,276.0,1,False,22.8,43.9,50.0,False,1.1,3.0
SAI,Williams,57.0,3.0,MEDIUM,12.0,75.024,19.492,35.554,19.978,214.0,192.0,258.0,278.0,1,False,22.6,42.2,52.0,False,1.0,9.0
PIA,McLaren,59.0,3.0,HARD,11.0,73.916,19.441,34.975,19.5,210.0,201.0,261.0,280.0,1,False,22.6,42.2,52.0,False,1.0,4.0
RUS,Mercedes,57.0,2.0,MEDIUM,4.0,76.715,20.095,36.321,20.299,199.0,192.0,259.0,281.0,1,False,22.6,42.2,52.0,False,1.0,10.0
ALB,Williams,57.0,3.0,HARD,17.0,76.136,20.201,35.774,20.161,202.0,192.0,257.0,278.0,1,False,22.6,42.2,52.0,False,1.0,11.0
ANT,Mercedes,57.0,1.0,HARD,57.0,78.511,20.627,37.248,20.636,198.0,179.0,258.0,278.0,1,False,22.6,42.2,52.0,False,1.0,12.0
TSU,Red Bull Racing,57.0,2.0,HARD,56.0,78.497,20.449,37.102,20.946,193.0,184.0,266.0,281.0,1,False,22.6,42.2,52.0,False,1.0,13.0
STR,Aston Martin,57.0,2.0,HARD,41.0,78.494,20.624,36.94,20.93,193.0,189.0,270.0,283.0,1,False,22.6,42.2,52.0,False,1.0,14.0
BEA,Haas F1 Team,57.0,3.0,MEDIUM,40.0,78.584,20.475,37.088,21.021,192.0,192.0,270.0,283.0,1,False,22.6,42.2,52.0,False,1.0,15.0
COL,Alpine,57.0,3.0,MEDIUM,31.0,78.426,20.291,37.248,20.887,195.0,188.0,268.0,282.0,1,False,22.6,42.2,52.0,False,1.0,16.0
BOR,Kick Sauber,57.0,4.0,MEDIUM,22.0,78.438,20.193,37.269,20.976,190.0,191.0,268.0,281.0,1,False,22.6,42.2,52.0,False,1.0,17.0
HUL,Kick Sauber,57.0,3.0,SOFT,13.0,78.661,20.495,37.364,20.802,203.0,187.0,269.0,282.0,1,False,22.6,42.2,52.0,False,1.0,18.0
HAD,Racing Bulls,58.0,3.0,HARD,40.0,76.984,20.097,36.611,20.276,207.0,190.0,258.0,282.0,1,False,22.6,42.2,52.0,False,1.0,6.0
OCO,Haas F1 Team,58.0,3.0,HARD,30.0,77.184,20.496,36.266,20.422,190.0,191.0,261.0,283.0,1,False,22.6,42.2,52.0,False,1.0,7.0
LAW,Racing Bulls,58.0,3.0,HARD,19.0,77.684,20.181,36.889,20.614,197.0,190.0,257.0,276.0,1,False,22.6,42.2,52.0,False,1.0,8.0
HAM,Ferrari,59.0,3.0,MEDIUM,6.0,76.686,20.387,36.289,20.01,193.0,194.0,258.0,277.0,1,False,22.6,42.2,52.0,False,1.0,5.0
VER,Red Bull Racing,60.0,2.0,MEDIUM,32.0,75.088,19.61,35.657,19.821,208.0,200.0,258.0,275.0,1,False,22.5,42.2,52.0,False,0.6,1.0
NOR,McLaren,60.0,3.0,HARD,10.0,75.584,19.631,35.807,20.146,202.0,195.0,259.0,278.0,1,False,22.5,42.2,52.0,False,0.6,2.0
LEC,Ferrari,60.0,3.0,MEDIUM,14.0,75.441,19.586,35.761,20.094,201.0,195.0,268.0,279.0,1,False,22.5,42.2,52.0,False,0.6,3.0
SAI,Williams,58.0,3.0,MEDIUM,13.0,76.214,19.645,36.13,20.439,205.0,188.0,256.0,276.0,1,False,22.5,42.2,52.0,False,0.6,9.0
PIA,McLaren,60.0,3.0,HARD,12.0,73.745,19.388,34.787,19.57,207.0,199.0,262.0,282.0,1,True,22.5,42.2,52.0,False,0.6,4.0
RUS,Mercedes,58.0,2.0,MEDIUM,5.0,76.037,19.934,36.06,20.043,204.0,193.0,259.0,280.0,1,False,22.5,42.2,52.0,False,0.6,10.0
ALB,Williams,58.0,3.0,HARD,18.0,75.795,19.882,35.922,19.991,201.0,192.0,256.0,277.0,1,False,22.5,42.2,52.0,False,0.6,11.0
ANT,Mercedes,58.0,1.0,HARD,58.0,78.393,20.159,37.398,20.836,204.0,179.0,258.0,276.0,1,False,22.5,42.2,52.0,False,0.6,12.0
TSU,Red Bull Racing,58.0,2.0,HARD,57.0,78.253,20.183,37.071,20.999,201.0,180.0,267.0,281.0,1,False,22.5,42.2,52.0,False,0.6,13.0
STR,Aston Martin,58.0,2.0,HARD,42.0,78.116,20.326,36.895,20.895,196.0,187.0,270.0,283.0,1,False,22.5,42.2,52.0,False,0.6,14.0
BEA,Haas F1 Team,58.0,3.0,MEDIUM,41.0,78.038,20.201,36.84,20.997,197.0,191.0,270.0,283.0,1,False,22.5,42.2,52.0,False,0.6,15.0
COL,Alpine,58.0,3.0,MEDIUM,32.0,78.249,20.376,37.079,20.794,189.0,190.0,266.0,280.0,1,False,22.5,42.2,52.0,False,0.6,16.0
BOR,Kick Sauber,58.0,4.0,MEDIUM,23.0,78.118,20.332,36.847,20.939,190.0,183.0,267.0,281.0,1,False,22.5,42.2,52.0,False,0.6,17.0
HUL,Kick Sauber,58.0,3.0,SOFT,14.0,77.942,20.228,36.833,20.881,204.0,188.0,270.0,282.0,1,False,22.5,42.2,52.0,False,0.6,18.0
HAD,Racing Bulls,59.0,3.0,HARD,41.0,77.717,20.225,36.782,20.71,207.0,191.0,258.0,283.0,1,False,22.5,42.2,52.0,False,0.6,6.0
OCO,Haas F1 Team,59.0,3.0,HARD,31.0,77.137,20.175,36.346,20.616,190.0,193.0,260.0,283.0,1,False,22.5,42.2,52.0,False,0.6,7.0
LAW,Racing Bulls,59.0,3.0,HARD,20.0,76.772,19.898,36.409,20.465,200.0,189.0,258.0,280.0,1,False,22.5,42.2,52.0,False,0.6,8.0
HAM,Ferrari,60.0,3.0,MEDIUM,7.0,75.767,19.808,35.796,20.163,204.0,195.0,257.0,278.0,1,False,22.5,42.5,52.0,False,0.0,5.0
VER,Red Bull Racing,61.0,2.0,MEDIUM,33.0,75.064,19.641,35.644,19.779,209.0,200.0,258.0,275.0,1,False,22.5,42.5,52.0,False,0.0,1.0
NOR,McLaren,61.0,3.0,HARD,11.0,75.199,19.73,35.603,19.866,207.0,200.0,260.0,278.0,1,False,22.5,42.5,52.0,False,0.0,2.0
LEC,Ferrari,61.0,3.0,MEDIUM,15.0,75.405,19.841,35.716,19.848,201.0,196.0,267.0,277.0,1,False,22.5,42.5,52.0,False,0.0,3.0
PIA,McLaren,61.0,3.0,HARD,13.0,74.485,19.609,35.308,19.568,208.0,203.0,259.0,279.0,1,False,22.5,42.5,52.0,False,0.0,4.0
SAI,Williams,59.0,3.0,MEDIUM,14.0,77.954,19.886,37.82,20.248,207.0,188.0,258.0,277.0,1,False,22.5,42.5,52.0,False,0.0,9.0
RUS,Mercedes,59.0,2.0,MEDIUM,6.0,76.082,19.847,35.97,20.265,207.0,193.0,259.0,280.0,1,False,22.5,42.5,52.0,False,0.0,10.0
ALB,Williams,59.0,3.0,HARD,19.0,75.509,19.804,35.693,20.012,206.0,192.0,256.0,278.0,1,False,22.5,42.5,52.0,False,0.0,11.0
ANT,Mercedes,59.0,1.0,HARD,59.0,79.056,20.727,37.674,20.655,202.0,176.0,257.0,273.0,1,False,22.5,42.5,52.0,False,0.0,12.0
TSU,Red Bull Racing,59.0,2.0,HARD,58.0,79.028,20.736,37.412,20.88,194.0,181.0,267.0,281.0,1,False,22.5,42.5,52.0,False,0.0,13.0
STR,Aston Martin,59.0,2.0,HARD,43.0,79.183,20.789,37.427,20.967,189.0,185.0,270.0,282.0,1,False,22.5,42.5,52.0,False,0.0,14.0
BEA,Haas F1 Team,59.0,3.0,MEDIUM,42.0,79.233,20.59,37.407,21.236,189.0,189.0,271.0,281.0,1,False,22.5,42.5,52.0,False,0.0,15.0
COL,Alpine,59.0,3.0,MEDIUM,33.0,79.063,20.283,37.604,21.176,190.0,186.0,266.0,281.0,1,False,22.5,42.5,52.0,False,0.0,16.0
BOR,Kick Sauber,59.0,4.0,MEDIUM,24.0,78.997,20.239,37.56,21.198,182.0,190.0,267.0,280.0,1,False,22.5,42.5,52.0,False,0.0,17.0
HUL,Kick Sauber,59.0,3.0,SOFT,15.0,79.287,20.549,37.67,21.068,202.0,182.0,268.0,281.0,1,False,22.5,42.5,52.0,False,1.0,18.0
HAD,Racing Bulls,60.0,3.0,HARD,42.0,78.008,20.393,36.94,20.675,205.0,189.0,258.0,283.0,1,False,22.5,42.5,52.0,False,1.0,6.0
OCO,Haas F1 Team,60.0,3.0,HARD,32.0,77.606,20.497,36.507,20.602,186.0,189.0,260.0,284.0,1,False,22.5,42.5,52.0,False,1.0,7.0
LAW,Racing Bulls,60.0,3.0,HARD,21.0,76.672,20.039,36.163,20.47,202.0,190.0,258.0,280.0,1,False,22.5,42.5,52.0,False,1.0,8.0
HAM,Ferrari,61.0,3.0,MEDIUM,8.0,75.431,19.785,35.611,20.035,203.0,197.0,259.0,276.0,1,False,22.5,42.5,52.0,False,1.0,5.0
VER,Red Bull Racing,62.0,2.0,MEDIUM,34.0,75.13,19.451,35.86,19.819,211.0,200.0,258.0,275.0,1,False,22.5,42.5,52.0,False,1.0,1.0
NOR,McLaren,62.0,3.0,HARD,12.0,75.514,19.577,36.059,19.878,200.0,201.0,261.0,279.0,1,False,22.5,42.5,52.0,False,1.0,2.0
LEC,Ferrari,62.0,3.0,MEDIUM,16.0,75.646,19.728,35.895,20.023,200.0,195.0,267.0,278.0,1,False,22.5,42.5,52.0,False,1.0,3.0
PIA,McLaren,62.0,3.0,HARD,14.0,75.213,19.766,35.648,19.799,202.0,199.0,260.0,279.0,1,False,22.5,42.5,52.0,False,1.0,4.0
SAI,Williams,60.0,3.0,MEDIUM,15.0,76.693,19.966,36.25,20.477,196.0,186.0,258.0,278.0,1,False,22.5,42.5,52.0,False,1.0,9.0
RUS,Mercedes,60.0,2.0,MEDIUM,7.0,76.207,19.809,36.143,20.255,206.0,193.0,259.0,281.0,1,False,22.5,42.5,52.0,False,1.0,10.0
ALB,Williams,60.0,3.0,HARD,20.0,75.726,19.751,35.816,20.159,207.0,189.0,257.0,279.0,1,False,22.5,42.5,52.0,False,1.0,11.0
ANT,Mercedes,60.0,1.0,HARD,60.0,78.697,20.506,37.512,20.679,201.0,181.0,258.0,271.0,1,False,22.6,43.0,51.0,False,0.4,12.0
TSU,Red Bull Racing,60.0,2.0,HARD,59.0,78.81,20.485,37.386,20.939,189.0,185.0,266.0,279.0,1,False,22.6,43.0,51.0,False,0.4,13.0
STR,Aston Martin,60.0,2.0,HARD,44.0,78.58,20.536,37.253,20.791,192.0,187.0,272.0,282.0,1,False,22.6,43.0,51.0,False,0.4,14.0
BEA,Haas F1 Team,60.0,3.0,MEDIUM,43.0,78.669,20.399,37.17,21.1,189.0,186.0,270.0,283.0,1,False,22.6,43.0,51.0,False,0.4,15.0
COL,Alpine,60.0,3.0,MEDIUM,34.0,78.687,20.341,37.201,21.145,196.0,189.0,268.0,281.0,1,False,22.6,43.0,51.0,False,0.4,16.0
BOR,Kick Sauber,60.0,4.0,MEDIUM,25.0,78.808,20.468,37.197,21.143,189.0,191.0,266.0,279.0,1,False,22.6,43.0,51.0,False,0.4,17.0
HUL,Kick Sauber,60.0,3.0,SOFT,16.0,78.508,20.506,37.023,20.979,205.0,187.0,271.0,282.0,1,False,22.6,43.0,51.0,False,0.4,18.0
HAD,Racing Bulls,61.0,3.0,HARD,43.0,78.069,20.475,36.977,20.617,204.0,191.0,259.0,283.0,1,False,22.6,43.0,51.0,False,0.4,6.0
OCO,Haas F1 Team,61.0,3.0,HARD,33.0,77.644,20.395,36.533,20.716,184.0,190.0,261.0,284.0,1,False,22.6,43.0,51.0,False,0.4,7.0
LAW,Racing Bulls,61.0,3.0,HARD,22.0,76.173,19.729,36.154,20.29,210.0,193.0,259.0,282.0,1,False,22.6,43.0,51.0,False,0.4,8.0
HAM,Ferrari,62.0,3.0,MEDIUM,9.0,74.916,19.741,35.469,19.706,204.0,197.0,260.0,276.0,1,False,22.6,43.0,51.0,False,0.4,5.0
VER,Red Bull Racing,63.0,2.0,MEDIUM,35.0,75.088,19.516,35.85,19.722,207.0,201.0,259.0,275.0,1,False,22.6,43.0,51.0,False,0.4,1.0
NOR,McLaren,63.0,3.0,HARD,13.0,75.301,19.599,35.715,19.987,197.0,204.0,261.0,280.0,1,False,22.6,43.0,51.0,False,0.4,2.0
LEC,Ferrari,63.0,3.0,MEDIUM,17.0,75.365,19.608,35.805,19.952,202.0,196.0,267.0,278.0,1,False,22.6,43.0,51.0,False,0.4,3.0
PIA,McLaren,63.0,3.0,HARD,15.0,74.381,19.413,35.218,19.75,206.0,199.0,261.0,279.0,1,False,22.7,43.0,50.0,False,0.8,4.0
SAI,Williams,61.0,3.0,MEDIUM,16.0,76.622,19.825,36.376,20.421,202.0,190.0,258.0,277.0,1,False,22.7,43.0,50.0,False,0.8,9.0
RUS,Mercedes,61.0,2.0,MEDIUM,8.0,75.998,19.768,36.192,20.038,204.0,194.0,259.0,281.0,1,False,22.7,43.0,50.0,False,0.8,10.0
ALB,Williams,61.0,3.0,HARD,21.0,76.046,19.846,36.049,20.151,205.0,191.0,257.0,280.0,1,False,22.7,43.0,50.0,False,0.8,11.0
ANT,Mercedes,61.0,1.0,HARD,61.0,78.59,20.36,37.429,20.801,193.0,174.0,257.0,274.0,1,False,22.7,43.0,50.0,False,0.8,12.0
TSU,Red Bull Racing,61.0,2.0,HARD,60.0,78.547,20.249,37.332,20.966,196.0,183.0,266.0,280.0,1,False,22.7,43.0,50.0,False,0.8,13.0
STR,Aston Martin,61.0,2.0,HARD,45.0,78.751,20.603,37.071,21.077,195.0,183.0,272.0,281.0,1,False,22.7,43.0,50.0,False,0.8,14.0
BEA,Haas F1 Team,61.0,3.0,MEDIUM,44.0,78.715,20.266,37.091,21.358,192.0,188.0,270.0,281.0,1,False,22.7,43.0,50.0,False,0.8,15.0
COL,Alpine,61.0,3.0,MEDIUM,35.0,78.878,20.091,37.658,21.129,191.0,184.0,266.0,279.0,1,False,22.7,43.0,50.0,False,0.8,16.0
BOR,Kick Sauber,61.0,4.0,MEDIUM,26.0,78.797,20.266,37.383,21.148,190.0,184.0,266.0,279.0,1,False,22.7,43.0,50.0,False,0.8,17.0
HUL,Kick Sauber,61.0,3.0,SOFT,17.0,79.041,20.753,37.138,21.15,197.0,183.0,269.0,280.0,1,False,22.7,43.0,50.0,False,0.8,18.0
HAD,Racing Bulls,62.0,3.0,HARD,44.0,77.876,20.414,36.845,20.617,203.0,192.0,260.0,283.0,1,False,22.7,43.0,50.0,False,0.8,6.0
OCO,Haas F1 Team,62.0,3.0,HARD,34.0,77.67,20.41,36.623,20.637,180.0,191.0,262.0,284.0,1,False,22.7,43.0,50.0,False,0.8,7.0
LAW,Racing Bulls,62.0,3.0,HARD,23.0,76.864,20.054,36.317,20.493,206.0,192.0,259.0,283.0,1,False,22.7,43.0,50.0,False,0.8,8.0
HAM,Ferrari,63.0,3.0,MEDIUM,10.0,74.193,19.356,35.23,19.607,207.0,199.0,260.0,281.0,1,True,22.7,43.0,50.0,False,0.8,5.0
VER,Red Bull Racing,64.0,2.0,MEDIUM,36.0,75.24,19.466,36.021,19.753,208.0,201.0,258.0,275.0,1,False,22.8,42.8,49.0,False,1.0,1.0
NOR,McLaren,64.0,3.0,HARD,14.0,75.313,19.584,35.823,19.906,200.0,201.0,259.0,278.0,1,False,22.8,42.8,49.0,False,1.0,2.0
LEC,Ferrari,64.0,3.0,MEDIUM,18.0,75.269,19.472,35.768,20.029,206.0,198.0,267.0,279.0,1,False,22.8,42.8,49.0,False,1.0,3.0
PIA,McLaren,64.0,3.0,HARD,16.0,75.204,19.632,35.718,19.854,201.0,197.0,259.0,279.0,1,False,22.8,42.8,49.0,False,1.0,4.0
SAI,Williams,62.0,3.0,MEDIUM,17.0,76.99,19.986,36.196,20.808,199.0,187.0,255.0,277.0,1,False,22.8,42.8,49.0,False,1.0,9.0
ALB,Williams,62.0,3.0,HARD,22.0,76.37,19.869,36.111,20.39,207.0,189.0,256.0,280.0,1,False,22.8,42.8,49.0,False,1.0,10.0
RUS,Mercedes,62.0,2.0,MEDIUM,9.0,94.078,19.745,36.358,37.975,207.0,193.0,,280.0,1,False,22.8,42.8,49.0,False,1.0,11.0
ANT,Mercedes,62.0,1.0,HARD,62.0,78.448,20.225,37.461,20.762,196.0,176.0,256.0,276.0,1,False,22.8,42.8,49.0,False,1.0,12.0
TSU,Red Bull Racing,62.0,2.0,HARD,61.0,78.43,20.205,37.246,20.979,194.0,183.0,265.0,280.0,1,False,22.8,42.8,49.0,False,1.0,13.0
STR,Aston Martin,62.0,2.0,HARD,46.0,78.282,20.257,37.032,20.993,195.0,185.0,271.0,284.0,1,False,22.8,42.8,49.0,False,1.0,14.0
BEA,Haas F1 Team,62.0,3.0,MEDIUM,45.0,78.364,20.141,36.978,21.245,194.0,186.0,269.0,281.0,1,False,22.8,42.8,49.0,False,1.0,15.0
COL,Alpine,62.0,3.0,MEDIUM,36.0,78.214,20.102,37.143,20.969,193.0,187.0,266.0,280.0,1,False,22.8,42.8,49.0,False,1.0,16.0
BOR,Kick Sauber,62.0,4.0,MEDIUM,27.0,78.266,20.332,37.062,20.872,197.0,190.0,267.0,279.0,1,False,22.8,42.8,49.0,False,1.0,17.0
HAD,Racing Bulls,63.0,3.0,HARD,45.0,78.071,20.527,37.129,20.415,188.0,191.0,260.0,283.0,1,False,22.8,42.8,49.0,False,1.0,6.0
OCO,Haas F1 Team,63.0,3.0,HARD,35.0,78.295,20.59,37.06,20.645,177.0,191.0,262.0,284.0,1,False,22.8,42.8,49.0,False,1.0,7.0
HUL,Kick Sauber,62.0,3.0,SOFT,18.0,81.565,21.286,39.825,20.454,121.0,187.0,260.0,281.0,1,False,22.8,42.8,49.0,False,1.0,18.0
LAW,Racing Bulls,63.0,3.0,HARD,24.0,77.611,20.422,36.715,20.474,192.0,191.0,259.0,283.0,1,False,22.8,42.8,48.0,False,1.0,8.0
HAM,Ferrari,64.0,3.0,MEDIUM,11.0,76.306,19.91,36.092,20.304,199.0,193.0,261.0,280.0,1,False,22.8,42.8,48.0,False,1.0,5.0
VER,Red Bull Racing,65.0,2.0,MEDIUM,37.0,75.122,19.503,35.887,19.732,210.0,199.0,259.0,275.0,1,False,22.8,42.8,48.0,False,1.0,1.0
NOR,McLaren,65.0,3.0,HARD,15.0,75.478,19.616,36.06,19.802,204.0,198.0,261.0,278.0,1,False,22.8,42.8,48.0,False,1.0,2.0
LEC,Ferrari,65.0,3.0,MEDIUM,19.0,75.395,19.567,35.972,19.856,207.0,194.0,268.0,279.0,1,False,22.8,42.8,48.0,False,1.0,3.0
PIA,McLaren,65.0,3.0,HARD,17.0,74.661,19.584,35.332,19.745,206.0,200.0,261.0,280.0,1,False,22.8,42.8,48.0,False,1.0,4.0
SAI,Williams,63.0,3.0,MEDIUM,18.0,77.864,19.97,36.705,21.189,198.0,178.0,256.0,277.0,1,False,22.8,42.8,48.0,False,1.0,9.0
ALB,Williams,63.0,3.0,HARD,23.0,75.082,19.698,35.392,19.992,211.0,193.0,258.0,278.0,1,True,22.8,42.8,48.0,False,1.0,10.0
RUS,Mercedes,63.0,2.0,MEDIUM,10.0,77.761,22.363,35.65,19.748,201.0,196.0,260.0,278.0,1,False,22.7,43.1,48.0,False,1.0,11.0
ANT,Mercedes,63.0,1.0,HARD,63.0,78.884,20.595,37.367,20.922,199.0,172.0,258.0,277.0,1,False,22.7,43.1,48.0,False,1.0,12.0
TSU,Red Bull Racing,63.0,2.0,HARD,62.0,78.923,20.5,37.194,21.229,189.0,182.0,267.0,281.0,1,False,22.7,43.1,48.0,False,1.0,13.0
STR,Aston Martin,63.0,2.0,HARD,47.0,78.974,20.602,37.086,21.286,188.0,185.0,272.0,283.0,1,False,22.7,43.1,48.0,False,1.0,14.0
BEA,Haas F1 Team,63.0,3.0,MEDIUM,46.0,78.836,20.234,37.064,21.538,191.0,189.0,270.0,282.0,1,False,22.7,43.1,48.0,False,1.0,15.0
COL,Alpine,63.0,3.0,MEDIUM,37.0,78.877,20.129,37.292,21.456,193.0,190.0,265.0,280.0,1,False,22.7,43.1,48.0,False,1.0,16.0
BOR,Kick Sauber,63.0,4.0,MEDIUM,28.0,78.906,20.231,37.337,21.338,194.0,191.0,267.0,279.0,1,False,22.7,43.1,48.0,False,1.0,17.0
HAD,Racing Bulls,64.0,3.0,HARD,46.0,78.299,20.454,37.149,20.696,200.0,190.0,261.0,284.0,1,False,22.7,43.1,48.0,False,1.0,6.0
OCO,Haas F1 Team,64.0,3.0,HARD,36.0,77.903,20.366,36.832,20.705,182.0,191.0,269.0,283.0,1,False,22.7,43.1,48.0,False,1.0,7.0
HUL,Kick Sauber,63.0,3.0,SOFT,19.0,79.206,20.165,37.041,22.0,201.0,181.0,178.0,283.0,1,False,22.7,43.1,48.0,False,1.0,18.0
LAW,Racing Bulls,64.0,3.0,HARD,25.0,77.155,19.925,36.44,20.79,202.0,188.0,260.0,285.0,1,False,22.7,43.1,48.0,False,1.0,8.0
HAM,Ferrari,65.0,3.0,MEDIUM,12.0,76.238,19.955,36.087,20.196,200.0,194.0,262.0,284.0,1,False,22.7,43.1,48.0,False,1.0,5.0
VER,Red Bull Racing,66.0,2.0,MEDIUM,38.0,75.214,19.485,35.975,19.754,205.0,198.0,258.0,277.0,1,False,22.7,43.1,48.0,False,1.0,1.0
NOR,McLaren,66.0,3.0,HARD,16.0,74.968,19.627,35.617,19.724,201.0,200.0,261.0,279.0,1,False,22.7,43.1,48.0,False,1.0,2.0
LEC,Ferrari,66.0,3.0,MEDIUM,20.0,74.915,19.627,35.498,19.79,204.0,197.0,268.0,280.0,1,False,22.7,43.1,48.0,False,1.0,3.0
PIA,McLaren,66.0,3.0,HARD,18.0,75.106,19.756,35.453,19.897,203.0,197.0,260.0,280.0,1,False,22.7,43.1,48.0,False,1.0,4.0
ALB,Williams,64.0,3.0,HARD,24.0,76.228,19.935,36.166,20.127,200.0,189.0,258.0,280.0,1,False,22.6,42.7,48.0,False,0.8,9.0
SAI,Williams,64.0,3.0,MEDIUM,19.0,80.206,20.58,38.802,20.824,181.0,176.0,259.0,275.0,1,False,22.6,42.7,48.0,False,0.8,10.0
RUS,Mercedes,64.0,2.0,MEDIUM,11.0,73.864,19.359,34.88,19.625,209.0,198.0,259.0,279.0,1,True,22.6,42.7,48.0,False,0.8,11.0
ANT,Mercedes,64.0,1.0,HARD,64.0,78.457,20.502,37.262,20.693,196.0,180.0,257.0,277.0,1,False,22.6,42.7,48.0,False,0.8,12.0
TSU,Red Bull Racing,64.0,2.0,HARD,63.0,78.512,20.46,37.08,20.972,192.0,183.0,266.0,280.0,1,False,22.6,42.7,48.0,False,0.8,13.0
BEA,Haas F1 Team,64.0,3.0,MEDIUM,47.0,78.404,20.408,36.943,21.053,190.0,187.0,269.0,282.0,1,False,22.6,42.7,48.0,False,0.8,14.0
COL,Alpine,64.0,3.0,MEDIUM,38.0,78.379,20.421,37.089,20.869,193.0,191.0,267.0,279.0,1,False,22.6,42.7,48.0,False,0.8,15.0
HAD,Racing Bulls,65.0,3.0,HARD,47.0,78.125,20.452,37.103,20.57,200.0,189.0,260.0,282.0,1,False,22.6,42.7,48.0,False,0.8,6.0
OCO,Haas F1 Team,65.0,3.0,HARD,37.0,78.271,20.534,37.137,20.6,174.0,189.0,262.0,283.0,1,False,22.6,42.7,48.0,False,0.8,7.0
HAM,Ferrari,66.0,3.0,MEDIUM,13.0,76.659,20.336,36.083,20.24,201.0,194.0,259.0,282.0,1,False,22.6,42.7,48.0,False,0.8,5.0
BOR,Kick Sauber,64.0,4.0,MEDIUM,29.0,82.158,21.805,38.571,21.782,124.0,187.0,236.0,278.0,1,False,22.6,42.7,48.0,False,0.8,16.0
LAW,Racing Bulls,65.0,3.0,HARD,26.0,79.159,20.151,38.513,20.495,185.0,190.0,262.0,273.0,1,False,22.6,42.7,48.0,False,0.8,8.0
HUL,Kick Sauber,64.0,3.0,SOFT,20.0,80.147,22.377,37.18,20.59,199.0,184.0,262.0,283.0,1,False,22.6,42.7,48.0,False,0.8,17.0
STR,Aston Martin,64.0,2.0,HARD,48.0,97.177,20.516,37.06,39.601,195.0,185.0,,283.0,1,False,22.6,42.7,48.0,False,0.8,18.0
VER,Red Bull Racing,67.0,2.0,MEDIUM,39.0,75.551,19.662,35.956,19.933,203.0,199.0,259.0,277.0,1,False,22.6,42.7,48.0,False,0.8,1.0
NOR,McLaren,67.0,3.0,HARD,17.0,75.007,19.644,35.656,19.707,205.0,199.0,262.0,280.0,1,False,22.6,42.7,48.0,False,0.8,2.0
LEC,Ferrari,67.0,3.0,MEDIUM,21.0,74.925,19.537,35.464,19.924,204.0,196.0,268.0,279.0,1,False,22.6,42.7,48.0,False,0.8,3.0
PIA,McLaren,67.0,3.0,HARD,19.0,75.014,19.698,35.531,19.785,203.0,197.0,260.0,280.0,1,False,22.5,42.7,49.0,False,0.9,4.0
ALB,Williams,65.0,3.0,HARD,25.0,75.156,19.78,35.529,19.847,211.0,194.0,258.0,277.0,1,False,22.5,42.7,49.0,False,0.9,9.0
SAI,Williams,65.0,3.0,MEDIUM,20.0,76.154,19.81,36.287,20.057,202.0,193.0,258.0,278.0,1,False,22.5,42.7,49.0,False,0.9,10.0
RUS,Mercedes,65.0,2.0,MEDIUM,12.0,74.28,19.417,35.078,19.785,209.0,196.0,260.0,279.0,1,False,22.5,42.7,49.0,False,0.9,11.0
ANT,Mercedes,65.0,1.0,HARD,65.0,77.696,19.753,37.437,20.506,203.0,180.0,258.0,276.0,1,False,22.5,42.7,49.0,False,0.9,12.0
TSU,Red Bull Racing,65.0,2.0,HARD,64.0,77.611,20.035,36.828,20.748,202.0,181.0,266.0,280.0,1,False,22.5,42.7,49.0,False,0.9,13.0
BEA,Haas F1 Team,65.0,3.0,MEDIUM,48.0,77.177,19.718,36.758,20.701,203.0,187.0,265.0,281.0,1,False,22.5,42.7,49.0,False,0.9,14.0
COL,Alpine,65.0,3.0,MEDIUM,39.0,77.338,19.855,36.917,20.566,196.0,192.0,266.0,279.0,1,False,22.5,42.7,49.0,False,0.9,15.0
HAD,Racing Bulls,66.0,3.0,HARD,48.0,77.52,20.189,37.01,20.321,200.0,193.0,260.0,281.0,1,False,22.5,42.7,49.0,False,0.9,6.0
HAM,Ferrari,67.0,3.0,MEDIUM,14.0,76.016,19.962,35.918,20.136,198.0,195.0,261.0,276.0,1,False,22.5,42.7,49.0,False,0.9,5.0
OCO,Haas F1 Team,66.0,3.0,HARD,38.0,78.81,20.307,38.148,20.355,188.0,191.0,262.0,272.0,1,False,22.5,42.7,49.0,False,0.9,7.0
LAW,Racing Bulls,66.0,3.0,HARD,27.0,76.955,20.11,36.41,20.435,194.0,192.0,260.0,283.0,1,False,22.5,42.7,49.0,False,0.9,8.0
BOR,Kick Sauber,65.0,4.0,MEDIUM,30.0,78.96,21.527,36.793,20.64,120.0,186.0,267.0,282.0,1,False,22.5,42.7,49.0,False,0.9,16.0
HUL,Kick Sauber,65.0,3.0,SOFT,21.0,77.571,20.102,36.833,20.636,192.0,191.0,270.0,284.0,1,False,22.5,42.7,49.0,False,0.9,17.0
STR,Aston Martin,65.0,3.0,MEDIUM,2.0,77.944,22.153,35.691,20.1,200.0,191.0,262.0,281.0,1,False,22.5,41.7,50.0,False,0.4,18.0
VER,Red Bull Racing,68.0,2.0,MEDIUM,40.0,76.273,19.739,36.508,20.026,205.0,198.0,259.0,279.0,1,False,22.5,41.7,50.0,False,0.4,1.0
NOR,McLaren,68.0,3.0,HARD,18.0,75.615,19.611,36.066,19.938,207.0,195.0,263.0,282.0,1,False,22.5,41.7,50.0,False,0.4,2.0
LEC,Ferrari,68.0,3.0,MEDIUM,22.0,75.636,19.577,35.956,20.103,203.0,194.0,269.0,280.0,1,False,22.5,41.7,50.0,False,0.4,3.0
PIA,McLaren,68.0,3.0,HARD,20.0,75.26,19.799,35.538,19.923,202.0,195.0,261.0,282.0,1,False,22.5,41.7,50.0,False,0.4,4.0
ALB,Williams,66.0,3.0,HARD,26.0,74.87,19.75,35.383,19.737,210.0,195.0,258.0,278.0,1,True,22.5,41.7,50.0,False,0.4,9.0
SAI,Williams,66.0,3.0,MEDIUM,21.0,74.264,19.394,35.301,19.569,214.0,197.0,259.0,279.0,1,True,22.5,41.7,50.0,False,0.4,10.0
RUS,Mercedes,66.0,2.0,MEDIUM,13.0,73.918,19.286,35.005,19.627,209.0,199.0,259.0,280.0,1,False,22.5,41.7,50.0,False,0.4,11.0
ANT,Mercedes,66.0,1.0,HARD,66.0,77.398,20.053,37.23,20.115,191.0,188.0,258.0,271.0,1,False,22.4,41.3,51.0,False,1.5,12.0
TSU,Red Bull Racing,66.0,2.0,HARD,65.0,77.61,20.104,37.102,20.404,204.0,186.0,266.0,279.0,1,False,22.4,41.3,51.0,False,1.5,13.0
BEA,Haas F1 Team,66.0,3.0,MEDIUM,49.0,77.748,20.154,36.943,20.651,198.0,186.0,270.0,281.0,1,False,22.4,41.3,51.0,False,1.5,14.0
COL,Alpine,66.0,3.0,MEDIUM,40.0,77.517,20.069,36.8,20.648,193.0,189.0,268.0,279.0,1,False,22.4,41.3,51.0,False,1.5,15.0
HAM,Ferrari,68.0,3.0,MEDIUM,15.0,75.861,19.845,35.721,20.295,200.0,194.0,262.0,278.0,1,False,22.4,41.3,51.0,False,1.5,5.0
HAD,Racing Bulls,67.0,3.0,HARD,49.0,79.017,21.332,37.385,20.3,152.0,191.0,259.0,282.0,1,False,22.4,41.3,51.0,False,1.5,6.0
OCO,Haas F1 Team,67.0,3.0,HARD,39.0,77.401,20.107,36.907,20.387,188.0,190.0,270.0,283.0,1,False,22.4,41.3,51.0,False,1.5,7.0
LAW,Racing Bulls,67.0,3.0,HARD,28.0,77.409,19.962,36.708,20.739,196.0,190.0,267.0,285.0,1,False,22.4,41.3,51.0,False,1.5,8.0
BOR,Kick Sauber,66.0,4.0,MEDIUM,31.0,77.324,20.146,36.52,20.658,188.0,191.0,268.0,281.0,1,False,22.4,41.3,51.0,False,1.5,16.0
HUL,Kick Sauber,66.0,3.0,SOFT,22.0,76.934,20.041,36.4,20.493,206.0,193.0,271.0,283.0,1,False,22.4,41.3,51.0,False,1.5,17.0
STR,Aston Martin,66.0,3.0,MEDIUM,3.0,74.886,19.467,35.49,19.929,212.0,195.0,261.0,282.0,1,True,22.4,41.3,51.0,False,1.5,18.0
VER,Red Bull Racing,69.0,2.0,MEDIUM,41.0,76.063,19.746,36.449,19.868,203.0,198.0,260.0,279.0,1,False,22.4,41.3,51.0,False,1.5,1.0
NOR,McLaren,69.0,3.0,HARD,19.0,75.984,19.952,36.223,19.809,205.0,193.0,263.0,284.0,1,False,22.4,41.3,51.0,False,1.5,2.0
LEC,Ferrari,69.0,3.0,MEDIUM,23.0,76.104,19.867,36.076,20.161,201.0,191.0,268.0,282.0,1,False,22.4,41.3,51.0,False,1.5,3.0
PIA,McLaren,69.0,3.0,HARD,21.0,75.638,19.802,35.773,20.063,206.0,196.0,261.0,278.0,1,False,22.4,41.3,51.0,False,1.5,4.0
ALB,Williams,67.0,3.0,HARD,27.0,74.928,19.653,35.443,19.832,208.0,194.0,259.0,278.0,1,False,22.4,41.3,51.0,False,1.5,9.0
SAI,Williams,67.0,3.0,MEDIUM,22.0,77.001,20.142,36.584,20.275,184.0,193.0,259.0,278.0,1,False,22.4,41.3,51.0,False,1.5,10.0
RUS,Mercedes,67.0,2.0,MEDIUM,14.0,73.483,19.265,34.728,19.49,210.0,200.0,260.0,280.0,1,True,22.4,41.8,51.0,False,0.4,11.0
ANT,Mercedes,67.0,1.0,HARD,67.0,75.551,19.626,36.005,19.92,204.0,191.0,258.0,276.0,1,True,22.4,41.8,51.0,False,0.4,12.0
TSU,Red Bull Racing,67.0,2.0,HARD,66.0,75.969,19.904,35.962,20.103,202.0,195.0,258.0,280.0,1,True,22.4,41.8,51.0,False,0.4,13.0
BEA,Haas F1 Team,67.0,3.0,MEDIUM,50.0,76.362,19.905,36.395,20.062,203.0,193.0,261.0,281.0,1,False,22.4,41.8,51.0,False,0.4,14.0
HAM,Ferrari,69.0,3.0,MEDIUM,16.0,75.585,19.902,35.738,19.945,201.0,196.0,261.0,278.0,1,False,22.4,41.8,51.0,False,0.4,5.0
COL,Alpine,67.0,3.0,MEDIUM,41.0,78.018,19.948,37.817,20.253,197.0,190.0,264.0,272.0,1,False,22.4,41.8,51.0,False,0.4,15.0
HAD,Racing Bulls,68.0,3.0,HARD,50.0,77.28,20.208,36.774,20.298,204.0,194.0,259.0,282.0,1,False,22.4,41.8,51.0,False,0.4,6.0
OCO,Haas F1 Team,68.0,3.0,HARD,40.0,77.467,20.331,36.674,20.462,185.0,191.0,269.0,283.0,1,False,22.4,41.8,51.0,False,0.4,7.0
LAW,Racing Bulls,68.0,3.0,HARD,29.0,77.363,20.038,36.728,20.597,189.0,190.0,269.0,284.0,1,False,22.4,41.8,51.0,False,0.4,8.0
BOR,Kick Sauber,67.0,4.0,MEDIUM,32.0,77.412,20.085,36.611,20.716,192.0,190.0,267.0,280.0,1,False,22.4,41.8,51.0,False,0.4,16.0
HUL,Kick Sauber,67.0,3.0,SOFT,23.0,77.445,20.239,36.586,20.62,201.0,190.0,270.0,285.0,1,False,22.4,41.8,51.0,False,0.4,17.0
STR,Aston Martin,67.0,3.0,MEDIUM,4.0,74.877,19.652,35.303,19.922,205.0,195.0,262.0,283.0,1,True,22.4,41.8,51.0,False,0.4,18.0
VER,Red Bull Racing,70.0,2.0,MEDIUM,42.0,75.812,19.745,36.327,19.74,203.0,198.0,260.0,280.0,1,False,22.4,41.8,51.0,False,0.4,1.0
NOR,McLaren,70.0,3.0,HARD,20.0,76.238,19.813,36.392,20.033,200.0,188.0,262.0,282.0,1,False,22.4,41.8,51.0,False,0.4,2.0
LEC,Ferrari,70.0,3.0,MEDIUM,24.0,76.05,19.699,36.094,20.257,198.0,194.0,269.0,284.0,1,False,22.4,41.8,51.0,False,0.4,3.0
PIA,McLaren,70.0,3.0,HARD,22.0,75.899,19.878,35.9,20.121,205.0,197.0,262.0,270.0,1,False,22.4,41.8,51.0,False,0.4,4.0
ALB,Williams,68.0,3.0,HARD,28.0,74.885,19.623,35.498,19.764,206.0,195.0,259.0,278.0,1,False,22.5,42.6,51.0,False,0.8,9.0
SAI,Williams,68.0,3.0,MEDIUM,23.0,73.988,19.34,35.166,19.482,212.0,199.0,260.0,279.0,1,True,22.5,42.6,51.0,False,0.8,10.0
RUS,Mercedes,68.0,2.0,MEDIUM,15.0,91.077,19.23,35.169,36.678,211.0,197.0,,281.0,1,False,22.5,42.6,51.0,False,0.8,11.0
ANT,Mercedes,68.0,1.0,HARD,68.0,75.019,19.471,35.837,19.711,211.0,191.0,259.0,276.0,1,True,22.5,42.6,51.0,False,0.8,12.0
TSU,Red Bull Racing,68.0,2.0,HARD,67.0,75.966,19.717,36.084,20.165,211.0,194.0,259.0,279.0,1,True,22.5,42.6,51.0,False,0.8,13.0
HAM,Ferrari,70.0,3.0,MEDIUM,17.0,75.257,19.713,35.619,19.925,206.0,197.0,261.0,278.0,1,False,22.5,42.6,51.0,False,0.8,5.0
BEA,Haas F1 Team,68.0,3.0,MEDIUM,51.0,77.602,20.684,36.937,19.981,101.0,196.0,261.0,281.0,1,False,22.5,42.6,51.0,False,0.8,14.0
COL,Alpine,68.0,3.0,MEDIUM,42.0,77.1,19.669,36.818,20.613,196.0,193.0,258.0,280.0,1,False,22.5,42.6,51.0,False,0.8,15.0
HAD,Racing Bulls,69.0,3.0,HARD,51.0,76.917,20.138,36.56,20.219,205.0,194.0,260.0,282.0,1,False,22.5,42.6,51.0,False,0.8,6.0
OCO,Haas F1 Team,69.0,3.0,HARD,41.0,76.985,20.258,36.407,20.32,187.0,194.0,268.0,283.0,1,False,22.5,42.6,51.0,False,0.8,7.0
LAW,Racing Bulls,69.0,3.0,HARD,30.0,77.136,20.175,36.461,20.5,190.0,192.0,261.0,284.0,1,False,22.5,42.6,51.0,False,0.8,8.0
BOR,Kick Sauber,68.0,4.0,MEDIUM,33.0,77.248,20.1,36.578,20.57,194.0,191.0,265.0,280.0,1,False,22.5,42.6,51.0,False,0.8,16.0
HUL,Kick Sauber,68.0,3.0,SOFT,24.0,77.717,20.337,36.838,20.542,199.0,189.0,268.0,282.0,1,False,22.5,42.6,51.0,False,0.8,17.0
STR,Aston Martin,68.0,3.0,MEDIUM,5.0,75.326,19.389,35.599,20.338,206.0,194.0,262.0,283.0,1,False,22.5,42.6,51.0,False,0.8,18.0
VER,Red Bull Racing,71.0,2.0,MEDIUM,43.0,76.058,19.778,36.396,19.884,201.0,195.0,260.0,280.0,1,False,22.5,42.2,50.0,False,0.6,1.0
NOR,McLaren,71.0,3.0,HARD,21.0,76.362,19.809,36.315,20.238,202.0,187.0,261.0,283.0,1,False,22.5,42.2,50.0,False,0.6,2.0
LEC,Ferrari,71.0,3.0,MEDIUM,25.0,76.31,19.751,36.139,20.42,203.0,194.0,269.0,282.0,1,False,22.5,42.2,50.0,False,0.6,3.0
PIA,McLaren,71.0,3.0,HARD,23.0,75.595,19.854,35.74,20.001,205.0,198.0,262.0,271.0,1,False,22.5,42.2,50.0,False,0.6,4.0
ALB,Williams,69.0,3.0,HARD,29.0,76.79,19.819,36.448,20.523,203.0,189.0,258.0,266.0,1,False,22.5,42.2,50.0,False,0.6,9.0
SAI,Williams,69.0,3.0,MEDIUM,24.0,76.776,19.63,36.579,20.567,194.0,193.0,258.0,278.0,1,False,22.5,42.2,50.0,False,0.6,10.0
RUS,Mercedes,69.0,3.0,HARD,1.0,78.119,22.53,35.801,19.788,203.0,197.0,258.0,278.0,1,False,22.5,42.2,50.0,False,0.6,11.0
HAM,Ferrari,71.0,3.0,MEDIUM,18.0,75.088,19.603,35.686,19.799,206.0,197.0,259.0,275.0,1,False,22.5,42.2,50.0,False,0.6,5.0
TSU,Red Bull Racing,69.0,2.0,HARD,68.0,78.332,19.727,38.085,20.52,204.0,189.0,259.0,243.0,1,False,22.5,42.2,50.0,False,0.6,12.0
BEA,Haas F1 Team,69.0,3.0,MEDIUM,52.0,76.187,19.727,36.228,20.232,203.0,194.0,269.0,280.0,1,False,22.5,42.2,50.0,False,0.6,13.0
COL,Alpine,69.0,3.0,MEDIUM,43.0,76.703,19.802,36.61,20.291,202.0,191.0,259.0,278.0,1,False,22.5,42.2,50.0,False,0.6,14.0
HAD,Racing Bulls,70.0,3.0,HARD,52.0,77.002,20.205,36.604,20.193,208.0,196.0,259.0,281.0,1,False,22.5,42.3,51.0,False,1.9,6.0
OCO,Haas F1 Team,70.0,3.0,HARD,42.0,77.069,20.208,36.472,20.389,187.0,194.0,261.0,283.0,1,False,22.5,42.3,51.0,False,1.9,7.0
LAW,Racing Bulls,70.0,3.0,HARD,31.0,76.905,19.995,36.432,20.478,195.0,194.0,266.0,283.0,1,False,22.5,42.3,51.0,False,1.9,8.0
BOR,Kick Sauber,69.0,4.0,MEDIUM,34.0,76.985,19.931,36.599,20.455,195.0,193.0,266.0,280.0,1,False,22.5,42.3,51.0,False,1.9,15.0
HUL,Kick Sauber,69.0,3.0,SOFT,25.0,76.974,20.096,36.552,20.326,205.0,190.0,268.0,281.0,1,False,22.5,42.3,51.0,False,1.9,16.0
STR,Aston Martin,69.0,3.0,MEDIUM,6.0,75.247,19.555,35.425,20.267,201.0,196.0,262.0,285.0,1,False,22.5,42.3,51.0,False,1.9,17.0
ANT,Mercedes,69.0,1.0,HARD,69.0,94.121,19.786,36.682,37.653,200.0,183.0,,276.0,1,False,22.5,42.3,51.0,False,1.9,18.0
VER,Red Bull Racing,72.0,2.0,MEDIUM,44.0,76.072,19.879,36.242,19.951,203.0,195.0,259.0,280.0,1,False,22.5,42.3,51.0,False,1.9,1.0
NOR,McLaren,72.0,3.0,HARD,22.0,76.38,19.796,36.583,20.001,200.0,194.0,261.0,281.0,1,False,22.5,42.3,51.0,False,1.9,2.0
LEC,Ferrari,72.0,3.0,MEDIUM,26.0,76.479,19.908,36.334,20.237,194.0,192.0,268.0,283.0,1,False,22.5,42.3,51.0,False,1.9,3.0
PIA,McLaren,72.0,3.0,HARD,24.0,76.141,19.782,36.017,20.342,204.0,193.0,269.0,272.0,1,False,22.5,42.3,51.0,False,1.9,4.0
ALB,Williams,70.0,3.0,HARD,30.0,76.01,20.001,35.8,20.209,200.0,191.0,258.0,272.0,1,False,22.5,42.3,51.0,False,1.9,9.0
SAI,Williams,70.0,3.0,MEDIUM,25.0,74.36,19.356,35.332,19.672,214.0,199.0,258.0,279.0,1,False,22.5,42.3,51.0,False,1.9,10.0
RUS,Mercedes,70.0,3.0,HARD,2.0,74.303,19.488,35.161,19.654,208.0,197.0,259.0,278.0,1,False,22.6,42.7,50.0,False,1.4,11.0
HAM,Ferrari,72.0,3.0,MEDIUM,19.0,74.273,19.468,35.182,19.623,209.0,199.0,260.0,278.0,1,False,22.6,42.7,50.0,False,1.4,5.0
TSU,Red Bull Racing,70.0,2.0,HARD,69.0,76.046,19.803,36.101,20.142,208.0,195.0,258.0,279.0,1,False,22.6,42.7,50.0,False,1.4,12.0
BEA,Haas F1 Team,70.0,3.0,MEDIUM,53.0,76.663,20.099,36.465,20.099,205.0,193.0,261.0,280.0,1,False,22.6,42.7,50.0,False,1.4,13.0
COL,Alpine,70.0,3.0,MEDIUM,44.0,76.707,19.773,36.702,20.232,205.0,194.0,257.0,278.0,1,False,22.6,42.7,50.0,False,1.4,14.0
HAD,Racing Bulls,71.0,3.0,HARD,53.0,76.798,20.057,36.49,20.251,207.0,196.0,259.0,281.0,1,False,22.6,42.7,50.0,False,1.4,6.0
OCO,Haas F1 Team,71.0,3.0,HARD,43.0,76.828,20.077,36.416,20.335,195.0,192.0,261.0,282.0,1,False,22.6,42.7,50.0,False,1.4,7.0
LAW,Racing Bulls,71.0,3.0,HARD,32.0,77.053,20.087,36.603,20.363,200.0,194.0,259.0,282.0,1,False,22.6,42.7,50.0,False,1.4,8.0
BOR,Kick Sauber,70.0,4.0,MEDIUM,35.0,77.096,20.151,36.533,20.412,192.0,192.0,265.0,280.0,1,False,22.6,42.7,50.0,False,1.4,15.0
HUL,Kick Sauber,70.0,3.0,SOFT,26.0,76.741,19.901,36.471,20.369,204.0,190.0,269.0,283.0,1,False,22.6,42.7,50.0,False,1.4,16.0
STR,Aston Martin,70.0,3.0,MEDIUM,7.0,76.215,19.819,36.204,20.192,199.0,196.0,262.0,285.0,1,False,22.6,42.7,50.0,False,1.4,17.0
ANT,Mercedes,70.0,2.0,MEDIUM,1.0,79.503,23.648,36.183,19.672,197.0,192.0,260.0,281.0,1,False,22.6,42.7,50.0,False,1.4,18.0
VER,Red Bull Racing,73.0,2.0,MEDIUM,45.0,76.221,19.818,36.413,19.99,201.0,199.0,260.0,281.0,1,False,22.6,42.7,50.0,False,1.4,1.0
NOR,McLaren,73.0,3.0,HARD,23.0,76.355,19.899,36.501,19.955,211.0,194.0,261.0,282.0,1,False,22.6,42.7,50.0,False,1.4,2.0
LEC,Ferrari,73.0,3.0,MEDIUM,27.0,76.349,19.9,36.26,20.189,195.0,191.0,269.0,283.0,1,False,22.6,42.7,50.0,False,1.4,3.0
PIA,McLaren,73.0,3.0,HARD,25.0,76.214,19.997,35.932,20.285,202.0,194.0,270.0,273.0,1,False,22.6,42.7,50.0,False,1.4,4.0
ALB,Williams,71.0,3.0,HARD,31.0,75.751,19.777,35.793,20.181,202.0,191.0,258.0,272.0,1,False,22.6,42.7,50.0,False,1.4,9.0
SAI,Williams,71.0,3.0,MEDIUM,26.0,76.42,19.883,36.144,20.393,198.0,192.0,258.0,279.0,1,False,22.6,42.7,50.0,False,1.4,10.0
RUS,Mercedes,71.0,3.0,HARD,3.0,74.053,19.419,35.042,19.592,210.0,197.0,260.0,278.0,1,False,22.5,42.0,50.0,False,1.2,11.0
HAM,Ferrari,73.0,3.0,MEDIUM,20.0,74.09,19.375,35.138,19.577,208.0,199.0,260.0,277.0,1,True,22.5,42.0,50.0,False,1.2,5.0
TSU,Red Bull Racing,71.0,2.0,HARD,70.0,75.607,19.779,35.83,19.998,209.0,195.0,258.0,279.0,1,True,22.5,42.0,50.0,False,1.2,12.0
BEA,Haas F1 Team,71.0,3.0,MEDIUM,54.0,75.748,19.8,36.16,19.788,206.0,196.0,261.0,280.0,1,False,22.5,42.0,50.0,False,1.2,13.0
COL,Alpine,71.0,3.0,MEDIUM,45.0,76.256,19.673,36.385,20.198,210.0,194.0,258.0,278.0,1,False,22.5,42.0,50.0,False,1.2,14.0
HAD,Racing Bulls,72.0,3.0,HARD,54.0,76.92,20.115,36.554,20.251,206.0,193.0,258.0,281.0,1,False,22.5,42.0,50.0,False,1.2,6.0
OCO,Haas F1 Team,72.0,3.0,HARD,44.0,76.768,20.136,36.239,20.393,193.0,191.0,269.0,282.0,1,False,22.5,42.0,50.0,False,1.2,7.0
LAW,Racing Bulls,72.0,3.0,HARD,33.0,76.392,19.828,36.395,20.169,200.0,194.0,267.0,283.0,1,False,22.5,42.0,50.0,False,1.2,8.0
BOR,Kick Sauber,71.0,4.0,MEDIUM,36.0,76.484,19.858,36.331,20.295,197.0,193.0,266.0,280.0,1,False,22.5,42.0,50.0,False,1.2,15.0
HUL,Kick Sauber,71.0,3.0,SOFT,27.0,76.602,19.984,36.394,20.224,204.0,193.0,270.0,283.0,1,False,22.5,42.0,50.0,False,1.2,16.0
STR,Aston Martin,71.0,3.0,MEDIUM,8.0,76.555,19.91,36.118,20.527,194.0,195.0,263.0,284.0,1,False,22.5,42.0,50.0,False,1.2,17.0
VER,Red Bull Racing,74.0,2.0,MEDIUM,46.0,76.349,20.007,36.387,19.955,204.0,198.0,259.0,281.0,1,False,22.5,42.0,50.0,False,1.2,1.0
NOR,McLaren,74.0,3.0,HARD,24.0,76.287,19.624,36.63,20.033,198.0,190.0,261.0,282.0,1,False,22.5,42.0,50.0,False,1.2,2.0
LEC,Ferrari,74.0,3.0,MEDIUM,28.0,76.248,19.738,36.264,20.246,202.0,191.0,270.0,286.0,1,False,22.5,42.0,50.0,False,1.2,3.0
PIA,McLaren,74.0,3.0,HARD,26.0,76.193,19.885,35.966,20.342,204.0,191.0,269.0,274.0,1,False,22.5,42.0,50.0,False,1.2,4.0
ANT,Mercedes,71.0,2.0,MEDIUM,2.0,91.512,19.316,34.86,37.336,214.0,196.0,,282.0,1,False,22.3,41.8,51.0,False,1.6,18.0
ALB,Williams,72.0,3.0,HARD,32.0,75.87,19.934,35.768,20.168,200.0,193.0,258.0,273.0,1,False,22.3,41.8,51.0,False,1.6,9.0
SAI,Williams,72.0,3.0,MEDIUM,27.0,75.794,19.649,35.974,20.171,205.0,192.0,258.0,279.0,1,False,22.3,41.8,51.0,False,1.6,10.0
RUS,Mercedes,72.0,3.0,HARD,4.0,73.865,19.322,34.965,19.578,209.0,199.0,260.0,279.0,1,False,22.3,41.8,51.0,False,1.6,11.0
HAM,Ferrari,74.0,3.0,MEDIUM,21.0,75.388,19.942,35.506,19.94,203.0,196.0,259.0,276.0,1,False,22.3,41.8,51.0,False,1.6,5.0
TSU,Red Bull Racing,72.0,2.0,HARD,71.0,75.32,19.713,35.682,19.925,210.0,196.0,258.0,278.0,1,True,22.3,41.8,51.0,False,1.6,12.0
BEA,Haas F1 Team,72.0,3.0,MEDIUM,55.0,75.427,19.724,35.867,19.836,208.0,198.0,261.0,280.0,1,False,22.3,41.8,51.0,False,1.6,13.0
COL,Alpine,72.0,3.0,MEDIUM,46.0,76.135,19.762,36.313,20.06,204.0,197.0,258.0,277.0,1,False,22.3,41.8,51.0,False,1.6,14.0
HAD,Racing Bulls,73.0,3.0,HARD,55.0,76.724,19.935,36.613,20.176,206.0,195.0,259.0,280.0,1,False,22.3,41.8,51.0,False,1.6,6.0
OCO,Haas F1 Team,73.0,3.0,HARD,45.0,76.652,20.063,36.313,20.276,194.0,193.0,269.0,282.0,1,False,22.3,41.8,51.0,False,1.6,7.0
LAW,Racing Bulls,73.0,3.0,HARD,34.0,76.597,19.964,36.373,20.26,199.0,195.0,269.0,283.0,1,False,22.3,41.8,51.0,False,1.6,8.0
BOR,Kick Sauber,72.0,4.0,MEDIUM,37.0,76.624,19.898,36.245,20.481,193.0,192.0,266.0,280.0,1,False,22.3,41.8,51.0,False,1.6,15.0
HUL,Kick Sauber,72.0,3.0,SOFT,28.0,76.682,19.88,36.477,20.325,204.0,190.0,269.0,282.0,1,False,22.3,41.8,51.0,False,1.6,16.0
STR,Aston Martin,72.0,3.0,MEDIUM,9.0,76.161,19.651,35.924,20.586,199.0,195.0,263.0,283.0,1,False,22.3,41.8,51.0,False,1.6,17.0
VER,Red Bull Racing,75.0,2.0,MEDIUM,47.0,76.344,19.87,36.434,20.04,204.0,196.0,259.0,280.0,1,False,22.3,41.6,51.0,False,1.5,1.0
NOR,McLaren,75.0,3.0,HARD,25.0,76.405,19.72,36.667,20.018,196.0,184.0,262.0,282.0,1,False,22.3,41.6,51.0,False,1.5,2.0
LEC,Ferrari,75.0,3.0,MEDIUM,29.0,76.343,19.854,36.252,20.237,202.0,194.0,270.0,286.0,1,False,22.3,41.6,51.0,False,1.5,3.0
PIA,McLaren,75.0,3.0,HARD,27.0,76.139,19.95,35.959,20.23,205.0,195.0,272.0,274.0,1,False,22.3,41.6,51.0,False,1.5,4.0
ANT,Mercedes,72.0,3.0,HARD,1.0,79.009,22.866,35.872,20.271,207.0,191.0,261.0,279.0,1,False,22.3,41.6,51.0,False,1.5,18.0
ALB,Williams,73.0,3.0,HARD,33.0,75.15,19.815,35.545,19.79,201.0,193.0,260.0,280.0,1,False,22.3,41.6,51.0,False,1.5,9.0
SAI,Williams,73.0,3.0,MEDIUM,28.0,76.53,19.888,36.17,20.472,205.0,194.0,258.0,280.0,1,False,22.3,41.6,51.0,False,1.5,10.0
RUS,Mercedes,73.0,3.0,HARD,5.0,73.596,19.296,34.733,19.567,213.0,200.0,259.0,280.0,1,False,22.3,41.6,51.0,False,1.5,11.0
HAM,Ferrari,75.0,3.0,MEDIUM,22.0,76.317,20.032,36.072,20.213,201.0,195.0,258.0,276.0,1,False,22.3,41.6,51.0,False,1.5,5.0
BEA,Haas F1 Team,73.0,3.0,MEDIUM,56.0,75.355,19.631,35.894,19.83,209.0,198.0,260.0,280.0,1,False,22.3,41.6,51.0,False,1.5,12.0
COL,Alpine,73.0,3.0,MEDIUM,47.0,75.669,19.485,36.107,20.077,206.0,197.0,257.0,278.0,1,False,22.2,41.3,52.0,False,1.5,13.0
HAD,Racing Bulls,74.0,3.0,HARD,56.0,76.627,19.887,36.541,20.199,206.0,196.0,258.0,280.0,1,False,22.2,41.3,52.0,False,1.5,6.0
OCO,Haas F1 Team,74.0,3.0,HARD,46.0,76.58,20.025,36.237,20.318,196.0,192.0,269.0,282.0,1,False,22.2,41.3,52.0,False,1.5,7.0
LAW,Racing Bulls,74.0,3.0,HARD,35.0,77.066,19.933,36.603,20.53,193.0,192.0,260.0,282.0,1,False,22.2,41.3,52.0,False,1.5,8.0
BOR,Kick Sauber,73.0,4.0,MEDIUM,38.0,76.774,19.775,36.42,20.579,199.0,192.0,265.0,279.0,1,False,22.2,41.3,52.0,False,1.5,14.0
HUL,Kick Sauber,73.0,3.0,SOFT,29.0,76.717,19.775,36.564,20.378,207.0,193.0,268.0,281.0,1,False,22.2,41.3,52.0,False,1.5,15.0
STR,Aston Martin,73.0,3.0,MEDIUM,10.0,75.952,19.627,36.078,20.247,201.0,192.0,271.0,284.0,1,False,22.2,41.3,52.0,False,1.5,16.0
TSU,Red Bull Racing,73.0,2.0,HARD,72.0,91.926,19.623,35.537,36.766,207.0,196.0,,278.0,1,False,22.2,41.3,52.0,False,1.5,17.0
VER,Red Bull Racing,76.0,2.0,MEDIUM,48.0,76.468,19.865,36.47,20.133,206.0,200.0,260.0,280.0,1,False,22.2,41.3,52.0,False,1.5,1.0
NOR,McLaren,76.0,3.0,HARD,26.0,75.836,19.502,36.26,20.074,203.0,195.0,263.0,284.0,1,False,22.2,41.3,52.0,False,1.5,2.0
LEC,Ferrari,76.0,3.0,MEDIUM,30.0,75.963,19.602,36.078,20.283,205.0,194.0,269.0,286.0,1,False,22.2,41.3,52.0,False,1.5,3.0
PIA,McLaren,76.0,3.0,HARD,28.0,75.909,19.837,35.742,20.33,207.0,195.0,272.0,275.0,1,False,22.2,41.3,52.0,False,1.5,4.0
ANT,Mercedes,73.0,3.0,HARD,2.0,73.651,19.33,34.832,19.489,211.0,196.0,262.0,282.0,1,True,22.2,41.3,52.0,False,1.5,18.0
ALB,Williams,74.0,3.0,HARD,34.0,74.597,19.592,35.332,19.673,209.0,195.0,259.0,282.0,1,True,22.2,41.3,52.0,False,1.5,9.0
SAI,Williams,74.0,3.0,MEDIUM,29.0,74.295,19.429,35.243,19.623,214.0,197.0,258.0,280.0,1,False,22.2,41.3,52.0,False,1.5,10.0
RUS,Mercedes,74.0,3.0,HARD,6.0,73.405,19.211,34.69,19.504,211.0,202.0,259.0,279.0,1,True,22.2,41.3,52.0,False,1.5,11.0
HAM,Ferrari,76.0,3.0,MEDIUM,23.0,76.537,20.237,35.895,20.405,204.0,191.0,258.0,275.0,1,False,22.3,41.3,51.0,False,0.9,5.0
BEA,Haas F1 Team,74.0,3.0,MEDIUM,57.0,75.365,19.528,35.823,20.014,208.0,199.0,260.0,279.0,1,False,22.3,41.3,51.0,False,0.9,12.0
COL,Alpine,74.0,3.0,MEDIUM,48.0,75.564,19.558,36.073,19.933,211.0,194.0,258.0,277.0,1,False,22.3,41.3,51.0,False,0.9,13.0
HAD,Racing Bulls,75.0,3.0,HARD,57.0,76.575,19.982,36.448,20.145,207.0,193.0,258.0,279.0,1,False,22.3,41.3,51.0,False,0.9,6.0
OCO,Haas F1 Team,75.0,3.0,HARD,47.0,76.714,20.114,36.237,20.363,195.0,191.0,269.0,281.0,1,False,22.3,41.3,51.0,False,0.9,7.0
LAW,Racing Bulls,75.0,3.0,HARD,36.0,76.757,20.085,36.347,20.325,196.0,191.0,261.0,282.0,1,False,22.3,41.3,51.0,False,0.9,8.0
BOR,Kick Sauber,74.0,4.0,MEDIUM,39.0,76.831,20.102,36.386,20.343,196.0,193.0,266.0,279.0,1,False,22.3,41.3,51.0,False,0.9,14.0
HUL,Kick Sauber,74.0,3.0,SOFT,30.0,77.411,20.161,36.998,20.252,206.0,190.0,261.0,282.0,1,False,22.3,41.3,51.0,False,0.9,15.0
STR,Aston Martin,74.0,3.0,MEDIUM,11.0,77.061,19.81,37.098,20.153,198.0,187.0,271.0,291.0,1,False,22.3,41.3,51.0,False,0.9,16.0
TSU,Red Bull Racing,74.0,3.0,MEDIUM,1.0,79.467,23.105,36.228,20.134,196.0,187.0,258.0,281.0,1,False,22.3,41.3,51.0,False,0.9,17.0
NOR,McLaren,77.0,3.0,HARD,27.0,75.717,19.726,36.279,19.712,204.0,198.0,263.0,286.0,1,False,22.3,41.3,51.0,False,0.9,1.0
LEC,Ferrari,77.0,3.0,MEDIUM,31.0,76.11,19.785,36.111,20.214,206.0,195.0,268.0,286.0,1,False,22.3,41.3,51.0,False,0.9,2.0
PIA,McLaren,77.0,3.0,HARD,29.0,76.523,19.877,36.311,20.335,206.0,191.0,271.0,274.0,1,False,22.3,41.3,51.0,False,0.9,3.0
ANT,Mercedes,74.0,3.0,HARD,3.0,73.518,19.187,34.864,19.467,212.0,197.0,261.0,283.0,1,True,22.3,41.3,51.0,False,0.9,18.0
ALB,Williams,75.0,3.0,HARD,35.0,74.6,19.565,35.364,19.671,210.0,194.0,259.0,281.0,1,False,22.3,41.3,51.0,False,0.9,9.0
SAI,Williams,75.0,3.0,MEDIUM,30.0,74.539,19.424,35.357,19.758,212.0,197.0,259.0,281.0,1,False,22.3,41.3,51.0,False,0.9,10.0
VER,Red Bull Racing,77.0,2.0,MEDIUM,49.0,93.332,19.91,36.656,36.766,202.0,194.0,,281.0,1,False,22.3,41.3,51.0,False,0.9,4.0
RUS,Mercedes,75.0,3.0,HARD,7.0,73.773,19.292,34.746,19.735,212.0,198.0,261.0,280.0,1,False,22.4,41.9,50.0,False,1.5,11.0
HAM,Ferrari,77.0,3.0,MEDIUM,24.0,76.522,20.474,35.824,20.224,199.0,195.0,258.0,275.0,1,False,22.4,41.9,50.0,False,1.5,5.0
BEA,Haas F1 Team,75.0,3.0,MEDIUM,58.0,75.799,19.65,36.177,19.972,208.0,198.0,261.0,279.0,1,False,22.4,41.9,50.0,False,1.5,12.0
COL,Alpine,75.0,3.0,MEDIUM,49.0,75.92,19.573,36.35,19.997,211.0,191.0,258.0,277.0,1,False,22.4,41.9,50.0,False,1.5,13.0
HAD,Racing Bulls,76.0,3.0,HARD,58.0,76.633,19.879,36.61,20.144,204.0,193.0,258.0,278.0,1,False,22.4,41.9,50.0,False,1.5,6.0
OCO,Haas F1 Team,76.0,3.0,HARD,48.0,76.604,20.093,36.305,20.206,196.0,193.0,269.0,281.0,1,False,22.4,41.9,50.0,False,1.5,7.0
LAW,Racing Bulls,76.0,3.0,HARD,37.0,76.028,19.792,36.049,20.187,205.0,194.0,270.0,283.0,1,False,22.4,41.9,50.0,False,1.5,8.0
BOR,Kick Sauber,75.0,4.0,MEDIUM,40.0,76.681,19.963,36.368,20.35,201.0,189.0,258.0,278.0,1,False,22.4,41.9,50.0,False,1.5,14.0
HUL,Kick Sauber,75.0,3.0,SOFT,31.0,76.504,19.817,36.349,20.338,208.0,190.0,261.0,281.0,1,False,22.4,41.9,50.0,False,1.5,15.0
STR,Aston Martin,75.0,3.0,MEDIUM,12.0,76.313,19.87,36.305,20.138,201.0,193.0,273.0,289.0,1,False,22.4,41.9,50.0,False,1.5,16.0
TSU,Red Bull Racing,75.0,3.0,MEDIUM,2.0,74.913,19.624,35.388,19.901,209.0,193.0,260.0,282.0,1,True,22.4,41.9,50.0,False,1.5,17.0
NOR,McLaren,78.0,3.0,HARD,28.0,73.221,19.145,34.697,19.379,213.0,202.0,261.0,282.0,1,True,22.4,41.9,50.0,False,1.5,1.0
LEC,Ferrari,78.0,3.0,MEDIUM,32.0,75.369,19.466,35.723,20.18,210.0,196.0,255.0,284.0,1,False,22.4,41.9,50.0,False,1.5,2.0
PIA,McLaren,78.0,3.0,HARD,30.0,75.02,19.798,35.361,19.861,206.0,196.0,269.0,276.0,1,False,22.4,41.9,50.0,False,1.5,3.0
ANT,Mercedes,75.0,3.0,HARD,4.0,74.834,19.39,35.555,19.889,207.0,194.0,254.0,283.0,1,False,22.4,41.7,50.0,False,1.0,18.0
ALB,Williams,76.0,3.0,HARD,36.0,74.776,19.564,35.374,19.838,212.0,194.0,238.0,280.0,1,False,22.4,41.7,50.0,False,1.0,9.0
SAI,Williams,76.0,3.0,MEDIUM,31.0,75.182,19.432,35.823,19.927,212.0,193.0,256.0,281.0,1,False,22.4,41.7,50.0,False,1.0,10.0
VER,Red Bull Racing,78.0,3.0,SOFT,4.0,77.77,22.061,35.599,20.11,189.0,195.0,226.0,280.0,1,False,22.4,41.7,50.0,False,1.0,4.0
RUS,Mercedes,76.0,3.0,HARD,8.0,74.49,19.412,35.04,20.038,210.0,195.0,258.0,281.0,1,False,22.4,41.7,50.0,False,1.0,11.0
HAM,Ferrari,78.0,3.0,MEDIUM,25.0,77.439,20.498,36.035,20.906,198.0,194.0,228.0,274.0,1,False,22.4,41.7,50.0,False,1.0,5.0
BEA,Haas F1 Team,76.0,3.0,MEDIUM,59.0,77.224,19.742,36.783,20.699,205.0,194.0,256.0,279.0,1,False,22.4,41.7,50.0,False,1.0,12.0
COL,Alpine,76.0,3.0,MEDIUM,50.0,75.435,19.512,36.009,19.914,212.0,197.0,259.0,278.0,1,False,22.4,41.7,50.0,False,1.0,13.0
HAD,Racing Bulls,77.0,3.0,HARD,59.0,76.798,19.946,36.454,20.398,207.0,194.0,257.0,279.0,1,False,22.4,41.7,50.0,False,1.0,6.0
OCO,Haas F1 Team,77.0,3.0,HARD,49.0,76.747,19.953,36.322,20.472,196.0,192.0,268.0,282.0,1,False,22.4,41.7,50.0,False,1.0,7.0
LAW,Racing Bulls,77.0,3.0,HARD,38.0,76.63,19.908,36.206,20.516,198.0,193.0,267.0,283.0,1,False,22.4,41.4,51.0,False,1.5,8.0
BOR,Kick Sauber,76.0,4.0,MEDIUM,41.0,76.867,19.872,36.36,20.635,197.0,194.0,257.0,278.0,1,False,22.4,41.4,51.0,False,1.5,14.0
STR,Aston Martin,76.0,3.0,MEDIUM,13.0,77.596,20.154,36.818,20.624,197.0,188.0,260.0,288.0,1,False,22.4,41.4,51.0,False,1.5,15.0
HUL,Kick Sauber,76.0,3.0,SOFT,32.0,78.954,19.883,38.005,21.066,203.0,182.0,255.0,283.0,1,False,22.4,41.4,51.0,False,1.5,16.0
TSU,Red Bull Racing,76.0,3.0,MEDIUM,3.0,75.886,19.262,35.731,20.893,210.0,192.0,262.0,284.0,1,False,22.4,41.4,51.0,False,1.5,17.0
