Year,GrandPrix,Driver,Team,LapNumber,Stint,Compound,TyreLife,LapTimeSeconds,Sector1TimeSeconds,Sector2TimeSeconds,Sector3TimeSeconds,SpeedI1,SpeedI2,SpeedFL,SpeedST,TrackStatus,IsPersonalBest,AirTemp,TrackTemp,Humidity,Rainfall,WindSpeed,Position
2025,Italian Grand Prix,VER,Red Bull Racing,1.0,1.0,MEDIUM,1.0,87.159,,29.088,28.517,321.0,309.0,305.0,284.0,1,False,26.6,44.2,43.0,False,1.8,1.0
2025,Italian Grand Prix,NOR,McLaren,1.0,1.0,MEDIUM,1.0,87.43,,29.911,27.903,330.0,312.0,314.0,267.0,1,False,26.6,44.2,43.0,False,1.8,2.0
2025,Italian Grand Prix,PIA,McLaren,1.0,1.0,MEDIUM,1.0,87.992,,30.023,28.116,322.0,318.0,309.0,287.0,1,False,26.6,44.2,43.0,False,1.8,3.0
2025,Italian Grand Prix,LEC,Ferrari,1.0,1.0,MEDIUM,1.0,88.28,,30.558,28.013,339.0,318.0,317.0,292.0,1,False,26.6,44.2,43.0,False,1.8,4.0
2025,Italian Grand Prix,RUS,Mercedes,1.0,1.0,MEDIUM,1.0,88.907,,30.234,28.243,328.0,319.0,310.0,286.0,1,False,26.6,44.2,43.0,False,1.8,5.0
2025,Italian Grand Prix,ALO,Aston Martin,1.0,1.0,MEDIUM,2.0,89.645,,30.38,28.63,340.0,317.0,309.0,298.0,1,False,26.6,44.2,43.0,False,1.8,6.0
2025,Italian Grand Prix,BOR,Kick Sauber,1.0,1.0,MEDIUM,1.0,90.149,,30.99,28.607,340.0,320.0,316.0,294.0,1,False,26.6,44.2,43.0,False,1.8,7.0
2025,Italian Grand Prix,HAM,Ferrari,1.0,1.0,MEDIUM,1.0,90.49,,31.219,28.299,339.0,313.0,317.0,298.0,1,False,26.6,44.2,43.0,False,1.8,8.0
2025,Italian Grand Prix,TSU,Red Bull Racing,1.0,1.0,MEDIUM,1.0,91.278,,31.382,28.985,337.0,326.0,311.0,257.0,1,False,26.6,44.2,43.0,False,1.8,9.0
2025,Italian Grand Prix,ANT,Mercedes,1.0,1.0,MEDIUM,1.0,91.686,,31.496,28.871,333.0,314.0,312.0,266.0,1,False,26.6,44.2,43.0,False,1.8,10.0
2025,Italian Grand Prix,BEA,Haas F1 Team,1.0,1.0,MEDIUM,1.0,91.914,,31.002,29.046,320.0,324.0,315.0,271.0,1,False,26.6,44.2,43.0,False,1.8,11.0
2025,Italian Grand Prix,SAI,Williams,1.0,1.0,MEDIUM,1.0,92.424,,31.052,29.14,331.0,315.0,312.0,278.0,1,False,26.6,44.2,43.0,False,1.8,12.0
2025,Italian Grand Prix,ALB,Williams,1.0,1.0,HARD,1.0,92.851,,31.206,29.271,323.0,330.0,312.0,272.0,1,False,26.6,44.2,43.0,False,1.8,13.0
2025,Italian Grand Prix,OCO,Haas F1 Team,1.0,1.0,HARD,1.0,93.184,,31.35,29.494,327.0,334.0,313.0,260.0,1,False,26.6,44.2,43.0,False,1.8,14.0
2025,Italian Grand Prix,LAW,Racing Bulls,1.0,1.0,SOFT,1.0,93.554,,31.422,29.496,342.0,333.0,313.0,291.0,1,False,26.6,44.2,43.0,False,1.8,15.0
2025,Italian Grand Prix,STR,Aston Martin,1.0,1.0,HARD,2.0,93.936,,32.185,29.244,303.0,316.0,312.0,268.0,1,False,26.6,44.2,43.0,False,1.8,16.0
2025,Italian Grand Prix,COL,Alpine,1.0,1.0,MEDIUM,1.0,94.322,,31.813,29.284,321.0,320.0,311.0,279.0,1,False,26.6,44.2,43.0,False,1.8,17.0
2025,Italian Grand Prix,HAD,Racing Bulls,1.0,1.0,HARD,2.0,94.878,,29.816,28.549,328.0,324.0,313.0,283.0,1,False,26.6,44.2,43.0,False,1.8,18.0
2025,Italian Grand Prix,GAS,Alpine,1.0,1.0,HARD,1.0,95.676,,29.724,28.616,328.0,321.0,310.0,261.0,1,False,26.6,44.2,43.0,False,1.8,19.0
2025,Italian Grand Prix,NOR,McLaren,2.0,1.0,MEDIUM,2.0,83.889,27.675,28.557,27.657,311.0,311.0,309.0,322.0,1,True,26.7,44.4,42.0,False,1.3,1.0
2025,Italian Grand Prix,VER,Red Bull Racing,2.0,1.0,MEDIUM,2.0,84.859,28.457,28.843,27.559,314.0,326.0,313.0,309.0,1,True,26.7,44.4,42.0,False,1.3,2.0
2025,Italian Grand Prix,LEC,Ferrari,2.0,1.0,MEDIUM,2.0,85.178,27.47,29.358,28.35,325.0,331.0,311.0,352.0,1,True,26.7,44.4,42.0,False,1.3,3.0
2025,Italian Grand Prix,PIA,McLaren,2.0,1.0,MEDIUM,2.0,85.759,27.817,29.686,28.256,336.0,336.0,312.0,340.0,1,True,26.7,44.4,42.0,False,1.3,4.0
2025,Italian Grand Prix,RUS,Mercedes,2.0,1.0,MEDIUM,2.0,85.309,27.677,29.339,28.293,321.0,334.0,312.0,338.0,1,True,26.7,44.4,42.0,False,1.3,5.0
2025,Italian Grand Prix,BOR,Kick Sauber,2.0,1.0,MEDIUM,2.0,84.823,27.588,28.937,28.298,319.0,339.0,315.0,342.0,1,True,26.7,44.4,42.0,False,1.3,6.0
2025,Italian Grand Prix,ALO,Aston Martin,2.0,1.0,MEDIUM,3.0,85.926,28.102,29.35,28.474,321.0,337.0,310.0,322.0,1,True,26.7,44.4,42.0,False,1.3,7.0
2025,Italian Grand Prix,HAM,Ferrari,2.0,1.0,MEDIUM,2.0,85.502,27.501,29.625,28.376,330.0,339.0,316.0,337.0,1,True,26.7,44.4,42.0,False,1.3,8.0
2025,Italian Grand Prix,TSU,Red Bull Racing,2.0,1.0,MEDIUM,2.0,85.349,27.805,29.267,28.277,327.0,342.0,313.0,322.0,1,True,26.7,44.4,42.0,False,1.3,9.0
2025,Italian Grand Prix,ANT,Mercedes,2.0,1.0,MEDIUM,2.0,85.453,27.625,29.637,28.191,326.0,338.0,312.0,342.0,1,True,26.7,44.4,42.0,False,1.3,10.0
2025,Italian Grand Prix,BEA,Haas F1 Team,2.0,1.0,MEDIUM,2.0,85.671,27.91,29.363,28.398,320.0,342.0,314.0,325.0,1,True,26.7,44.4,42.0,False,1.3,11.0
2025,Italian Grand Prix,SAI,Williams,2.0,1.0,MEDIUM,2.0,85.628,27.813,29.35,28.465,326.0,341.0,314.0,328.0,1,True,26.7,44.4,42.0,False,1.3,12.0
2025,Italian Grand Prix,ALB,Williams,2.0,1.0,HARD,2.0,85.762,27.809,29.38,28.573,322.0,342.0,313.0,330.0,1,True,26.6,44.5,42.0,False,1.4,13.0
2025,Italian Grand Prix,OCO,Haas F1 Team,2.0,1.0,HARD,2.0,85.897,28.398,28.92,28.579,329.0,340.0,312.0,315.0,1,True,26.6,44.5,42.0,False,1.4,14.0
2025,Italian Grand Prix,LAW,Racing Bulls,2.0,1.0,SOFT,2.0,86.251,28.289,29.65,28.312,324.0,339.0,313.0,331.0,1,True,26.6,44.5,42.0,False,1.4,15.0
2025,Italian Grand Prix,STR,Aston Martin,2.0,1.0,HARD,3.0,86.506,27.702,30.488,28.316,333.0,338.0,312.0,321.0,1,False,26.6,44.5,42.0,False,1.4,16.0
2025,Italian Grand Prix,COL,Alpine,2.0,1.0,MEDIUM,2.0,86.775,28.152,30.192,28.431,317.0,335.0,311.0,308.0,1,True,26.6,44.5,42.0,False,1.4,17.0
2025,Italian Grand Prix,HAD,Racing Bulls,2.0,1.0,HARD,3.0,86.732,28.158,30.04,28.534,322.0,332.0,315.0,328.0,1,True,26.6,44.5,42.0,False,1.4,18.0
2025,Italian Grand Prix,GAS,Alpine,2.0,1.0,HARD,2.0,86.563,28.186,29.769,28.608,315.0,333.0,312.0,313.0,1,True,26.6,44.5,42.0,False,1.4,19.0
2025,Italian Grand Prix,NOR,McLaren,3.0,1.0,MEDIUM,3.0,83.674,27.624,28.43,27.62,307.0,311.0,309.0,329.0,1,True,26.6,44.5,43.0,False,1.4,1.0
2025,Italian Grand Prix,VER,Red Bull Racing,3.0,1.0,MEDIUM,3.0,83.512,27.212,28.713,27.587,320.0,329.0,314.0,350.0,1,True,26.6,44.5,43.0,False,1.4,2.0
2025,Italian Grand Prix,LEC,Ferrari,3.0,1.0,MEDIUM,3.0,84.965,27.995,29.025,27.945,315.0,318.0,313.0,336.0,1,True,26.6,44.5,43.0,False,1.4,3.0
2025,Italian Grand Prix,PIA,McLaren,3.0,1.0,MEDIUM,3.0,85.117,28.424,28.647,28.046,314.0,328.0,313.0,347.0,1,True,26.6,44.5,43.0,False,1.4,4.0
2025,Italian Grand Prix,RUS,Mercedes,3.0,1.0,MEDIUM,3.0,85.346,28.305,29.054,27.987,325.0,329.0,312.0,337.0,1,False,26.6,44.5,43.0,False,1.4,5.0
2025,Italian Grand Prix,BOR,Kick Sauber,3.0,1.0,MEDIUM,3.0,85.354,27.553,29.583,28.218,323.0,341.0,315.0,347.0,1,False,26.6,44.5,43.0,False,1.4,6.0
2025,Italian Grand Prix,ALO,Aston Martin,3.0,1.0,MEDIUM,4.0,85.403,27.618,29.576,28.209,318.0,333.0,310.0,349.0,1,True,26.6,44.5,43.0,False,1.4,7.0
2025,Italian Grand Prix,HAM,Ferrari,3.0,1.0,MEDIUM,3.0,85.486,27.463,29.717,28.306,325.0,339.0,315.0,343.0,1,True,26.6,44.5,43.0,False,1.4,8.0
2025,Italian Grand Prix,TSU,Red Bull Racing,3.0,1.0,MEDIUM,3.0,85.526,27.68,29.478,28.368,316.0,341.0,313.0,339.0,1,False,26.6,44.5,43.0,False,1.4,9.0
2025,Italian Grand Prix,ANT,Mercedes,3.0,1.0,MEDIUM,3.0,85.461,27.462,29.648,28.351,312.0,338.0,312.0,336.0,1,False,26.6,44.5,43.0,False,1.4,10.0
2025,Italian Grand Prix,BEA,Haas F1 Team,3.0,1.0,MEDIUM,3.0,85.42,27.504,29.406,28.51,318.0,343.0,313.0,345.0,1,True,26.6,44.5,43.0,False,1.4,11.0
2025,Italian Grand Prix,SAI,Williams,3.0,1.0,MEDIUM,3.0,85.414,27.502,29.5,28.412,321.0,335.0,312.0,351.0,1,True,26.6,44.5,43.0,False,1.4,12.0
2025,Italian Grand Prix,ALB,Williams,3.0,1.0,HARD,3.0,85.238,27.41,29.424,28.404,319.0,340.0,313.0,352.0,1,True,26.6,44.5,43.0,False,1.4,13.0
2025,Italian Grand Prix,OCO,Haas F1 Team,3.0,1.0,HARD,3.0,85.155,27.355,29.41,28.39,318.0,340.0,313.0,338.0,1,True,26.6,44.5,43.0,False,1.4,14.0
2025,Italian Grand Prix,LAW,Racing Bulls,3.0,1.0,SOFT,3.0,84.942,27.394,29.194,28.354,317.0,344.0,313.0,343.0,1,True,26.6,44.5,43.0,False,1.4,15.0
2025,Italian Grand Prix,STR,Aston Martin,3.0,1.0,HARD,4.0,85.064,27.603,29.126,28.335,313.0,335.0,311.0,338.0,1,True,26.6,44.5,43.0,False,1.4,16.0
2025,Italian Grand Prix,COL,Alpine,3.0,1.0,MEDIUM,3.0,85.346,27.648,29.365,28.333,309.0,329.0,310.0,339.0,1,True,26.6,44.5,43.0,False,1.4,17.0
2025,Italian Grand Prix,HAD,Racing Bulls,3.0,1.0,HARD,4.0,85.467,27.609,29.65,28.208,316.0,342.0,315.0,323.0,1,True,26.6,44.5,43.0,False,1.4,18.0
2025,Italian Grand Prix,GAS,Alpine,3.0,1.0,HARD,3.0,85.506,27.716,29.646,28.144,312.0,330.0,312.0,335.0,1,True,26.6,44.5,43.0,False,1.4,19.0
2025,Italian Grand Prix,VER,Red Bull Racing,4.0,1.0,MEDIUM,4.0,83.262,27.375,28.455,27.432,312.0,312.0,313.0,352.0,1,True,26.6,44.4,43.0,False,2.6,1.0
2025,Italian Grand Prix,NOR,McLaren,4.0,1.0,MEDIUM,4.0,84.819,28.346,28.762,27.711,305.0,321.0,313.0,322.0,1,False,26.6,44.4,43.0,False,2.6,2.0
2025,Italian Grand Prix,LEC,Ferrari,4.0,1.0,MEDIUM,4.0,84.525,27.653,29.02,27.852,308.0,318.0,313.0,323.0,1,False,26.6,44.4,43.0,False,2.6,3.0
2025,Italian Grand Prix,PIA,McLaren,4.0,1.0,MEDIUM,4.0,84.567,27.516,29.12,27.931,316.0,325.0,314.0,337.0,1,True,26.6,44.4,43.0,False,2.6,4.0
2025,Italian Grand Prix,RUS,Mercedes,4.0,1.0,MEDIUM,4.0,84.513,27.405,29.093,28.015,315.0,329.0,313.0,340.0,1,True,26.6,44.4,43.0,False,2.6,5.0
2025,Italian Grand Prix,BOR,Kick Sauber,4.0,1.0,MEDIUM,4.0,84.744,27.484,29.009,28.251,315.0,334.0,315.0,334.0,1,True,26.6,44.4,43.0,False,2.6,6.0
2025,Italian Grand Prix,ALO,Aston Martin,4.0,1.0,MEDIUM,5.0,84.861,27.621,28.963,28.277,309.0,327.0,311.0,336.0,1,True,26.6,44.4,43.0,False,2.6,7.0
2025,Italian Grand Prix,HAM,Ferrari,4.0,1.0,MEDIUM,4.0,84.744,27.415,29.339,27.99,325.0,337.0,319.0,336.0,1,True,26.6,44.4,43.0,False,2.6,8.0
2025,Italian Grand Prix,TSU,Red Bull Racing,4.0,1.0,MEDIUM,4.0,84.871,27.607,29.192,28.072,316.0,338.0,313.0,330.0,1,True,26.6,44.4,43.0,False,2.6,9.0
2025,Italian Grand Prix,ANT,Mercedes,4.0,1.0,MEDIUM,4.0,84.841,27.359,29.466,28.016,320.0,338.0,314.0,342.0,1,True,26.6,44.4,43.0,False,2.6,10.0
2025,Italian Grand Prix,BEA,Haas F1 Team,4.0,1.0,MEDIUM,4.0,84.885,27.563,29.162,28.16,320.0,344.0,315.0,339.0,1,True,26.6,44.4,43.0,False,2.6,11.0
2025,Italian Grand Prix,SAI,Williams,4.0,1.0,MEDIUM,4.0,85.204,27.578,29.394,28.232,315.0,334.0,314.0,345.0,1,True,26.6,44.4,43.0,False,2.6,12.0
2025,Italian Grand Prix,ALB,Williams,4.0,1.0,HARD,4.0,85.427,27.608,29.388,28.431,315.0,336.0,314.0,351.0,1,False,26.6,44.4,43.0,False,2.6,13.0
2025,Italian Grand Prix,OCO,Haas F1 Team,4.0,1.0,HARD,4.0,85.435,27.582,29.397,28.456,317.0,337.0,314.0,329.0,1,False,26.6,44.4,43.0,False,2.6,14.0
2025,Italian Grand Prix,LAW,Racing Bulls,4.0,1.0,SOFT,4.0,85.404,27.594,29.348,28.462,312.0,340.0,315.0,343.0,1,False,26.6,44.4,43.0,False,2.6,15.0
2025,Italian Grand Prix,STR,Aston Martin,4.0,1.0,HARD,5.0,85.209,27.515,29.373,28.321,314.0,334.0,314.0,334.0,1,False,26.6,44.4,43.0,False,2.6,16.0
2025,Italian Grand Prix,COL,Alpine,4.0,1.0,MEDIUM,4.0,85.04,27.363,29.501,28.176,311.0,329.0,312.0,339.0,1,True,26.6,44.4,43.0,False,2.6,17.0
2025,Italian Grand Prix,HAD,Racing Bulls,4.0,1.0,HARD,5.0,85.218,27.616,29.235,28.367,321.0,341.0,314.0,337.0,1,True,26.6,44.4,43.0,False,2.6,18.0
2025,Italian Grand Prix,GAS,Alpine,4.0,1.0,HARD,4.0,85.32,27.402,29.516,28.402,316.0,331.0,312.0,338.0,1,True,26.6,44.4,43.0,False,2.6,19.0
2025,Italian Grand Prix,VER,Red Bull Racing,5.0,1.0,MEDIUM,5.0,83.588,27.52,28.427,27.641,309.0,310.0,313.0,317.0,1,False,26.6,44.2,43.0,False,1.8,1.0
2025,Italian Grand Prix,NOR,McLaren,5.0,1.0,MEDIUM,5.0,84.238,27.645,28.659,27.934,308.0,309.0,312.0,316.0,1,False,26.6,44.2,43.0,False,1.8,2.0
2025,Italian Grand Prix,LEC,Ferrari,5.0,1.0,MEDIUM,5.0,84.441,27.531,28.968,27.942,314.0,314.0,314.0,333.0,1,True,26.6,44.2,43.0,False,1.8,3.0
2025,Italian Grand Prix,PIA,McLaren,5.0,1.0,MEDIUM,5.0,84.358,27.39,28.967,28.001,315.0,322.0,317.0,333.0,1,True,26.6,44.2,43.0,False,1.8,4.0
2025,Italian Grand Prix,RUS,Mercedes,5.0,1.0,MEDIUM,5.0,84.344,27.428,28.862,28.054,313.0,329.0,314.0,337.0,1,True,26.6,44.2,43.0,False,1.8,5.0
2025,Italian Grand Prix,BOR,Kick Sauber,5.0,1.0,MEDIUM,5.0,84.329,27.524,28.79,28.015,318.0,326.0,317.0,330.0,1,True,26.6,44.2,43.0,False,1.8,6.0
2025,Italian Grand Prix,HAM,Ferrari,5.0,1.0,MEDIUM,5.0,83.942,26.922,29.052,27.968,320.0,331.0,317.0,363.0,1,True,26.6,44.2,43.0,False,1.8,7.0
2025,Italian Grand Prix,ALO,Aston Martin,5.0,1.0,MEDIUM,6.0,85.129,27.854,29.048,28.227,317.0,332.0,311.0,351.0,1,False,26.6,44.2,43.0,False,1.8,8.0
2025,Italian Grand Prix,TSU,Red Bull Racing,5.0,1.0,MEDIUM,5.0,84.594,27.424,29.067,28.103,317.0,335.0,314.0,341.0,1,True,26.6,44.2,43.0,False,1.8,9.0
2025,Italian Grand Prix,ANT,Mercedes,5.0,1.0,MEDIUM,5.0,84.65,27.253,29.309,28.088,319.0,336.0,314.0,348.0,1,True,26.6,44.2,43.0,False,1.8,10.0
2025,Italian Grand Prix,BEA,Haas F1 Team,5.0,1.0,MEDIUM,5.0,84.829,27.591,29.143,28.095,319.0,338.0,315.0,331.0,1,True,26.6,44.2,43.0,False,1.8,11.0
2025,Italian Grand Prix,SAI,Williams,5.0,1.0,MEDIUM,5.0,84.727,27.287,29.181,28.259,317.0,334.0,314.0,346.0,1,True,26.6,44.2,43.0,False,1.8,12.0
2025,Italian Grand Prix,ALB,Williams,5.0,1.0,HARD,5.0,84.598,27.17,29.072,28.356,317.0,340.0,315.0,356.0,1,True,26.6,44.2,43.0,False,1.8,13.0
2025,Italian Grand Prix,OCO,Haas F1 Team,5.0,1.0,HARD,5.0,84.685,27.331,29.044,28.31,316.0,336.0,315.0,340.0,1,True,26.6,44.2,43.0,False,1.8,14.0
2025,Italian Grand Prix,LAW,Racing Bulls,5.0,1.0,SOFT,5.0,84.828,27.397,29.118,28.313,317.0,340.0,316.0,334.0,1,True,26.6,44.2,43.0,False,1.8,15.0
2025,Italian Grand Prix,STR,Aston Martin,5.0,1.0,HARD,6.0,84.915,27.56,29.143,28.212,316.0,334.0,314.0,326.0,1,True,26.6,44.2,43.0,False,1.8,16.0
2025,Italian Grand Prix,COL,Alpine,5.0,1.0,MEDIUM,5.0,84.945,27.726,28.972,28.247,310.0,330.0,313.0,333.0,1,True,26.6,44.2,43.0,False,1.8,17.0
2025,Italian Grand Prix,HAD,Racing Bulls,5.0,1.0,HARD,6.0,84.887,27.34,29.36,28.187,320.0,340.0,315.0,333.0,1,True,26.6,44.2,43.0,False,1.8,18.0
2025,Italian Grand Prix,GAS,Alpine,5.0,1.0,HARD,5.0,85.991,27.542,29.258,29.191,313.0,329.0,311.0,337.0,1,False,26.6,44.2,43.0,False,1.8,19.0
2025,Italian Grand Prix,VER,Red Bull Racing,6.0,1.0,MEDIUM,6.0,83.576,27.434,28.496,27.646,311.0,312.0,312.0,320.0,1,False,26.6,44.2,43.0,False,1.8,1.0
2025,Italian Grand Prix,NOR,McLaren,6.0,1.0,MEDIUM,6.0,83.887,27.407,28.595,27.885,309.0,311.0,311.0,324.0,1,False,26.6,44.2,43.0,False,1.8,2.0
2025,Italian Grand Prix,PIA,McLaren,6.0,1.0,MEDIUM,6.0,83.679,27.322,28.515,27.842,319.0,311.0,311.0,353.0,1,True,26.6,44.2,43.0,False,1.8,3.0
2025,Italian Grand Prix,LEC,Ferrari,6.0,1.0,MEDIUM,6.0,84.858,27.986,28.969,27.903,320.0,325.0,316.0,322.0,1,False,26.6,44.2,43.0,False,1.8,4.0
2025,Italian Grand Prix,RUS,Mercedes,6.0,1.0,MEDIUM,6.0,84.457,27.492,28.842,28.123,315.0,330.0,313.0,334.0,1,False,26.6,44.2,43.0,False,1.8,5.0
2025,Italian Grand Prix,BOR,Kick Sauber,6.0,1.0,MEDIUM,6.0,84.602,27.473,28.841,28.288,318.0,334.0,315.0,332.0,1,False,26.6,44.2,43.0,False,1.8,6.0
2025,Italian Grand Prix,HAM,Ferrari,6.0,1.0,MEDIUM,6.0,84.175,27.175,28.891,28.109,318.0,335.0,319.0,336.0,1,False,26.6,44.2,43.0,False,1.8,7.0
2025,Italian Grand Prix,ALO,Aston Martin,6.0,1.0,MEDIUM,7.0,84.196,27.317,28.657,28.222,317.0,335.0,311.0,335.0,1,True,26.6,44.2,43.0,False,1.8,8.0
2025,Italian Grand Prix,TSU,Red Bull Racing,6.0,1.0,MEDIUM,6.0,84.897,27.516,29.248,28.133,330.0,323.0,312.0,339.0,1,False,26.6,44.2,43.0,False,1.8,9.0
2025,Italian Grand Prix,ANT,Mercedes,6.0,1.0,MEDIUM,6.0,85.08,27.114,29.695,28.271,327.0,329.0,312.0,342.0,1,False,26.6,44.2,43.0,False,1.8,10.0
2025,Italian Grand Prix,BEA,Haas F1 Team,6.0,1.0,MEDIUM,6.0,84.745,27.447,29.068,28.23,320.0,339.0,316.0,341.0,1,True,26.6,44.2,43.0,False,1.8,11.0
2025,Italian Grand Prix,SAI,Williams,6.0,1.0,MEDIUM,6.0,84.704,27.233,29.066,28.405,321.0,337.0,314.0,342.0,1,True,26.6,44.2,43.0,False,1.8,12.0
2025,Italian Grand Prix,ALB,Williams,6.0,1.0,HARD,6.0,84.743,27.261,29.151,28.331,320.0,335.0,313.0,348.0,1,False,26.6,44.2,43.0,False,1.8,13.0
2025,Italian Grand Prix,OCO,Haas F1 Team,6.0,1.0,HARD,6.0,84.65,27.256,29.079,28.315,319.0,336.0,314.0,346.0,1,True,26.6,44.2,43.0,False,1.8,14.0
2025,Italian Grand Prix,LAW,Racing Bulls,6.0,1.0,SOFT,6.0,84.656,27.329,29.095,28.232,319.0,340.0,314.0,333.0,1,True,26.6,44.2,43.0,False,1.8,15.0
2025,Italian Grand Prix,STR,Aston Martin,6.0,1.0,HARD,7.0,84.813,27.32,29.081,28.412,319.0,336.0,311.0,345.0,1,True,26.6,44.2,43.0,False,1.8,16.0
2025,Italian Grand Prix,COL,Alpine,6.0,1.0,MEDIUM,6.0,84.944,27.594,29.083,28.267,310.0,320.0,310.0,336.0,1,True,26.6,44.2,43.0,False,1.8,17.0
2025,Italian Grand Prix,HAD,Racing Bulls,6.0,1.0,HARD,7.0,84.924,27.407,29.369,28.148,317.0,336.0,314.0,335.0,1,False,26.6,44.2,43.0,False,1.8,18.0
2025,Italian Grand Prix,GAS,Alpine,6.0,1.0,HARD,6.0,84.987,27.609,29.118,28.26,313.0,318.0,311.0,326.0,1,True,26.6,44.2,43.0,False,1.8,19.0
2025,Italian Grand Prix,VER,Red Bull Racing,7.0,1.0,MEDIUM,7.0,83.31,27.458,28.306,27.546,311.0,313.0,312.0,320.0,1,False,26.7,44.2,43.0,False,1.8,1.0
2025,Italian Grand Prix,NOR,McLaren,7.0,1.0,MEDIUM,7.0,83.538,27.4,28.426,27.712,311.0,313.0,312.0,325.0,1,True,26.7,44.2,43.0,False,1.8,2.0
2025,Italian Grand Prix,PIA,McLaren,7.0,1.0,MEDIUM,7.0,83.738,27.487,28.495,27.756,309.0,311.0,312.0,324.0,1,False,26.7,44.2,43.0,False,1.8,3.0
2025,Italian Grand Prix,LEC,Ferrari,7.0,1.0,MEDIUM,7.0,83.974,27.478,28.744,27.752,315.0,317.0,316.0,334.0,1,True,26.7,44.2,43.0,False,1.8,4.0
2025,Italian Grand Prix,RUS,Mercedes,7.0,1.0,MEDIUM,7.0,83.94,27.355,28.744,27.841,314.0,328.0,312.0,336.0,1,True,26.7,44.2,43.0,False,1.8,5.0
2025,Italian Grand Prix,HAM,Ferrari,7.0,1.0,MEDIUM,7.0,84.057,26.956,28.949,28.152,317.0,320.0,314.0,361.0,1,False,26.7,44.2,43.0,False,1.8,6.0
2025,Italian Grand Prix,BOR,Kick Sauber,7.0,1.0,MEDIUM,7.0,85.041,27.824,29.009,28.208,315.0,332.0,316.0,329.0,1,False,26.7,44.4,41.0,False,3.6,7.0
2025,Italian Grand Prix,ALO,Aston Martin,7.0,1.0,MEDIUM,8.0,84.623,27.303,29.015,28.305,318.0,330.0,312.0,337.0,1,False,26.7,44.4,41.0,False,3.6,8.0
2025,Italian Grand Prix,TSU,Red Bull Racing,7.0,1.0,MEDIUM,7.0,84.656,27.626,28.973,28.057,314.0,321.0,312.0,328.0,1,False,26.7,44.4,41.0,False,3.6,9.0
2025,Italian Grand Prix,ANT,Mercedes,7.0,1.0,MEDIUM,7.0,84.501,27.509,29.028,27.964,316.0,329.0,314.0,340.0,1,True,26.7,44.4,41.0,False,3.6,10.0
2025,Italian Grand Prix,BEA,Haas F1 Team,7.0,1.0,MEDIUM,7.0,84.625,27.633,28.919,28.073,322.0,338.0,316.0,360.0,1,True,26.7,44.4,41.0,False,3.6,11.0
2025,Italian Grand Prix,SAI,Williams,7.0,1.0,MEDIUM,7.0,84.676,27.339,29.145,28.192,326.0,334.0,314.0,344.0,1,True,26.7,44.4,41.0,False,3.6,12.0
2025,Italian Grand Prix,ALB,Williams,7.0,1.0,HARD,7.0,84.736,27.422,29.028,28.286,316.0,333.0,313.0,343.0,1,False,26.7,44.4,41.0,False,3.6,13.0
2025,Italian Grand Prix,OCO,Haas F1 Team,7.0,1.0,HARD,7.0,84.85,27.447,29.087,28.316,316.0,335.0,312.0,341.0,1,False,26.7,44.4,41.0,False,3.6,14.0
2025,Italian Grand Prix,LAW,Racing Bulls,7.0,1.0,SOFT,7.0,84.85,27.429,29.162,28.259,319.0,339.0,313.0,326.0,1,False,26.7,44.4,41.0,False,3.6,15.0
2025,Italian Grand Prix,STR,Aston Martin,7.0,1.0,HARD,8.0,84.678,27.479,28.959,28.24,316.0,335.0,313.0,338.0,1,True,26.7,44.4,41.0,False,3.6,16.0
2025,Italian Grand Prix,COL,Alpine,7.0,1.0,MEDIUM,7.0,84.886,27.589,29.154,28.143,309.0,319.0,311.0,336.0,1,True,26.7,44.4,41.0,False,3.6,17.0
2025,Italian Grand Prix,HAD,Racing Bulls,7.0,1.0,HARD,8.0,84.606,27.494,28.929,28.183,326.0,341.0,316.0,334.0,1,True,26.7,44.4,41.0,False,3.6,18.0
2025,Italian Grand Prix,GAS,Alpine,7.0,1.0,HARD,7.0,84.772,27.756,28.944,28.072,312.0,317.0,311.0,325.0,1,True,26.7,44.4,41.0,False,3.6,19.0
2025,Italian Grand Prix,VER,Red Bull Racing,8.0,1.0,MEDIUM,8.0,83.139,27.411,28.318,27.41,310.0,312.0,312.0,320.0,1,True,26.8,44.4,42.0,False,3.0,1.0
2025,Italian Grand Prix,NOR,McLaren,8.0,1.0,MEDIUM,8.0,83.518,27.424,28.333,27.761,309.0,312.0,310.0,324.0,1,True,26.8,44.4,42.0,False,3.0,2.0
2025,Italian Grand Prix,PIA,McLaren,8.0,1.0,MEDIUM,8.0,83.949,27.442,28.551,27.956,308.0,309.0,312.0,323.0,1,False,26.8,44.4,42.0,False,3.0,3.0
2025,Italian Grand Prix,LEC,Ferrari,8.0,1.0,MEDIUM,8.0,84.041,27.508,28.746,27.787,314.0,316.0,315.0,325.0,1,False,26.8,44.4,42.0,False,3.0,4.0
2025,Italian Grand Prix,RUS,Mercedes,8.0,1.0,MEDIUM,8.0,83.88,27.538,28.622,27.72,314.0,326.0,313.0,330.0,1,True,26.8,44.4,42.0,False,3.0,5.0
2025,Italian Grand Prix,HAM,Ferrari,8.0,1.0,MEDIUM,8.0,84.646,27.378,29.043,28.225,316.0,319.0,314.0,321.0,1,False,26.8,44.4,42.0,False,3.0,6.0
2025,Italian Grand Prix,BOR,Kick Sauber,8.0,1.0,MEDIUM,8.0,84.729,27.585,28.901,28.243,317.0,331.0,315.0,331.0,1,False,26.8,44.4,42.0,False,3.0,7.0
2025,Italian Grand Prix,ALO,Aston Martin,8.0,1.0,MEDIUM,9.0,84.724,27.4,29.022,28.302,317.0,331.0,311.0,334.0,1,False,26.8,44.4,42.0,False,3.0,8.0
2025,Italian Grand Prix,TSU,Red Bull Racing,8.0,1.0,MEDIUM,8.0,84.453,27.502,28.976,27.975,311.0,322.0,312.0,338.0,1,True,26.8,44.4,42.0,False,3.0,9.0
2025,Italian Grand Prix,ANT,Mercedes,8.0,1.0,MEDIUM,8.0,84.398,27.352,29.08,27.966,316.0,330.0,315.0,338.0,1,True,26.8,44.4,42.0,False,3.0,10.0
2025,Italian Grand Prix,BEA,Haas F1 Team,8.0,1.0,MEDIUM,8.0,84.494,27.518,28.916,28.06,318.0,338.0,314.0,319.0,1,True,26.8,44.4,42.0,False,3.0,11.0
2025,Italian Grand Prix,SAI,Williams,8.0,1.0,MEDIUM,8.0,84.704,27.59,28.784,28.33,316.0,334.0,314.0,336.0,1,False,26.8,44.4,42.0,False,3.0,12.0
2025,Italian Grand Prix,ALB,Williams,8.0,1.0,HARD,8.0,84.553,27.502,28.825,28.226,314.0,335.0,314.0,335.0,1,True,26.8,44.4,42.0,False,3.0,13.0
2025,Italian Grand Prix,OCO,Haas F1 Team,8.0,1.0,HARD,8.0,84.608,27.471,28.952,28.185,315.0,333.0,313.0,329.0,1,True,26.8,44.4,42.0,False,3.0,14.0
2025,Italian Grand Prix,LAW,Racing Bulls,8.0,1.0,SOFT,8.0,84.725,27.534,29.056,28.135,318.0,339.0,313.0,323.0,1,False,26.8,44.4,42.0,False,3.0,15.0
2025,Italian Grand Prix,STR,Aston Martin,8.0,1.0,HARD,9.0,84.835,27.566,29.007,28.262,314.0,335.0,312.0,327.0,1,False,26.8,44.4,42.0,False,3.0,16.0
2025,Italian Grand Prix,COL,Alpine,8.0,1.0,MEDIUM,8.0,85.104,27.847,29.118,28.139,307.0,319.0,310.0,340.0,1,False,26.8,44.4,42.0,False,3.0,17.0
2025,Italian Grand Prix,HAD,Racing Bulls,8.0,1.0,HARD,9.0,85.728,28.656,29.041,28.031,315.0,326.0,315.0,362.0,1,False,26.8,44.4,42.0,False,3.0,18.0
2025,Italian Grand Prix,GAS,Alpine,8.0,1.0,HARD,8.0,85.158,27.673,29.362,28.123,314.0,317.0,312.0,324.0,1,False,26.8,44.4,42.0,False,3.0,19.0
2025,Italian Grand Prix,VER,Red Bull Racing,9.0,1.0,MEDIUM,9.0,83.101,27.292,28.355,27.454,311.0,314.0,312.0,321.0,1,True,26.8,44.3,44.0,False,2.8,1.0
2025,Italian Grand Prix,NOR,McLaren,9.0,1.0,MEDIUM,9.0,83.477,27.397,28.356,27.724,309.0,312.0,311.0,326.0,1,True,26.8,44.3,44.0,False,2.8,2.0
2025,Italian Grand Prix,PIA,McLaren,9.0,1.0,MEDIUM,9.0,83.685,27.47,28.473,27.742,308.0,311.0,311.0,324.0,1,False,26.8,44.3,44.0,False,2.8,3.0
2025,Italian Grand Prix,LEC,Ferrari,9.0,1.0,MEDIUM,9.0,84.052,27.413,28.811,27.828,315.0,316.0,313.0,344.0,1,False,26.8,44.3,44.0,False,2.8,4.0
2025,Italian Grand Prix,RUS,Mercedes,9.0,1.0,MEDIUM,9.0,84.068,27.399,28.738,27.931,317.0,328.0,312.0,340.0,1,False,26.8,44.3,44.0,False,2.8,5.0
2025,Italian Grand Prix,HAM,Ferrari,9.0,1.0,MEDIUM,9.0,83.894,27.281,28.742,27.871,317.0,320.0,314.0,321.0,1,True,26.8,44.3,44.0,False,2.8,6.0
2025,Italian Grand Prix,BOR,Kick Sauber,9.0,1.0,MEDIUM,9.0,84.431,27.405,28.944,28.082,318.0,322.0,314.0,329.0,1,False,26.8,44.3,44.0,False,2.8,7.0
2025,Italian Grand Prix,ALO,Aston Martin,9.0,1.0,MEDIUM,10.0,84.485,27.287,28.913,28.285,320.0,328.0,311.0,341.0,1,False,26.8,44.3,44.0,False,2.8,8.0
2025,Italian Grand Prix,TSU,Red Bull Racing,9.0,1.0,MEDIUM,9.0,84.53,27.531,28.874,28.125,315.0,320.0,313.0,330.0,1,False,26.8,44.3,44.0,False,2.8,9.0
2025,Italian Grand Prix,ANT,Mercedes,9.0,1.0,MEDIUM,9.0,84.566,27.38,29.168,28.018,319.0,329.0,314.0,340.0,1,False,26.8,44.3,44.0,False,2.8,10.0
2025,Italian Grand Prix,BEA,Haas F1 Team,9.0,1.0,MEDIUM,9.0,84.52,27.649,28.879,27.992,316.0,335.0,315.0,334.0,1,False,26.8,44.3,44.0,False,2.8,11.0
2025,Italian Grand Prix,SAI,Williams,9.0,1.0,MEDIUM,9.0,84.389,27.357,28.941,28.091,317.0,331.0,315.0,347.0,1,True,26.8,44.3,44.0,False,2.8,12.0
2025,Italian Grand Prix,ALB,Williams,9.0,1.0,HARD,9.0,84.647,27.329,29.057,28.261,318.0,334.0,314.0,352.0,1,False,26.8,44.3,44.0,False,2.8,13.0
2025,Italian Grand Prix,OCO,Haas F1 Team,9.0,1.0,HARD,9.0,84.657,27.351,29.06,28.246,315.0,334.0,313.0,342.0,1,False,26.8,44.3,44.0,False,2.8,14.0
2025,Italian Grand Prix,STR,Aston Martin,9.0,1.0,HARD,10.0,84.541,27.365,28.874,28.302,318.0,335.0,311.0,341.0,1,True,26.8,44.3,44.0,False,2.8,15.0
2025,Italian Grand Prix,COL,Alpine,9.0,1.0,MEDIUM,9.0,84.816,27.617,28.93,28.269,309.0,318.0,310.0,324.0,1,False,26.8,44.3,44.0,False,2.8,16.0
2025,Italian Grand Prix,HAD,Racing Bulls,9.0,1.0,HARD,10.0,84.167,27.403,28.666,28.098,318.0,337.0,316.0,326.0,1,True,26.8,44.3,44.0,False,2.8,17.0
2025,Italian Grand Prix,LAW,Racing Bulls,9.0,1.0,SOFT,9.0,88.824,27.362,28.963,32.499,319.0,347.0,,332.0,1,False,26.8,44.3,44.0,False,2.8,18.0
2025,Italian Grand Prix,GAS,Alpine,9.0,1.0,HARD,9.0,84.868,27.594,29.195,28.079,312.0,316.0,311.0,322.0,1,False,26.9,44.3,42.0,False,2.4,19.0
2025,Italian Grand Prix,VER,Red Bull Racing,10.0,1.0,MEDIUM,10.0,83.088,27.369,28.37,27.349,313.0,314.0,311.0,322.0,1,True,27.0,44.3,43.0,False,1.6,1.0
2025,Italian Grand Prix,NOR,McLaren,10.0,1.0,MEDIUM,10.0,83.416,27.42,28.351,27.645,311.0,312.0,310.0,325.0,1,True,27.0,44.3,43.0,False,1.6,2.0
2025,Italian Grand Prix,PIA,McLaren,10.0,1.0,MEDIUM,10.0,83.461,27.43,28.274,27.757,311.0,313.0,311.0,323.0,1,True,27.0,44.3,43.0,False,1.6,3.0
2025,Italian Grand Prix,LEC,Ferrari,10.0,1.0,MEDIUM,10.0,84.14,27.535,28.793,27.812,314.0,315.0,313.0,342.0,1,False,27.0,44.3,43.0,False,1.6,4.0
2025,Italian Grand Prix,RUS,Mercedes,10.0,1.0,MEDIUM,10.0,84.347,27.309,29.084,27.954,322.0,326.0,311.0,340.0,1,False,27.0,44.3,43.0,False,1.6,5.0
2025,Italian Grand Prix,HAM,Ferrari,10.0,1.0,MEDIUM,10.0,83.824,27.292,28.601,27.931,318.0,322.0,314.0,323.0,1,True,27.0,44.3,43.0,False,1.6,6.0
2025,Italian Grand Prix,BOR,Kick Sauber,10.0,1.0,MEDIUM,10.0,84.517,27.729,28.736,28.052,315.0,321.0,314.0,323.0,1,False,27.0,44.3,43.0,False,1.6,7.0
2025,Italian Grand Prix,ALO,Aston Martin,10.0,1.0,MEDIUM,11.0,84.506,27.472,28.902,28.132,318.0,327.0,311.0,337.0,1,False,27.0,44.3,43.0,False,1.6,8.0
2025,Italian Grand Prix,TSU,Red Bull Racing,10.0,1.0,MEDIUM,10.0,84.449,27.599,28.911,27.939,315.0,321.0,313.0,326.0,1,True,27.0,44.3,43.0,False,1.6,9.0
2025,Italian Grand Prix,ANT,Mercedes,10.0,1.0,MEDIUM,10.0,84.571,27.321,29.201,28.049,322.0,330.0,313.0,346.0,1,False,27.0,44.3,43.0,False,1.6,10.0
2025,Italian Grand Prix,BEA,Haas F1 Team,10.0,1.0,MEDIUM,10.0,84.534,27.517,28.93,28.087,321.0,338.0,314.0,342.0,1,False,27.0,44.3,43.0,False,1.6,11.0
2025,Italian Grand Prix,SAI,Williams,10.0,1.0,MEDIUM,10.0,84.483,27.391,28.918,28.174,320.0,336.0,313.0,340.0,1,False,27.0,44.3,43.0,False,1.6,12.0
2025,Italian Grand Prix,ALB,Williams,10.0,1.0,HARD,10.0,84.453,27.291,28.873,28.289,316.0,335.0,313.0,334.0,1,True,27.0,44.3,43.0,False,1.6,13.0
2025,Italian Grand Prix,OCO,Haas F1 Team,10.0,1.0,HARD,10.0,84.466,27.444,28.819,28.203,313.0,333.0,313.0,341.0,1,True,27.0,44.3,43.0,False,1.6,14.0
2025,Italian Grand Prix,STR,Aston Martin,10.0,1.0,HARD,11.0,84.209,27.347,28.774,28.088,315.0,323.0,311.0,339.0,1,True,27.0,44.3,43.0,False,1.6,15.0
2025,Italian Grand Prix,COL,Alpine,10.0,1.0,MEDIUM,10.0,84.728,27.613,29.239,27.876,308.0,314.0,310.0,326.0,1,True,27.0,44.3,43.0,False,1.6,16.0
2025,Italian Grand Prix,HAD,Racing Bulls,10.0,1.0,HARD,11.0,84.864,27.505,29.292,28.067,318.0,332.0,315.0,342.0,1,False,27.0,44.3,43.0,False,1.6,17.0
2025,Italian Grand Prix,GAS,Alpine,10.0,1.0,HARD,10.0,84.56,27.684,28.875,28.001,311.0,315.0,311.0,321.0,1,True,27.0,44.3,43.0,False,1.6,18.0
2025,Italian Grand Prix,LAW,Racing Bulls,10.0,2.0,HARD,1.0,105.148,47.886,29.203,28.059,310.0,316.0,309.0,283.0,1,False,27.0,44.3,43.0,False,1.6,19.0
2025,Italian Grand Prix,VER,Red Bull Racing,11.0,1.0,MEDIUM,11.0,83.066,27.378,28.3,27.388,312.0,313.0,312.0,320.0,1,True,27.0,43.9,43.0,False,2.5,1.0
2025,Italian Grand Prix,NOR,McLaren,11.0,1.0,MEDIUM,11.0,83.36,27.415,28.315,27.63,310.0,311.0,312.0,323.0,1,True,27.0,43.9,43.0,False,2.5,2.0
2025,Italian Grand Prix,PIA,McLaren,11.0,1.0,MEDIUM,11.0,83.897,27.38,28.518,27.999,309.0,310.0,311.0,323.0,1,False,27.0,43.9,43.0,False,2.5,3.0
2025,Italian Grand Prix,LEC,Ferrari,11.0,1.0,MEDIUM,11.0,84.036,27.383,28.78,27.873,314.0,315.0,314.0,330.0,1,False,27.0,43.9,43.0,False,2.5,4.0
2025,Italian Grand Prix,RUS,Mercedes,11.0,1.0,MEDIUM,11.0,84.124,27.537,28.76,27.827,313.0,324.0,313.0,327.0,1,False,27.0,43.9,43.0,False,2.5,5.0
2025,Italian Grand Prix,HAM,Ferrari,11.0,1.0,MEDIUM,11.0,83.876,27.302,28.721,27.853,318.0,322.0,314.0,326.0,1,False,27.0,43.9,43.0,False,2.5,6.0
2025,Italian Grand Prix,BOR,Kick Sauber,11.0,1.0,MEDIUM,11.0,84.549,27.589,28.775,28.185,315.0,320.0,312.0,326.0,1,False,27.0,43.9,43.0,False,2.5,7.0
2025,Italian Grand Prix,ALO,Aston Martin,11.0,1.0,MEDIUM,12.0,84.46,27.504,28.795,28.161,316.0,326.0,310.0,337.0,1,False,27.0,43.9,43.0,False,2.5,8.0
2025,Italian Grand Prix,TSU,Red Bull Racing,11.0,1.0,MEDIUM,11.0,84.414,27.572,28.861,27.981,315.0,322.0,313.0,324.0,1,True,27.0,43.9,43.0,False,2.5,9.0
2025,Italian Grand Prix,ANT,Mercedes,11.0,1.0,MEDIUM,11.0,84.51,27.407,29.11,27.993,312.0,326.0,314.0,337.0,1,False,27.0,43.9,43.0,False,2.5,10.0
2025,Italian Grand Prix,BEA,Haas F1 Team,11.0,1.0,MEDIUM,11.0,84.662,27.558,28.962,28.142,320.0,336.0,315.0,327.0,1,False,27.0,43.9,43.0,False,2.5,11.0
2025,Italian Grand Prix,SAI,Williams,11.0,1.0,MEDIUM,11.0,84.592,27.458,29.028,28.106,319.0,329.0,315.0,337.0,1,False,27.0,43.9,43.0,False,2.5,12.0
2025,Italian Grand Prix,ALB,Williams,11.0,1.0,HARD,11.0,84.514,27.301,28.943,28.27,320.0,336.0,315.0,335.0,1,False,27.0,43.9,43.0,False,2.5,13.0
2025,Italian Grand Prix,OCO,Haas F1 Team,11.0,1.0,HARD,11.0,84.489,27.438,28.825,28.226,314.0,335.0,314.0,339.0,1,False,27.0,43.9,43.0,False,2.5,14.0
2025,Italian Grand Prix,STR,Aston Martin,11.0,1.0,HARD,12.0,84.362,27.401,28.787,28.174,314.0,330.0,312.0,334.0,1,False,27.0,43.9,43.0,False,2.5,15.0
2025,Italian Grand Prix,COL,Alpine,11.0,1.0,MEDIUM,11.0,84.768,27.661,28.925,28.182,308.0,315.0,309.0,324.0,1,False,27.0,43.9,43.0,False,2.5,16.0
2025,Italian Grand Prix,HAD,Racing Bulls,11.0,1.0,HARD,12.0,84.649,27.595,28.82,28.234,320.0,335.0,315.0,336.0,1,False,27.0,43.9,43.0,False,2.5,17.0
2025,Italian Grand Prix,GAS,Alpine,11.0,1.0,HARD,11.0,84.667,27.653,28.981,28.033,312.0,315.0,311.0,323.0,1,False,27.0,43.9,43.0,False,2.5,18.0
2025,Italian Grand Prix,LAW,Racing Bulls,11.0,2.0,HARD,2.0,83.879,27.5,28.517,27.862,311.0,315.0,311.0,312.0,1,True,27.1,44.2,41.0,False,2.1,19.0
2025,Italian Grand Prix,VER,Red Bull Racing,12.0,1.0,MEDIUM,12.0,83.014,27.338,28.354,27.322,313.0,313.0,313.0,322.0,1,True,27.1,44.2,41.0,False,2.1,1.0
2025,Italian Grand Prix,NOR,McLaren,12.0,1.0,MEDIUM,12.0,83.294,27.388,28.246,27.66,312.0,311.0,311.0,326.0,1,True,27.1,44.2,41.0,False,2.1,2.0
2025,Italian Grand Prix,PIA,McLaren,12.0,1.0,MEDIUM,12.0,83.486,27.356,28.412,27.718,310.0,311.0,312.0,323.0,1,False,27.1,44.2,41.0,False,2.1,3.0
2025,Italian Grand Prix,LEC,Ferrari,12.0,1.0,MEDIUM,12.0,83.893,27.412,28.684,27.797,316.0,315.0,314.0,323.0,1,True,27.1,44.2,41.0,False,2.1,4.0
2025,Italian Grand Prix,RUS,Mercedes,12.0,1.0,MEDIUM,12.0,83.83,27.421,28.577,27.832,316.0,323.0,313.0,330.0,1,True,27.1,44.2,41.0,False,2.1,5.0
2025,Italian Grand Prix,HAM,Ferrari,12.0,1.0,MEDIUM,12.0,84.336,27.19,29.13,28.016,320.0,319.0,314.0,327.0,1,False,27.2,44.7,41.0,False,3.1,6.0
2025,Italian Grand Prix,BOR,Kick Sauber,12.0,1.0,MEDIUM,12.0,84.529,27.604,28.843,28.082,314.0,318.0,314.0,322.0,1,False,27.2,44.7,41.0,False,3.1,7.0
2025,Italian Grand Prix,ALO,Aston Martin,12.0,1.0,MEDIUM,13.0,84.624,27.549,28.811,28.264,315.0,325.0,312.0,331.0,1,False,27.2,44.7,41.0,False,3.1,8.0
2025,Italian Grand Prix,TSU,Red Bull Racing,12.0,1.0,MEDIUM,12.0,84.483,27.529,28.901,28.053,318.0,322.0,313.0,324.0,1,False,27.2,44.7,41.0,False,3.1,9.0
2025,Italian Grand Prix,ANT,Mercedes,12.0,1.0,MEDIUM,12.0,84.447,27.407,28.904,28.136,313.0,327.0,313.0,328.0,1,False,27.2,44.7,41.0,False,3.1,10.0
2025,Italian Grand Prix,BEA,Haas F1 Team,12.0,1.0,MEDIUM,12.0,84.559,27.46,28.875,28.224,317.0,334.0,313.0,339.0,1,False,27.2,44.7,41.0,False,3.1,11.0
2025,Italian Grand Prix,SAI,Williams,12.0,1.0,MEDIUM,12.0,84.557,27.325,29.041,28.191,318.0,331.0,315.0,341.0,1,False,27.2,44.7,41.0,False,3.1,12.0
2025,Italian Grand Prix,ALB,Williams,12.0,1.0,HARD,12.0,84.559,27.34,28.945,28.274,317.0,336.0,314.0,345.0,1,False,27.2,44.7,41.0,False,3.1,13.0
2025,Italian Grand Prix,OCO,Haas F1 Team,12.0,1.0,HARD,12.0,84.509,27.423,28.808,28.278,315.0,334.0,315.0,335.0,1,False,27.2,44.7,41.0,False,3.1,14.0
2025,Italian Grand Prix,STR,Aston Martin,12.0,1.0,HARD,13.0,84.528,27.318,29.015,28.195,318.0,323.0,313.0,344.0,1,False,27.2,44.7,41.0,False,3.1,15.0
2025,Italian Grand Prix,COL,Alpine,12.0,1.0,MEDIUM,12.0,84.706,27.649,28.96,28.097,307.0,312.0,310.0,337.0,1,True,27.2,44.7,41.0,False,3.1,16.0
2025,Italian Grand Prix,HAD,Racing Bulls,12.0,1.0,HARD,13.0,84.595,27.546,28.975,28.074,314.0,334.0,317.0,358.0,1,False,27.2,44.7,41.0,False,3.1,17.0
2025,Italian Grand Prix,GAS,Alpine,12.0,1.0,HARD,12.0,84.863,27.695,28.997,28.171,311.0,315.0,310.0,322.0,1,False,27.2,44.7,41.0,False,3.1,18.0
2025,Italian Grand Prix,LAW,Racing Bulls,12.0,2.0,HARD,3.0,84.214,27.524,28.814,27.876,311.0,314.0,311.0,314.0,1,False,27.2,44.7,41.0,False,3.1,19.0
2025,Italian Grand Prix,VER,Red Bull Racing,13.0,1.0,MEDIUM,13.0,83.254,27.35,28.463,27.441,314.0,313.0,313.0,322.0,1,False,27.1,44.6,41.0,False,4.0,1.0
2025,Italian Grand Prix,NOR,McLaren,13.0,1.0,MEDIUM,13.0,83.293,27.372,28.292,27.629,311.0,311.0,312.0,324.0,1,True,27.1,44.6,41.0,False,4.0,2.0
2025,Italian Grand Prix,PIA,McLaren,13.0,1.0,MEDIUM,13.0,83.598,27.402,28.484,27.712,310.0,311.0,313.0,324.0,1,False,27.1,44.6,41.0,False,4.0,3.0
2025,Italian Grand Prix,LEC,Ferrari,13.0,1.0,MEDIUM,13.0,83.683,27.337,28.665,27.681,317.0,317.0,316.0,325.0,1,True,27.1,44.6,41.0,False,4.0,4.0
2025,Italian Grand Prix,RUS,Mercedes,13.0,1.0,MEDIUM,13.0,83.569,27.362,28.492,27.715,320.0,336.0,313.0,335.0,1,True,27.1,44.6,41.0,False,4.0,5.0
2025,Italian Grand Prix,HAM,Ferrari,13.0,1.0,MEDIUM,13.0,84.591,27.642,28.932,28.017,319.0,319.0,314.0,328.0,1,False,27.1,44.6,41.0,False,4.0,6.0
2025,Italian Grand Prix,BOR,Kick Sauber,13.0,1.0,MEDIUM,13.0,84.638,27.608,28.877,28.153,314.0,317.0,314.0,323.0,1,False,27.1,44.6,41.0,False,4.0,7.0
2025,Italian Grand Prix,ALO,Aston Martin,13.0,1.0,MEDIUM,14.0,84.577,27.422,28.874,28.281,317.0,325.0,311.0,334.0,1,False,27.1,44.6,41.0,False,4.0,8.0
2025,Italian Grand Prix,TSU,Red Bull Racing,13.0,1.0,MEDIUM,13.0,84.506,27.428,29.046,28.032,316.0,321.0,314.0,334.0,1,False,27.1,44.6,41.0,False,4.0,9.0
2025,Italian Grand Prix,ANT,Mercedes,13.0,1.0,MEDIUM,13.0,84.535,27.218,29.106,28.211,317.0,329.0,314.0,338.0,1,False,27.1,44.6,41.0,False,4.0,10.0
2025,Italian Grand Prix,BEA,Haas F1 Team,13.0,1.0,MEDIUM,13.0,84.423,27.367,28.796,28.26,318.0,335.0,314.0,344.0,1,True,27.1,44.6,41.0,False,4.0,11.0
2025,Italian Grand Prix,SAI,Williams,13.0,1.0,MEDIUM,13.0,84.449,27.351,28.924,28.174,316.0,330.0,313.0,338.0,1,False,27.1,44.6,41.0,False,4.0,12.0
2025,Italian Grand Prix,ALB,Williams,13.0,1.0,HARD,13.0,84.413,27.179,28.983,28.251,320.0,336.0,314.0,346.0,1,True,27.1,44.6,41.0,False,4.0,13.0
2025,Italian Grand Prix,OCO,Haas F1 Team,13.0,1.0,HARD,13.0,84.474,27.299,28.986,28.189,315.0,333.0,313.0,338.0,1,False,27.1,44.6,41.0,False,4.0,14.0
2025,Italian Grand Prix,STR,Aston Martin,13.0,1.0,HARD,14.0,84.253,27.27,28.842,28.141,319.0,333.0,314.0,343.0,1,False,27.1,44.6,41.0,False,4.0,15.0
2025,Italian Grand Prix,HAD,Racing Bulls,13.0,1.0,HARD,14.0,84.081,27.378,28.714,27.989,315.0,320.0,314.0,348.0,1,True,27.1,44.6,41.0,False,4.0,16.0
2025,Italian Grand Prix,COL,Alpine,13.0,1.0,MEDIUM,13.0,85.813,28.244,29.366,28.203,310.0,313.0,310.0,312.0,1,False,27.1,44.6,41.0,False,4.0,17.0
2025,Italian Grand Prix,GAS,Alpine,13.0,1.0,HARD,13.0,84.784,27.678,28.995,28.111,311.0,313.0,311.0,321.0,1,False,27.1,44.6,41.0,False,4.0,18.0
2025,Italian Grand Prix,LAW,Racing Bulls,13.0,2.0,HARD,4.0,83.95,27.478,28.597,27.875,312.0,316.0,311.0,315.0,1,False,27.1,44.6,41.0,False,4.0,19.0
2025,Italian Grand Prix,VER,Red Bull Racing,14.0,1.0,MEDIUM,14.0,83.118,27.446,28.319,27.353,314.0,314.0,313.0,322.0,1,False,27.1,43.9,41.0,False,2.9,1.0
2025,Italian Grand Prix,NOR,McLaren,14.0,1.0,MEDIUM,14.0,83.509,27.443,28.39,27.676,309.0,309.0,312.0,324.0,1,False,27.1,43.9,41.0,False,2.9,2.0
2025,Italian Grand Prix,PIA,McLaren,14.0,1.0,MEDIUM,14.0,83.662,27.42,28.494,27.748,310.0,311.0,312.0,325.0,1,False,27.1,43.9,41.0,False,2.9,3.0
2025,Italian Grand Prix,LEC,Ferrari,14.0,1.0,MEDIUM,14.0,83.637,27.297,28.666,27.674,317.0,318.0,315.0,337.0,1,True,27.1,43.9,41.0,False,2.9,4.0
2025,Italian Grand Prix,RUS,Mercedes,14.0,1.0,MEDIUM,14.0,83.932,27.427,28.653,27.852,315.0,330.0,313.0,340.0,1,False,27.1,43.9,41.0,False,2.9,5.0
2025,Italian Grand Prix,HAM,Ferrari,14.0,1.0,MEDIUM,14.0,83.879,27.329,28.646,27.904,318.0,320.0,314.0,324.0,1,False,27.1,43.9,41.0,False,2.9,6.0
2025,Italian Grand Prix,BOR,Kick Sauber,14.0,1.0,MEDIUM,14.0,84.327,27.531,28.759,28.037,314.0,321.0,314.0,325.0,1,True,27.1,43.9,41.0,False,2.9,7.0
2025,Italian Grand Prix,ALO,Aston Martin,14.0,1.0,MEDIUM,15.0,84.396,27.398,28.875,28.123,316.0,327.0,313.0,336.0,1,False,27.1,43.9,41.0,False,2.9,8.0
2025,Italian Grand Prix,TSU,Red Bull Racing,14.0,1.0,MEDIUM,14.0,84.493,27.374,29.101,28.018,320.0,327.0,313.0,336.0,1,False,27.1,43.9,41.0,False,2.9,9.0
2025,Italian Grand Prix,ANT,Mercedes,14.0,1.0,MEDIUM,14.0,84.382,27.199,29.015,28.168,318.0,331.0,313.0,341.0,1,True,27.1,43.9,41.0,False,2.9,10.0
2025,Italian Grand Prix,BEA,Haas F1 Team,14.0,1.0,MEDIUM,14.0,84.296,27.316,28.816,28.164,318.0,337.0,314.0,343.0,1,True,27.1,43.9,41.0,False,2.9,11.0
2025,Italian Grand Prix,SAI,Williams,14.0,1.0,MEDIUM,14.0,84.327,27.274,28.818,28.235,317.0,334.0,315.0,340.0,1,True,27.1,43.9,41.0,False,2.9,12.0
2025,Italian Grand Prix,ALB,Williams,14.0,1.0,HARD,14.0,84.212,27.215,28.863,28.134,318.0,338.0,316.0,350.0,1,True,27.1,43.9,41.0,False,2.9,13.0
2025,Italian Grand Prix,OCO,Haas F1 Team,14.0,1.0,HARD,14.0,84.203,27.25,28.887,28.066,316.0,335.0,315.0,342.0,1,True,27.1,43.9,41.0,False,2.9,14.0
2025,Italian Grand Prix,STR,Aston Martin,14.0,1.0,HARD,15.0,84.301,27.416,28.816,28.069,319.0,335.0,313.0,337.0,1,False,27.1,43.9,41.0,False,2.9,15.0
2025,Italian Grand Prix,HAD,Racing Bulls,14.0,1.0,HARD,15.0,84.182,27.452,28.77,27.96,314.0,322.0,314.0,326.0,1,False,27.1,44.0,42.0,False,2.6,16.0
2025,Italian Grand Prix,COL,Alpine,14.0,1.0,MEDIUM,14.0,84.952,27.657,29.176,28.119,307.0,314.0,311.0,325.0,1,False,27.1,44.0,42.0,False,2.6,17.0
2025,Italian Grand Prix,GAS,Alpine,14.0,1.0,HARD,14.0,85.114,27.619,29.456,28.039,311.0,313.0,312.0,322.0,1,False,27.1,44.0,42.0,False,2.6,18.0
2025,Italian Grand Prix,LAW,Racing Bulls,14.0,2.0,HARD,5.0,83.849,27.438,28.591,27.82,312.0,318.0,311.0,317.0,1,True,27.1,44.0,42.0,False,2.6,19.0
2025,Italian Grand Prix,VER,Red Bull Racing,15.0,1.0,MEDIUM,15.0,83.077,27.386,28.238,27.453,312.0,313.0,313.0,321.0,1,False,27.1,44.0,42.0,False,2.6,1.0
2025,Italian Grand Prix,NOR,McLaren,15.0,1.0,MEDIUM,15.0,83.059,27.359,28.176,27.524,312.0,312.0,313.0,325.0,1,True,27.1,44.0,42.0,False,2.6,2.0
2025,Italian Grand Prix,PIA,McLaren,15.0,1.0,MEDIUM,15.0,83.385,27.321,28.299,27.765,312.0,312.0,313.0,324.0,1,True,27.0,44.2,41.0,False,3.6,3.0
2025,Italian Grand Prix,LEC,Ferrari,15.0,1.0,MEDIUM,15.0,83.635,27.43,28.54,27.665,317.0,318.0,316.0,325.0,1,True,27.0,44.2,41.0,False,3.6,4.0
2025,Italian Grand Prix,RUS,Mercedes,15.0,1.0,MEDIUM,15.0,83.837,27.415,28.686,27.736,317.0,326.0,312.0,341.0,1,False,27.0,44.2,41.0,False,3.6,5.0
2025,Italian Grand Prix,HAM,Ferrari,15.0,1.0,MEDIUM,15.0,83.54,27.185,28.574,27.781,320.0,322.0,315.0,328.0,1,True,27.0,44.2,41.0,False,3.6,6.0
2025,Italian Grand Prix,BOR,Kick Sauber,15.0,1.0,MEDIUM,15.0,84.385,27.489,28.761,28.135,315.0,319.0,315.0,324.0,1,False,27.0,44.2,41.0,False,3.6,7.0
2025,Italian Grand Prix,ALO,Aston Martin,15.0,1.0,MEDIUM,16.0,84.276,27.364,28.745,28.167,317.0,326.0,312.0,338.0,1,False,27.0,44.2,41.0,False,3.6,8.0
2025,Italian Grand Prix,TSU,Red Bull Racing,15.0,1.0,MEDIUM,15.0,84.395,27.406,28.914,28.075,319.0,322.0,314.0,338.0,1,True,27.0,44.2,41.0,False,3.6,9.0
2025,Italian Grand Prix,ANT,Mercedes,15.0,1.0,MEDIUM,15.0,84.456,27.243,29.025,28.188,318.0,330.0,314.0,341.0,1,False,27.0,44.2,41.0,False,3.6,10.0
2025,Italian Grand Prix,BEA,Haas F1 Team,15.0,1.0,MEDIUM,15.0,84.514,27.446,28.876,28.192,318.0,335.0,315.0,341.0,1,False,27.0,44.2,41.0,False,3.6,11.0
2025,Italian Grand Prix,SAI,Williams,15.0,1.0,MEDIUM,15.0,84.395,27.285,28.886,28.224,319.0,335.0,315.0,346.0,1,False,27.0,44.2,41.0,False,3.6,12.0
2025,Italian Grand Prix,ALB,Williams,15.0,1.0,HARD,15.0,84.431,27.331,28.974,28.126,316.0,335.0,316.0,364.0,1,False,27.0,44.2,41.0,False,3.6,13.0
2025,Italian Grand Prix,OCO,Haas F1 Team,15.0,1.0,HARD,15.0,84.494,27.433,28.879,28.182,315.0,334.0,314.0,338.0,1,False,27.0,44.2,41.0,False,3.6,14.0
2025,Italian Grand Prix,STR,Aston Martin,15.0,1.0,HARD,16.0,84.405,27.378,28.909,28.118,317.0,333.0,314.0,342.0,1,False,27.0,44.2,41.0,False,3.6,15.0
2025,Italian Grand Prix,HAD,Racing Bulls,15.0,1.0,HARD,16.0,84.036,27.411,28.754,27.871,318.0,322.0,314.0,331.0,1,True,27.0,44.2,41.0,False,3.6,16.0
2025,Italian Grand Prix,COL,Alpine,15.0,1.0,MEDIUM,15.0,84.773,27.591,29.074,28.108,309.0,313.0,311.0,325.0,1,False,27.0,44.2,41.0,False,3.6,17.0
2025,Italian Grand Prix,GAS,Alpine,15.0,1.0,HARD,15.0,85.448,27.602,29.765,28.081,312.0,314.0,312.0,323.0,1,False,27.0,44.2,41.0,False,3.6,18.0
2025,Italian Grand Prix,LAW,Racing Bulls,15.0,2.0,HARD,6.0,83.949,27.489,28.718,27.742,312.0,317.0,313.0,316.0,1,False,27.0,44.2,41.0,False,3.6,19.0
2025,Italian Grand Prix,VER,Red Bull Racing,16.0,1.0,MEDIUM,16.0,83.001,27.4,28.202,27.399,314.0,315.0,314.0,323.0,1,True,27.0,44.0,41.0,False,3.1,1.0
2025,Italian Grand Prix,NOR,McLaren,16.0,1.0,MEDIUM,16.0,83.089,27.325,28.191,27.573,312.0,313.0,312.0,325.0,1,False,27.0,44.0,41.0,False,3.1,2.0
2025,Italian Grand Prix,PIA,McLaren,16.0,1.0,MEDIUM,16.0,83.137,27.317,28.271,27.549,312.0,312.0,313.0,325.0,1,True,27.0,44.0,41.0,False,3.1,3.0
2025,Italian Grand Prix,LEC,Ferrari,16.0,1.0,MEDIUM,16.0,83.595,27.245,28.594,27.756,318.0,318.0,315.0,326.0,1,True,27.0,44.0,41.0,False,3.1,4.0
2025,Italian Grand Prix,RUS,Mercedes,16.0,1.0,MEDIUM,16.0,83.876,27.364,28.616,27.896,315.0,311.0,312.0,335.0,1,False,27.0,44.0,41.0,False,3.1,5.0
2025,Italian Grand Prix,HAM,Ferrari,16.0,1.0,MEDIUM,16.0,83.743,27.213,28.646,27.884,320.0,320.0,315.0,326.0,1,False,27.0,44.0,41.0,False,3.1,6.0
2025,Italian Grand Prix,BOR,Kick Sauber,16.0,1.0,MEDIUM,16.0,84.127,27.412,28.74,27.975,315.0,319.0,314.0,324.0,1,True,27.0,44.0,41.0,False,3.1,7.0
2025,Italian Grand Prix,ALO,Aston Martin,16.0,1.0,MEDIUM,17.0,84.206,27.355,28.648,28.203,316.0,326.0,311.0,336.0,1,False,27.0,44.0,41.0,False,3.1,8.0
2025,Italian Grand Prix,TSU,Red Bull Racing,16.0,1.0,MEDIUM,16.0,84.526,27.552,28.977,27.997,318.0,322.0,314.0,327.0,1,False,27.0,44.0,41.0,False,3.1,9.0
2025,Italian Grand Prix,ANT,Mercedes,16.0,1.0,MEDIUM,16.0,84.516,27.281,29.095,28.14,320.0,327.0,314.0,336.0,1,False,27.0,44.0,41.0,False,3.1,10.0
2025,Italian Grand Prix,BEA,Haas F1 Team,16.0,1.0,MEDIUM,16.0,84.385,27.353,28.837,28.195,319.0,338.0,315.0,346.0,1,False,27.0,44.0,41.0,False,3.1,11.0
2025,Italian Grand Prix,SAI,Williams,16.0,1.0,MEDIUM,16.0,84.478,27.337,28.898,28.243,319.0,334.0,315.0,348.0,1,False,27.0,44.0,41.0,False,3.1,12.0
2025,Italian Grand Prix,ALB,Williams,16.0,1.0,HARD,16.0,84.499,27.216,28.982,28.301,320.0,339.0,315.0,342.0,1,False,27.0,44.0,41.0,False,3.1,13.0
2025,Italian Grand Prix,OCO,Haas F1 Team,16.0,1.0,HARD,16.0,84.481,27.415,28.849,28.217,316.0,335.0,314.0,342.0,1,False,27.0,44.0,41.0,False,3.1,14.0
2025,Italian Grand Prix,STR,Aston Martin,16.0,1.0,HARD,17.0,84.429,27.46,28.864,28.105,318.0,335.0,314.0,331.0,1,False,27.0,44.0,41.0,False,3.1,15.0
2025,Italian Grand Prix,HAD,Racing Bulls,16.0,1.0,HARD,17.0,84.287,27.456,28.783,28.048,319.0,326.0,314.0,330.0,1,False,27.0,44.0,41.0,False,3.1,16.0
2025,Italian Grand Prix,COL,Alpine,16.0,1.0,MEDIUM,16.0,85.019,27.61,29.113,28.296,308.0,313.0,310.0,324.0,1,False,27.0,44.0,41.0,False,3.1,17.0
2025,Italian Grand Prix,GAS,Alpine,16.0,1.0,HARD,16.0,84.524,27.598,28.966,27.96,312.0,315.0,311.0,322.0,1,True,27.0,44.0,41.0,False,3.1,18.0
2025,Italian Grand Prix,LAW,Racing Bulls,16.0,2.0,HARD,7.0,83.753,27.497,28.534,27.722,313.0,319.0,312.0,315.0,1,True,27.0,43.8,43.0,False,3.0,19.0
2025,Italian Grand Prix,VER,Red Bull Racing,17.0,1.0,MEDIUM,17.0,82.89,27.317,28.234,27.339,314.0,316.0,313.0,325.0,1,True,27.0,43.8,43.0,False,3.0,1.0
2025,Italian Grand Prix,NOR,McLaren,17.0,1.0,MEDIUM,17.0,83.232,27.369,28.33,27.533,310.0,312.0,313.0,326.0,1,False,27.0,43.8,43.0,False,3.0,2.0
2025,Italian Grand Prix,PIA,McLaren,17.0,1.0,MEDIUM,17.0,83.336,27.334,28.405,27.597,310.0,313.0,313.0,326.0,1,False,27.0,43.8,43.0,False,3.0,3.0
2025,Italian Grand Prix,LEC,Ferrari,17.0,1.0,MEDIUM,17.0,83.67,27.332,28.668,27.67,316.0,317.0,314.0,326.0,1,False,27.0,43.8,43.0,False,3.0,4.0
2025,Italian Grand Prix,RUS,Mercedes,17.0,1.0,MEDIUM,17.0,83.786,27.409,28.565,27.812,316.0,318.0,312.0,331.0,1,False,27.0,43.8,43.0,False,3.0,5.0
2025,Italian Grand Prix,HAM,Ferrari,17.0,1.0,MEDIUM,17.0,83.689,27.327,28.653,27.709,319.0,320.0,315.0,326.0,1,False,27.0,43.8,43.0,False,3.0,6.0
2025,Italian Grand Prix,BOR,Kick Sauber,17.0,1.0,MEDIUM,17.0,84.202,27.485,28.682,28.035,314.0,318.0,314.0,322.0,1,False,27.0,44.1,42.0,False,3.6,7.0
2025,Italian Grand Prix,ALO,Aston Martin,17.0,1.0,MEDIUM,18.0,84.224,27.408,28.672,28.144,316.0,325.0,312.0,337.0,1,False,27.0,44.1,42.0,False,3.6,8.0
2025,Italian Grand Prix,TSU,Red Bull Racing,17.0,1.0,MEDIUM,17.0,84.35,27.471,28.984,27.895,315.0,320.0,312.0,328.0,1,True,27.0,44.1,42.0,False,3.6,9.0
2025,Italian Grand Prix,ANT,Mercedes,17.0,1.0,MEDIUM,17.0,84.227,27.267,29.08,27.88,319.0,330.0,313.0,338.0,1,True,27.0,44.1,42.0,False,3.6,10.0
2025,Italian Grand Prix,BEA,Haas F1 Team,17.0,1.0,MEDIUM,17.0,84.301,27.359,28.903,28.039,320.0,339.0,314.0,340.0,1,False,27.0,44.1,42.0,False,3.6,11.0
2025,Italian Grand Prix,SAI,Williams,17.0,1.0,MEDIUM,17.0,84.342,27.308,28.982,28.052,320.0,337.0,315.0,346.0,1,False,27.0,44.1,42.0,False,3.6,12.0
2025,Italian Grand Prix,ALB,Williams,17.0,1.0,HARD,17.0,84.422,27.378,28.808,28.236,317.0,338.0,315.0,349.0,1,False,27.0,44.1,42.0,False,3.6,13.0
2025,Italian Grand Prix,OCO,Haas F1 Team,17.0,1.0,HARD,17.0,84.394,27.327,28.895,28.172,316.0,336.0,314.0,342.0,1,False,27.0,44.1,42.0,False,3.6,14.0
2025,Italian Grand Prix,STR,Aston Martin,17.0,1.0,HARD,18.0,84.365,27.415,28.874,28.076,318.0,336.0,314.0,338.0,1,False,27.0,44.1,42.0,False,3.6,15.0
2025,Italian Grand Prix,HAD,Racing Bulls,17.0,1.0,HARD,18.0,84.447,27.463,28.77,28.214,317.0,325.0,313.0,330.0,1,False,27.0,44.1,42.0,False,3.6,16.0
2025,Italian Grand Prix,COL,Alpine,17.0,1.0,MEDIUM,17.0,84.434,27.554,28.812,28.068,309.0,313.0,311.0,320.0,1,True,27.0,44.1,42.0,False,3.6,17.0
2025,Italian Grand Prix,GAS,Alpine,17.0,1.0,HARD,17.0,84.373,27.651,28.915,27.807,311.0,314.0,313.0,321.0,1,True,27.0,44.1,42.0,False,3.6,18.0
2025,Italian Grand Prix,LAW,Racing Bulls,17.0,2.0,HARD,8.0,83.821,27.53,28.522,27.769,312.0,319.0,312.0,316.0,1,False,27.0,44.1,42.0,False,3.6,19.0
2025,Italian Grand Prix,VER,Red Bull Racing,18.0,1.0,MEDIUM,18.0,82.727,27.301,28.154,27.272,312.0,316.0,314.0,324.0,1,True,27.0,44.1,43.0,False,3.8,1.0
2025,Italian Grand Prix,NOR,McLaren,18.0,1.0,MEDIUM,18.0,83.189,27.378,28.26,27.551,310.0,312.0,313.0,325.0,1,False,27.0,44.1,43.0,False,3.8,2.0
2025,Italian Grand Prix,PIA,McLaren,18.0,1.0,MEDIUM,18.0,83.259,27.317,28.266,27.676,310.0,311.0,313.0,327.0,1,False,27.0,44.1,43.0,False,3.8,3.0
2025,Italian Grand Prix,LEC,Ferrari,18.0,1.0,MEDIUM,18.0,83.449,27.349,28.443,27.657,315.0,316.0,316.0,325.0,1,True,27.0,44.1,43.0,False,3.8,4.0
2025,Italian Grand Prix,RUS,Mercedes,18.0,1.0,MEDIUM,18.0,83.656,27.445,28.558,27.653,317.0,317.0,313.0,330.0,1,False,27.0,44.1,43.0,False,3.8,5.0
2025,Italian Grand Prix,HAM,Ferrari,18.0,1.0,MEDIUM,18.0,83.702,27.272,28.633,27.797,317.0,319.0,316.0,327.0,1,False,27.0,44.1,43.0,False,3.8,6.0
2025,Italian Grand Prix,BOR,Kick Sauber,18.0,1.0,MEDIUM,18.0,84.241,27.554,28.682,28.005,314.0,317.0,314.0,323.0,1,False,27.0,44.1,43.0,False,3.8,7.0
2025,Italian Grand Prix,ALO,Aston Martin,18.0,1.0,MEDIUM,19.0,84.146,27.469,28.633,28.044,316.0,327.0,312.0,336.0,1,True,27.0,44.1,43.0,False,3.8,8.0
2025,Italian Grand Prix,ANT,Mercedes,18.0,1.0,MEDIUM,18.0,83.979,27.272,28.7,28.007,323.0,318.0,313.0,345.0,1,True,27.0,44.1,43.0,False,3.8,9.0
2025,Italian Grand Prix,TSU,Red Bull Racing,18.0,1.0,MEDIUM,18.0,85.287,28.079,29.19,28.018,321.0,330.0,315.0,324.0,1,False,27.0,44.1,43.0,False,3.8,10.0
2025,Italian Grand Prix,SAI,Williams,18.0,1.0,MEDIUM,18.0,84.788,27.502,29.132,28.154,329.0,336.0,314.0,344.0,1,False,27.0,44.1,43.0,False,3.8,11.0
2025,Italian Grand Prix,ALB,Williams,18.0,1.0,HARD,18.0,84.738,27.301,29.115,28.322,318.0,338.0,315.0,347.0,1,False,27.0,44.1,43.0,False,3.8,12.0
2025,Italian Grand Prix,OCO,Haas F1 Team,18.0,1.0,HARD,18.0,84.639,27.416,28.959,28.264,313.0,335.0,315.0,334.0,1,False,27.0,44.1,43.0,False,3.8,13.0
2025,Italian Grand Prix,STR,Aston Martin,18.0,1.0,HARD,19.0,84.522,27.531,28.837,28.154,317.0,337.0,315.0,330.0,1,False,27.0,44.1,43.0,False,3.8,14.0
2025,Italian Grand Prix,HAD,Racing Bulls,18.0,1.0,HARD,19.0,84.032,27.39,28.77,27.872,317.0,326.0,315.0,332.0,1,True,27.0,44.1,43.0,False,3.8,15.0
2025,Italian Grand Prix,BEA,Haas F1 Team,18.0,1.0,MEDIUM,18.0,89.433,27.608,29.019,32.806,318.0,338.0,,346.0,1,False,27.0,44.1,43.0,False,3.8,16.0
2025,Italian Grand Prix,COL,Alpine,18.0,1.0,MEDIUM,18.0,84.414,27.642,28.805,27.967,308.0,313.0,311.0,320.0,1,True,27.0,44.1,43.0,False,3.8,17.0
2025,Italian Grand Prix,GAS,Alpine,18.0,1.0,HARD,18.0,84.841,27.594,29.205,28.042,309.0,312.0,312.0,321.0,1,False,27.0,44.1,43.0,False,3.8,18.0
2025,Italian Grand Prix,LAW,Racing Bulls,18.0,2.0,HARD,9.0,84.044,27.55,28.647,27.847,310.0,318.0,312.0,317.0,1,False,27.0,44.1,43.0,False,3.8,19.0
2025,Italian Grand Prix,VER,Red Bull Racing,19.0,1.0,MEDIUM,19.0,82.838,27.357,28.19,27.291,313.0,316.0,314.0,323.0,1,False,27.2,43.9,42.0,False,3.0,1.0
2025,Italian Grand Prix,NOR,McLaren,19.0,1.0,MEDIUM,19.0,83.289,27.463,28.271,27.555,311.0,312.0,313.0,323.0,1,False,27.2,43.9,42.0,False,3.0,2.0
2025,Italian Grand Prix,PIA,McLaren,19.0,1.0,MEDIUM,19.0,83.359,27.365,28.341,27.653,311.0,312.0,313.0,326.0,1,False,27.2,43.9,42.0,False,3.0,3.0
2025,Italian Grand Prix,LEC,Ferrari,19.0,1.0,MEDIUM,19.0,83.491,27.361,28.424,27.706,317.0,317.0,315.0,325.0,1,False,27.2,43.9,42.0,False,3.0,4.0
2025,Italian Grand Prix,RUS,Mercedes,19.0,1.0,MEDIUM,19.0,83.756,27.43,28.573,27.753,316.0,316.0,312.0,329.0,1,False,27.2,43.9,42.0,False,3.0,5.0
2025,Italian Grand Prix,HAM,Ferrari,19.0,1.0,MEDIUM,19.0,83.513,27.259,28.542,27.712,321.0,321.0,315.0,328.0,1,True,27.2,43.9,42.0,False,3.0,6.0
2025,Italian Grand Prix,BOR,Kick Sauber,19.0,1.0,MEDIUM,19.0,84.232,27.528,28.702,28.002,315.0,318.0,313.0,322.0,1,False,27.2,43.9,42.0,False,3.0,7.0
2025,Italian Grand Prix,ALO,Aston Martin,19.0,1.0,MEDIUM,20.0,84.185,27.425,28.752,28.008,314.0,325.0,311.0,336.0,1,False,27.2,43.9,42.0,False,3.0,8.0
2025,Italian Grand Prix,ANT,Mercedes,19.0,1.0,MEDIUM,19.0,83.94,27.344,28.709,27.887,315.0,318.0,312.0,330.0,1,True,27.2,43.9,42.0,False,3.0,9.0
2025,Italian Grand Prix,SAI,Williams,19.0,1.0,MEDIUM,19.0,84.162,27.484,28.702,27.976,314.0,326.0,313.0,338.0,1,True,27.2,43.9,42.0,False,3.0,10.0
2025,Italian Grand Prix,ALB,Williams,19.0,1.0,HARD,19.0,84.251,27.321,28.795,28.135,319.0,334.0,313.0,340.0,1,False,27.2,43.9,42.0,False,3.0,11.0
2025,Italian Grand Prix,OCO,Haas F1 Team,19.0,1.0,HARD,19.0,84.425,27.414,28.868,28.143,315.0,331.0,313.0,339.0,1,False,27.2,43.9,42.0,False,3.0,12.0
2025,Italian Grand Prix,STR,Aston Martin,19.0,1.0,HARD,20.0,84.615,27.655,28.764,28.196,316.0,335.0,313.0,336.0,1,False,27.2,43.9,42.0,False,3.0,13.0
2025,Italian Grand Prix,TSU,Red Bull Racing,19.0,1.0,MEDIUM,19.0,88.943,27.578,29.061,32.304,317.0,320.0,,330.0,1,False,27.3,43.4,42.0,False,3.9,14.0
2025,Italian Grand Prix,HAD,Racing Bulls,19.0,1.0,HARD,20.0,84.242,27.372,28.781,28.089,319.0,328.0,314.0,332.0,1,False,27.3,43.4,42.0,False,3.9,15.0
2025,Italian Grand Prix,COL,Alpine,19.0,1.0,MEDIUM,19.0,84.427,27.64,28.728,28.059,309.0,313.0,310.0,319.0,1,False,27.3,43.4,42.0,False,3.9,16.0
2025,Italian Grand Prix,GAS,Alpine,19.0,1.0,HARD,19.0,84.294,27.625,28.814,27.855,310.0,314.0,312.0,320.0,1,True,27.3,43.4,42.0,False,3.9,17.0
2025,Italian Grand Prix,LAW,Racing Bulls,19.0,2.0,HARD,10.0,83.877,27.484,28.644,27.749,312.0,319.0,312.0,319.0,1,False,27.3,43.4,42.0,False,3.9,18.0
2025,Italian Grand Prix,BEA,Haas F1 Team,19.0,2.0,HARD,1.0,104.769,48.769,28.528,27.472,310.0,315.0,312.0,279.0,1,False,27.3,43.4,42.0,False,3.9,19.0
2025,Italian Grand Prix,VER,Red Bull Racing,20.0,1.0,MEDIUM,20.0,82.857,27.37,28.167,27.32,312.0,316.0,312.0,322.0,1,False,27.3,43.4,42.0,False,3.9,1.0
2025,Italian Grand Prix,NOR,McLaren,20.0,1.0,MEDIUM,20.0,83.049,27.373,28.181,27.495,310.0,313.0,312.0,322.0,1,True,27.3,43.4,42.0,False,3.9,2.0
2025,Italian Grand Prix,PIA,McLaren,20.0,1.0,MEDIUM,20.0,83.225,27.357,28.355,27.513,310.0,313.0,312.0,326.0,1,False,27.2,43.4,41.0,False,3.7,3.0
2025,Italian Grand Prix,LEC,Ferrari,20.0,1.0,MEDIUM,20.0,83.49,27.411,28.472,27.607,315.0,317.0,314.0,324.0,1,False,27.2,43.4,41.0,False,3.7,4.0
2025,Italian Grand Prix,RUS,Mercedes,20.0,1.0,MEDIUM,20.0,83.588,27.415,28.547,27.626,313.0,316.0,311.0,329.0,1,False,27.2,43.4,41.0,False,3.7,5.0
2025,Italian Grand Prix,HAM,Ferrari,20.0,1.0,MEDIUM,20.0,83.408,27.232,28.548,27.628,320.0,322.0,314.0,329.0,1,True,27.2,43.4,41.0,False,3.7,6.0
2025,Italian Grand Prix,ANT,Mercedes,20.0,1.0,MEDIUM,20.0,83.746,27.31,28.591,27.845,316.0,321.0,310.0,332.0,1,True,27.2,43.4,41.0,False,3.7,7.0
2025,Italian Grand Prix,SAI,Williams,20.0,1.0,MEDIUM,20.0,84.213,27.422,28.891,27.9,309.0,313.0,312.0,350.0,1,False,27.2,43.4,41.0,False,3.7,8.0
2025,Italian Grand Prix,BOR,Kick Sauber,20.0,1.0,MEDIUM,20.0,88.759,27.52,28.658,32.581,313.0,319.0,,322.0,1,False,27.2,43.4,41.0,False,3.7,9.0
2025,Italian Grand Prix,ALO,Aston Martin,20.0,1.0,MEDIUM,21.0,88.466,27.533,28.663,32.27,315.0,327.0,,336.0,1,False,27.2,43.4,41.0,False,3.7,10.0
2025,Italian Grand Prix,ALB,Williams,20.0,1.0,HARD,20.0,84.239,27.23,28.76,28.249,315.0,329.0,314.0,345.0,1,False,27.2,43.4,41.0,False,3.7,11.0
2025,Italian Grand Prix,OCO,Haas F1 Team,20.0,1.0,HARD,20.0,84.21,27.337,28.747,28.126,314.0,330.0,313.0,337.0,1,False,27.2,43.4,41.0,False,3.7,12.0
2025,Italian Grand Prix,STR,Aston Martin,20.0,1.0,HARD,21.0,84.197,27.493,28.615,28.089,318.0,335.0,313.0,338.0,1,True,27.2,43.4,41.0,False,3.7,13.0
2025,Italian Grand Prix,HAD,Racing Bulls,20.0,1.0,HARD,21.0,84.14,27.465,28.682,27.993,320.0,328.0,314.0,336.0,1,False,27.2,43.4,41.0,False,3.7,14.0
2025,Italian Grand Prix,COL,Alpine,20.0,1.0,MEDIUM,20.0,84.292,27.676,28.737,27.879,307.0,312.0,310.0,320.0,1,True,27.2,43.4,41.0,False,3.7,15.0
2025,Italian Grand Prix,GAS,Alpine,20.0,1.0,HARD,20.0,84.249,27.515,28.859,27.875,309.0,313.0,310.0,320.0,1,True,27.2,43.4,41.0,False,3.7,16.0
2025,Italian Grand Prix,LAW,Racing Bulls,20.0,2.0,HARD,11.0,83.764,27.466,28.547,27.751,312.0,321.0,312.0,318.0,1,False,27.2,43.4,41.0,False,3.7,17.0
2025,Italian Grand Prix,BEA,Haas F1 Team,20.0,2.0,HARD,2.0,83.028,27.144,28.301,27.583,337.0,318.0,312.0,322.0,1,True,27.2,43.4,41.0,False,3.7,18.0
2025,Italian Grand Prix,TSU,Red Bull Racing,20.0,2.0,HARD,1.0,105.127,48.07,29.126,27.931,324.0,332.0,314.0,280.0,1,False,27.2,43.4,41.0,False,3.7,19.0
2025,Italian Grand Prix,VER,Red Bull Racing,21.0,1.0,MEDIUM,21.0,82.919,27.413,28.215,27.291,313.0,317.0,313.0,322.0,1,False,27.2,43.4,41.0,False,2.1,1.0
2025,Italian Grand Prix,NOR,McLaren,21.0,1.0,MEDIUM,21.0,82.998,27.322,28.18,27.496,310.0,313.0,313.0,323.0,1,True,27.2,43.4,41.0,False,2.1,2.0
2025,Italian Grand Prix,PIA,McLaren,21.0,1.0,MEDIUM,21.0,82.956,27.299,28.243,27.414,311.0,314.0,314.0,325.0,1,True,27.2,43.4,41.0,False,2.1,3.0
2025,Italian Grand Prix,LEC,Ferrari,21.0,1.0,MEDIUM,21.0,83.494,27.317,28.516,27.661,316.0,317.0,315.0,324.0,1,False,27.2,43.4,41.0,False,2.1,4.0
2025,Italian Grand Prix,RUS,Mercedes,21.0,1.0,MEDIUM,21.0,83.432,27.407,28.487,27.538,316.0,317.0,313.0,331.0,1,True,27.2,43.4,41.0,False,2.1,5.0
2025,Italian Grand Prix,HAM,Ferrari,21.0,1.0,MEDIUM,21.0,83.472,27.259,28.512,27.701,319.0,320.0,316.0,327.0,1,False,27.2,43.4,41.0,False,2.1,6.0
2025,Italian Grand Prix,ANT,Mercedes,21.0,1.0,MEDIUM,21.0,83.688,27.322,28.578,27.788,315.0,316.0,312.0,326.0,1,True,27.2,43.4,41.0,False,2.1,7.0
2025,Italian Grand Prix,SAI,Williams,21.0,1.0,MEDIUM,21.0,83.814,27.301,28.698,27.815,316.0,315.0,314.0,337.0,1,True,27.2,43.4,41.0,False,2.1,8.0
2025,Italian Grand Prix,ALB,Williams,21.0,1.0,HARD,21.0,83.815,27.227,28.671,27.917,317.0,329.0,315.0,338.0,1,True,27.2,43.4,41.0,False,2.1,9.0
2025,Italian Grand Prix,OCO,Haas F1 Team,21.0,1.0,HARD,21.0,84.006,27.365,28.645,27.996,314.0,328.0,314.0,335.0,1,True,27.2,43.4,41.0,False,2.1,10.0
2025,Italian Grand Prix,STR,Aston Martin,21.0,1.0,HARD,22.0,84.116,27.406,28.72,27.99,318.0,333.0,314.0,339.0,1,True,27.2,43.4,41.0,False,2.1,11.0
2025,Italian Grand Prix,HAD,Racing Bulls,21.0,1.0,HARD,22.0,84.122,27.438,28.723,27.961,319.0,326.0,315.0,335.0,1,False,27.2,43.4,41.0,False,2.1,12.0
2025,Italian Grand Prix,COL,Alpine,21.0,1.0,MEDIUM,21.0,84.399,27.725,28.745,27.929,308.0,313.0,311.0,319.0,1,False,27.2,43.4,41.0,False,2.1,13.0
2025,Italian Grand Prix,GAS,Alpine,21.0,1.0,HARD,21.0,84.125,27.629,28.659,27.837,311.0,314.0,313.0,320.0,1,True,27.2,43.4,41.0,False,2.1,14.0
2025,Italian Grand Prix,ALO,Aston Martin,21.0,2.0,HARD,2.0,105.19,48.615,28.592,27.983,319.0,310.0,309.0,282.0,1,False,27.2,43.3,41.0,False,3.2,15.0
2025,Italian Grand Prix,LAW,Racing Bulls,21.0,2.0,HARD,12.0,84.735,27.781,29.142,27.812,314.0,332.0,315.0,336.0,1,False,27.2,43.3,41.0,False,3.2,16.0
2025,Italian Grand Prix,BOR,Kick Sauber,21.0,2.0,HARD,1.0,106.707,49.722,28.978,28.007,334.0,345.0,318.0,285.0,1,False,27.2,43.3,41.0,False,3.2,17.0
2025,Italian Grand Prix,BEA,Haas F1 Team,21.0,2.0,HARD,3.0,84.118,27.54,28.684,27.894,310.0,334.0,314.0,321.0,1,False,27.2,43.3,41.0,False,3.2,18.0
2025,Italian Grand Prix,TSU,Red Bull Racing,21.0,2.0,HARD,2.0,83.884,27.5,28.66,27.724,318.0,326.0,315.0,321.0,1,True,27.2,43.3,41.0,False,3.2,19.0
2025,Italian Grand Prix,VER,Red Bull Racing,22.0,1.0,MEDIUM,22.0,82.733,27.271,28.138,27.324,315.0,317.0,314.0,322.0,1,False,27.2,43.3,41.0,False,3.2,1.0
2025,Italian Grand Prix,NOR,McLaren,22.0,1.0,MEDIUM,22.0,82.965,27.303,28.211,27.451,313.0,313.0,313.0,323.0,1,True,27.2,43.3,41.0,False,3.2,2.0
2025,Italian Grand Prix,PIA,McLaren,22.0,1.0,MEDIUM,22.0,82.883,27.278,28.117,27.488,312.0,313.0,313.0,326.0,1,True,27.2,43.3,41.0,False,3.2,3.0
2025,Italian Grand Prix,LEC,Ferrari,22.0,1.0,MEDIUM,22.0,83.313,27.348,28.45,27.515,317.0,318.0,315.0,324.0,1,True,27.2,43.3,41.0,False,3.2,4.0
2025,Italian Grand Prix,RUS,Mercedes,22.0,1.0,MEDIUM,22.0,83.479,27.409,28.421,27.649,316.0,316.0,313.0,330.0,1,False,27.2,43.3,41.0,False,3.2,5.0
2025,Italian Grand Prix,HAM,Ferrari,22.0,1.0,MEDIUM,22.0,83.446,27.195,28.489,27.762,322.0,322.0,315.0,330.0,1,False,27.2,43.3,41.0,False,3.2,6.0
2025,Italian Grand Prix,ANT,Mercedes,22.0,1.0,MEDIUM,22.0,83.295,27.295,28.439,27.561,317.0,316.0,311.0,327.0,1,True,27.2,43.3,44.0,False,2.3,7.0
2025,Italian Grand Prix,SAI,Williams,22.0,1.0,MEDIUM,22.0,83.702,27.387,28.626,27.689,315.0,316.0,313.0,328.0,1,True,27.2,43.3,44.0,False,2.3,8.0
2025,Italian Grand Prix,ALB,Williams,22.0,1.0,HARD,22.0,83.738,27.25,28.586,27.902,319.0,328.0,314.0,339.0,1,True,27.2,43.3,44.0,False,2.3,9.0
2025,Italian Grand Prix,OCO,Haas F1 Team,22.0,1.0,HARD,22.0,83.713,27.37,28.518,27.825,313.0,329.0,313.0,334.0,1,True,27.2,43.3,44.0,False,2.3,10.0
2025,Italian Grand Prix,STR,Aston Martin,22.0,1.0,HARD,23.0,83.927,27.325,28.717,27.885,318.0,331.0,313.0,337.0,1,True,27.2,43.3,44.0,False,2.3,11.0
2025,Italian Grand Prix,HAD,Racing Bulls,22.0,1.0,HARD,23.0,83.844,27.368,28.576,27.9,322.0,328.0,315.0,336.0,1,True,27.2,43.3,44.0,False,2.3,12.0
2025,Italian Grand Prix,COL,Alpine,22.0,1.0,MEDIUM,22.0,84.111,27.613,28.674,27.824,309.0,312.0,311.0,319.0,1,True,27.2,43.3,44.0,False,2.3,13.0
2025,Italian Grand Prix,GAS,Alpine,22.0,1.0,HARD,22.0,84.103,27.529,28.772,27.802,312.0,313.0,312.0,320.0,1,True,27.2,43.3,44.0,False,2.3,14.0
2025,Italian Grand Prix,ALO,Aston Martin,22.0,2.0,HARD,3.0,84.078,27.592,28.716,27.77,310.0,309.0,309.0,328.0,1,True,27.2,43.3,44.0,False,2.3,15.0
2025,Italian Grand Prix,BOR,Kick Sauber,22.0,2.0,HARD,2.0,83.917,27.364,28.691,27.862,331.0,320.0,313.0,351.0,1,True,27.2,43.3,44.0,False,2.3,16.0
2025,Italian Grand Prix,LAW,Racing Bulls,22.0,2.0,HARD,13.0,85.2,27.906,29.32,27.974,314.0,330.0,315.0,344.0,1,False,27.2,43.3,44.0,False,2.3,17.0
2025,Italian Grand Prix,BEA,Haas F1 Team,22.0,2.0,HARD,4.0,84.474,27.316,29.081,28.077,322.0,339.0,316.0,338.0,1,False,27.2,43.3,44.0,False,2.3,18.0
2025,Italian Grand Prix,TSU,Red Bull Racing,22.0,2.0,HARD,3.0,84.099,27.449,28.724,27.926,318.0,338.0,315.0,332.0,1,False,27.2,43.3,44.0,False,2.3,19.0
2025,Italian Grand Prix,VER,Red Bull Racing,23.0,1.0,MEDIUM,23.0,82.782,27.317,28.188,27.277,313.0,316.0,313.0,323.0,1,False,27.2,43.3,44.0,False,2.3,1.0
2025,Italian Grand Prix,NOR,McLaren,23.0,1.0,MEDIUM,23.0,82.892,27.333,28.127,27.432,311.0,313.0,312.0,325.0,1,True,27.1,42.5,41.0,False,2.6,2.0
2025,Italian Grand Prix,PIA,McLaren,23.0,1.0,MEDIUM,23.0,82.957,27.308,28.117,27.532,311.0,313.0,312.0,326.0,1,False,27.1,42.5,41.0,False,2.6,3.0
2025,Italian Grand Prix,LEC,Ferrari,23.0,1.0,MEDIUM,23.0,83.152,27.243,28.354,27.555,316.0,317.0,314.0,325.0,1,True,27.1,42.5,41.0,False,2.6,4.0
2025,Italian Grand Prix,RUS,Mercedes,23.0,1.0,MEDIUM,23.0,83.641,27.384,28.526,27.731,315.0,315.0,312.0,328.0,1,False,27.1,42.5,41.0,False,2.6,5.0
2025,Italian Grand Prix,HAM,Ferrari,23.0,1.0,MEDIUM,23.0,83.406,27.238,28.463,27.705,321.0,322.0,315.0,331.0,1,True,27.1,42.5,41.0,False,2.6,6.0
2025,Italian Grand Prix,ANT,Mercedes,23.0,1.0,MEDIUM,23.0,83.671,27.257,28.65,27.764,312.0,313.0,311.0,327.0,1,False,27.1,42.5,41.0,False,2.6,7.0
2025,Italian Grand Prix,SAI,Williams,23.0,1.0,MEDIUM,23.0,83.827,27.372,28.646,27.809,316.0,319.0,313.0,326.0,1,False,27.1,42.5,41.0,False,2.6,8.0
2025,Italian Grand Prix,ALB,Williams,23.0,1.0,HARD,23.0,83.781,27.235,28.51,28.036,317.0,329.0,315.0,338.0,1,False,27.1,42.5,41.0,False,2.6,9.0
2025,Italian Grand Prix,OCO,Haas F1 Team,23.0,1.0,HARD,23.0,83.79,27.373,28.47,27.947,312.0,327.0,314.0,333.0,1,False,27.1,42.5,41.0,False,2.6,10.0
2025,Italian Grand Prix,STR,Aston Martin,23.0,1.0,HARD,24.0,83.991,27.338,28.704,27.949,317.0,322.0,313.0,336.0,1,False,27.1,42.5,41.0,False,2.6,11.0
2025,Italian Grand Prix,HAD,Racing Bulls,23.0,1.0,HARD,24.0,83.973,27.383,28.695,27.895,320.0,325.0,315.0,334.0,1,False,27.1,42.5,41.0,False,2.6,12.0
2025,Italian Grand Prix,COL,Alpine,23.0,1.0,MEDIUM,23.0,84.458,27.581,28.893,27.984,308.0,311.0,310.0,318.0,1,False,27.1,42.5,41.0,False,2.6,13.0
2025,Italian Grand Prix,GAS,Alpine,23.0,1.0,HARD,23.0,84.419,27.574,28.859,27.986,311.0,313.0,312.0,320.0,1,False,27.1,42.5,41.0,False,2.6,14.0
2025,Italian Grand Prix,ALO,Aston Martin,23.0,2.0,HARD,4.0,83.757,27.558,28.504,27.695,313.0,313.0,310.0,324.0,1,True,27.1,42.5,41.0,False,2.6,15.0
2025,Italian Grand Prix,BOR,Kick Sauber,23.0,2.0,HARD,3.0,83.815,27.473,28.486,27.856,318.0,321.0,317.0,323.0,1,True,27.1,42.5,41.0,False,2.6,16.0
2025,Italian Grand Prix,LAW,Racing Bulls,23.0,2.0,HARD,14.0,84.165,27.448,28.864,27.853,316.0,321.0,315.0,334.0,1,False,27.1,42.5,41.0,False,2.6,17.0
2025,Italian Grand Prix,BEA,Haas F1 Team,23.0,2.0,HARD,5.0,84.261,27.431,28.887,27.943,322.0,328.0,316.0,342.0,1,False,27.1,42.5,41.0,False,2.6,18.0
2025,Italian Grand Prix,TSU,Red Bull Racing,23.0,2.0,HARD,4.0,84.256,27.565,28.815,27.876,318.0,334.0,317.0,334.0,1,False,27.1,42.5,41.0,False,2.6,19.0
2025,Italian Grand Prix,VER,Red Bull Racing,24.0,1.0,MEDIUM,24.0,82.817,27.335,28.171,27.311,314.0,315.0,314.0,324.0,1,False,27.1,42.2,42.0,False,2.3,1.0
2025,Italian Grand Prix,NOR,McLaren,24.0,1.0,MEDIUM,24.0,82.967,27.303,28.17,27.494,312.0,314.0,313.0,326.0,1,False,27.1,42.2,42.0,False,2.3,2.0
2025,Italian Grand Prix,PIA,McLaren,24.0,1.0,MEDIUM,24.0,82.744,27.272,28.043,27.429,311.0,314.0,314.0,326.0,1,True,27.1,42.2,42.0,False,2.3,3.0
2025,Italian Grand Prix,LEC,Ferrari,24.0,1.0,MEDIUM,24.0,83.263,27.41,28.33,27.523,316.0,317.0,315.0,324.0,1,False,27.1,42.2,42.0,False,2.3,4.0
2025,Italian Grand Prix,RUS,Mercedes,24.0,1.0,MEDIUM,24.0,83.638,27.437,28.516,27.685,315.0,316.0,311.0,328.0,1,False,27.1,42.2,42.0,False,2.3,5.0
2025,Italian Grand Prix,HAM,Ferrari,24.0,1.0,MEDIUM,24.0,83.675,27.28,28.596,27.799,319.0,320.0,315.0,329.0,1,False,27.1,42.2,42.0,False,2.3,6.0
2025,Italian Grand Prix,ANT,Mercedes,24.0,1.0,MEDIUM,24.0,83.515,27.369,28.484,27.662,315.0,316.0,311.0,325.0,1,False,27.1,42.2,42.0,False,2.3,7.0
2025,Italian Grand Prix,SAI,Williams,24.0,1.0,MEDIUM,24.0,83.837,27.363,28.643,27.831,313.0,314.0,313.0,327.0,1,False,27.1,42.2,42.0,False,2.3,8.0
2025,Italian Grand Prix,ALB,Williams,24.0,1.0,HARD,24.0,83.867,27.323,28.554,27.99,315.0,327.0,315.0,338.0,1,False,27.1,42.2,42.0,False,2.3,9.0
2025,Italian Grand Prix,OCO,Haas F1 Team,24.0,1.0,HARD,24.0,83.998,27.474,28.502,28.022,311.0,327.0,314.0,333.0,1,False,27.1,42.2,42.0,False,2.3,10.0
2025,Italian Grand Prix,STR,Aston Martin,24.0,1.0,HARD,25.0,83.878,27.324,28.638,27.916,316.0,321.0,312.0,334.0,1,True,27.0,42.3,43.0,False,2.1,11.0
2025,Italian Grand Prix,HAD,Racing Bulls,24.0,1.0,HARD,25.0,83.801,27.421,28.585,27.795,318.0,324.0,314.0,333.0,1,True,27.0,42.3,43.0,False,2.1,12.0
2025,Italian Grand Prix,COL,Alpine,24.0,1.0,MEDIUM,24.0,84.334,27.635,28.735,27.964,306.0,310.0,310.0,318.0,1,False,27.0,42.3,43.0,False,2.1,13.0
2025,Italian Grand Prix,GAS,Alpine,24.0,1.0,HARD,24.0,84.292,27.659,28.723,27.91,309.0,312.0,311.0,319.0,1,False,27.0,42.3,43.0,False,2.1,14.0
2025,Italian Grand Prix,BOR,Kick Sauber,24.0,2.0,HARD,4.0,83.884,27.391,28.509,27.984,315.0,319.0,313.0,319.0,1,False,27.0,42.3,43.0,False,2.1,15.0
2025,Italian Grand Prix,LAW,Racing Bulls,24.0,2.0,HARD,15.0,84.185,27.469,28.843,27.873,314.0,320.0,314.0,334.0,1,False,27.0,42.3,43.0,False,2.1,16.0
2025,Italian Grand Prix,BEA,Haas F1 Team,24.0,2.0,HARD,6.0,84.118,27.383,28.82,27.915,320.0,333.0,315.0,341.0,1,False,27.0,42.3,43.0,False,2.1,17.0
2025,Italian Grand Prix,TSU,Red Bull Racing,24.0,2.0,HARD,5.0,84.238,27.388,28.833,28.017,319.0,338.0,315.0,345.0,1,False,27.0,42.3,43.0,False,2.1,18.0
2025,Italian Grand Prix,ALO,Aston Martin,24.0,2.0,HARD,5.0,107.419,27.553,28.447,51.419,311.0,312.0,,322.0,1,False,27.0,42.3,43.0,False,2.1,19.0
2025,Italian Grand Prix,VER,Red Bull Racing,25.0,1.0,MEDIUM,25.0,82.97,27.336,28.216,27.418,312.0,316.0,313.0,324.0,1,False,27.0,42.3,43.0,False,2.1,1.0
2025,Italian Grand Prix,NOR,McLaren,25.0,1.0,MEDIUM,25.0,83.082,27.328,28.136,27.618,309.0,312.0,313.0,325.0,1,False,27.0,42.3,43.0,False,2.1,2.0
2025,Italian Grand Prix,PIA,McLaren,25.0,1.0,MEDIUM,25.0,83.27,27.261,28.308,27.701,310.0,313.0,313.0,328.0,1,False,27.0,42.3,43.0,False,2.1,3.0
2025,Italian Grand Prix,LEC,Ferrari,25.0,1.0,MEDIUM,25.0,83.111,27.296,28.31,27.505,316.0,318.0,313.0,324.0,1,True,27.0,42.8,43.0,False,3.1,4.0
2025,Italian Grand Prix,RUS,Mercedes,25.0,1.0,MEDIUM,25.0,83.765,27.487,28.621,27.657,311.0,312.0,312.0,331.0,1,False,27.0,42.8,43.0,False,3.1,5.0
2025,Italian Grand Prix,HAM,Ferrari,25.0,1.0,MEDIUM,25.0,83.518,27.263,28.526,27.729,320.0,322.0,316.0,329.0,1,False,27.0,42.8,43.0,False,3.1,6.0
2025,Italian Grand Prix,ANT,Mercedes,25.0,1.0,MEDIUM,25.0,83.449,27.265,28.475,27.709,314.0,316.0,311.0,327.0,1,False,27.0,42.8,43.0,False,3.1,7.0
2025,Italian Grand Prix,ALB,Williams,25.0,1.0,HARD,25.0,83.726,27.292,28.635,27.799,313.0,316.0,314.0,340.0,1,True,27.0,42.8,43.0,False,3.1,8.0
2025,Italian Grand Prix,SAI,Williams,25.0,1.0,MEDIUM,25.0,85.082,27.937,29.227,27.918,308.0,333.0,315.0,325.0,1,False,27.0,42.8,43.0,False,3.1,9.0
2025,Italian Grand Prix,OCO,Haas F1 Team,25.0,1.0,HARD,25.0,84.249,27.338,28.873,28.038,312.0,330.0,314.0,332.0,1,False,27.0,42.8,43.0,False,3.1,10.0
2025,Italian Grand Prix,STR,Aston Martin,25.0,1.0,HARD,26.0,83.871,27.314,28.594,27.963,318.0,333.0,314.0,334.0,1,True,27.0,42.8,43.0,False,3.1,11.0
2025,Italian Grand Prix,HAD,Racing Bulls,25.0,1.0,HARD,26.0,83.882,27.355,28.692,27.835,318.0,331.0,315.0,335.0,1,False,27.0,42.8,43.0,False,3.1,12.0
2025,Italian Grand Prix,COL,Alpine,25.0,1.0,MEDIUM,25.0,84.168,27.642,28.657,27.869,307.0,312.0,310.0,318.0,1,False,27.0,42.8,43.0,False,3.1,13.0
2025,Italian Grand Prix,GAS,Alpine,25.0,1.0,HARD,25.0,84.106,27.471,28.773,27.862,310.0,314.0,313.0,320.0,1,False,27.0,42.8,43.0,False,3.1,14.0
2025,Italian Grand Prix,BOR,Kick Sauber,25.0,2.0,HARD,5.0,84.07,27.491,28.62,27.959,309.0,315.0,313.0,319.0,1,False,27.0,42.8,43.0,False,3.1,15.0
2025,Italian Grand Prix,BEA,Haas F1 Team,25.0,2.0,HARD,7.0,83.952,27.441,28.721,27.79,326.0,318.0,312.0,354.0,1,False,27.0,42.8,43.0,False,3.1,16.0
2025,Italian Grand Prix,LAW,Racing Bulls,25.0,2.0,HARD,16.0,85.332,27.925,29.308,28.099,321.0,332.0,313.0,332.0,1,False,27.0,42.8,43.0,False,3.1,17.0
2025,Italian Grand Prix,TSU,Red Bull Racing,25.0,2.0,HARD,6.0,84.722,27.597,29.096,28.029,320.0,338.0,315.0,338.0,1,False,27.0,42.8,43.0,False,3.1,18.0
2025,Italian Grand Prix,VER,Red Bull Racing,26.0,1.0,MEDIUM,26.0,82.937,27.39,28.218,27.329,314.0,317.0,314.0,324.0,1,False,27.0,42.9,43.0,False,2.8,1.0
2025,Italian Grand Prix,NOR,McLaren,26.0,1.0,MEDIUM,26.0,82.841,27.295,28.092,27.454,312.0,314.0,313.0,325.0,1,True,27.0,42.9,43.0,False,2.8,2.0
2025,Italian Grand Prix,PIA,McLaren,26.0,1.0,MEDIUM,26.0,83.047,27.354,28.218,27.475,312.0,313.0,313.0,328.0,1,False,27.0,42.9,43.0,False,2.8,3.0
2025,Italian Grand Prix,LEC,Ferrari,26.0,1.0,MEDIUM,26.0,83.374,27.437,28.438,27.499,315.0,317.0,314.0,323.0,1,False,27.0,42.9,43.0,False,2.8,4.0
2025,Italian Grand Prix,RUS,Mercedes,26.0,1.0,MEDIUM,26.0,83.98,27.56,28.69,27.73,314.0,315.0,311.0,325.0,1,False,27.0,42.9,43.0,False,2.8,5.0
2025,Italian Grand Prix,HAM,Ferrari,26.0,1.0,MEDIUM,26.0,83.961,27.347,28.813,27.801,319.0,321.0,314.0,328.0,1,False,27.0,42.9,43.0,False,2.8,6.0
2025,Italian Grand Prix,ANT,Mercedes,26.0,1.0,MEDIUM,26.0,84.699,27.984,28.946,27.769,317.0,316.0,311.0,327.0,1,False,27.0,42.9,43.0,False,2.8,7.0
2025,Italian Grand Prix,ALB,Williams,26.0,1.0,HARD,26.0,83.246,27.158,28.359,27.729,316.0,318.0,312.0,329.0,1,True,27.0,42.9,43.0,False,2.8,8.0
2025,Italian Grand Prix,SAI,Williams,26.0,1.0,MEDIUM,26.0,83.886,27.3,28.691,27.895,318.0,319.0,313.0,339.0,1,False,27.0,42.9,43.0,False,2.8,9.0
2025,Italian Grand Prix,OCO,Haas F1 Team,26.0,1.0,HARD,26.0,83.974,27.315,28.679,27.98,313.0,325.0,314.0,334.0,1,False,27.0,42.9,43.0,False,2.8,10.0
2025,Italian Grand Prix,STR,Aston Martin,26.0,1.0,HARD,27.0,84.187,27.427,28.717,28.043,318.0,331.0,313.0,342.0,1,False,27.0,42.9,43.0,False,2.8,11.0
2025,Italian Grand Prix,HAD,Racing Bulls,26.0,1.0,HARD,27.0,84.026,27.335,28.707,27.984,319.0,328.0,315.0,335.0,1,False,27.0,42.9,43.0,False,2.8,12.0
2025,Italian Grand Prix,COL,Alpine,26.0,1.0,MEDIUM,26.0,84.215,27.643,28.72,27.852,308.0,311.0,310.0,318.0,1,False,27.0,42.9,43.0,False,2.8,13.0
2025,Italian Grand Prix,GAS,Alpine,26.0,1.0,HARD,26.0,84.113,27.617,28.662,27.834,311.0,314.0,312.0,319.0,1,False,27.0,42.9,43.0,False,2.8,14.0
2025,Italian Grand Prix,BOR,Kick Sauber,26.0,2.0,HARD,6.0,83.973,27.642,28.587,27.744,310.0,316.0,314.0,318.0,1,False,27.0,43.2,43.0,False,1.9,15.0
2025,Italian Grand Prix,BEA,Haas F1 Team,26.0,2.0,HARD,8.0,83.879,27.541,28.68,27.658,314.0,318.0,312.0,322.0,1,False,27.0,43.2,43.0,False,1.9,16.0
2025,Italian Grand Prix,LAW,Racing Bulls,26.0,2.0,HARD,17.0,84.202,27.527,28.896,27.779,315.0,322.0,314.0,332.0,1,False,27.0,43.2,43.0,False,1.9,17.0
2025,Italian Grand Prix,TSU,Red Bull Racing,26.0,2.0,HARD,7.0,84.384,27.765,28.719,27.9,320.0,335.0,315.0,337.0,1,False,27.0,43.2,43.0,False,1.9,18.0
2025,Italian Grand Prix,VER,Red Bull Racing,27.0,1.0,MEDIUM,27.0,83.015,27.447,28.229,27.339,314.0,316.0,313.0,321.0,1,False,27.0,43.2,43.0,False,1.9,1.0
2025,Italian Grand Prix,NOR,McLaren,27.0,1.0,MEDIUM,27.0,82.835,27.299,28.152,27.384,311.0,314.0,313.0,324.0,1,True,27.0,43.2,43.0,False,1.9,2.0
2025,Italian Grand Prix,PIA,McLaren,27.0,1.0,MEDIUM,27.0,82.796,27.285,28.087,27.424,312.0,314.0,313.0,327.0,1,False,27.0,43.2,43.0,False,1.9,3.0
2025,Italian Grand Prix,LEC,Ferrari,27.0,1.0,MEDIUM,27.0,82.98,27.327,28.242,27.411,319.0,319.0,314.0,325.0,1,True,27.0,43.2,43.0,False,1.9,4.0
2025,Italian Grand Prix,HAM,Ferrari,27.0,1.0,MEDIUM,27.0,83.412,27.386,28.431,27.595,323.0,323.0,314.0,329.0,1,False,27.0,43.2,43.0,False,1.9,5.0
2025,Italian Grand Prix,RUS,Mercedes,27.0,1.0,MEDIUM,27.0,87.978,27.531,28.524,31.923,315.0,315.0,,328.0,1,False,27.0,43.2,43.0,False,1.9,6.0
2025,Italian Grand Prix,ANT,Mercedes,27.0,1.0,MEDIUM,27.0,83.7,27.452,28.663,27.585,317.0,316.0,311.0,326.0,1,False,26.9,43.2,40.0,False,2.6,7.0
2025,Italian Grand Prix,ALB,Williams,27.0,1.0,HARD,27.0,83.723,27.489,28.484,27.75,314.0,316.0,313.0,332.0,1,False,26.9,43.2,40.0,False,2.6,8.0
2025,Italian Grand Prix,SAI,Williams,27.0,1.0,MEDIUM,27.0,83.968,27.359,28.798,27.811,313.0,315.0,314.0,328.0,1,False,26.9,43.2,40.0,False,2.6,9.0
2025,Italian Grand Prix,OCO,Haas F1 Team,27.0,1.0,HARD,27.0,83.945,27.45,28.53,27.965,313.0,325.0,313.0,330.0,1,False,26.9,43.2,40.0,False,2.6,10.0
2025,Italian Grand Prix,STR,Aston Martin,27.0,1.0,HARD,28.0,83.768,27.376,28.544,27.848,318.0,332.0,314.0,343.0,1,True,26.9,43.2,40.0,False,2.6,11.0
2025,Italian Grand Prix,HAD,Racing Bulls,27.0,1.0,HARD,28.0,83.885,27.363,28.743,27.779,321.0,328.0,315.0,336.0,1,False,26.9,43.2,40.0,False,2.6,12.0
2025,Italian Grand Prix,COL,Alpine,27.0,1.0,MEDIUM,27.0,83.949,27.612,28.542,27.795,309.0,312.0,311.0,318.0,1,True,26.9,43.2,40.0,False,2.6,13.0
2025,Italian Grand Prix,GAS,Alpine,27.0,1.0,HARD,27.0,83.997,27.608,28.705,27.684,313.0,315.0,313.0,320.0,1,True,26.9,43.2,40.0,False,2.6,14.0
2025,Italian Grand Prix,BOR,Kick Sauber,27.0,2.0,HARD,7.0,83.192,27.427,28.262,27.503,313.0,317.0,315.0,321.0,1,True,26.9,43.2,40.0,False,2.6,15.0
2025,Italian Grand Prix,BEA,Haas F1 Team,27.0,2.0,HARD,9.0,83.514,27.516,28.459,27.539,315.0,318.0,312.0,323.0,1,False,26.9,43.2,40.0,False,2.6,16.0
2025,Italian Grand Prix,TSU,Red Bull Racing,27.0,2.0,HARD,8.0,86.182,27.337,30.491,28.354,328.0,329.0,313.0,355.0,1,False,26.9,43.2,40.0,False,2.6,17.0
2025,Italian Grand Prix,LAW,Racing Bulls,27.0,2.0,HARD,18.0,87.448,28.004,30.635,28.809,340.0,321.0,314.0,320.0,1,False,26.9,43.2,40.0,False,2.6,18.0
2025,Italian Grand Prix,VER,Red Bull Racing,28.0,1.0,MEDIUM,28.0,83.031,27.457,28.265,27.309,314.0,317.0,313.0,322.0,1,False,26.9,43.2,40.0,False,2.6,1.0
2025,Italian Grand Prix,NOR,McLaren,28.0,1.0,MEDIUM,28.0,83.072,27.401,28.201,27.47,312.0,313.0,313.0,324.0,1,False,26.9,43.2,40.0,False,2.6,2.0
2025,Italian Grand Prix,PIA,McLaren,28.0,1.0,MEDIUM,28.0,82.845,27.37,28.102,27.373,313.0,314.0,313.0,326.0,1,False,26.9,43.2,40.0,False,2.0,3.0
2025,Italian Grand Prix,LEC,Ferrari,28.0,1.0,MEDIUM,28.0,83.093,27.377,28.225,27.491,317.0,318.0,314.0,323.0,1,False,26.9,43.2,40.0,False,2.0,4.0
2025,Italian Grand Prix,HAM,Ferrari,28.0,1.0,MEDIUM,28.0,83.398,27.393,28.349,27.656,316.0,317.0,313.0,323.0,1,True,26.9,43.2,40.0,False,2.0,5.0
2025,Italian Grand Prix,ALB,Williams,28.0,1.0,HARD,28.0,83.349,27.348,28.35,27.651,316.0,316.0,312.0,326.0,1,False,26.9,43.2,40.0,False,2.0,6.0
2025,Italian Grand Prix,ANT,Mercedes,28.0,1.0,MEDIUM,28.0,87.75,27.497,28.513,31.74,315.0,314.0,,324.0,1,False,26.9,43.2,40.0,False,2.0,7.0
2025,Italian Grand Prix,SAI,Williams,28.0,1.0,MEDIUM,28.0,83.552,27.35,28.549,27.653,317.0,318.0,313.0,327.0,1,True,26.9,43.2,40.0,False,2.0,8.0
2025,Italian Grand Prix,OCO,Haas F1 Team,28.0,1.0,HARD,28.0,83.74,27.436,28.455,27.849,312.0,324.0,312.0,329.0,1,False,26.9,43.2,40.0,False,2.0,9.0
2025,Italian Grand Prix,STR,Aston Martin,28.0,1.0,HARD,29.0,83.861,27.391,28.649,27.821,318.0,330.0,314.0,337.0,1,False,26.9,43.2,40.0,False,2.0,10.0
2025,Italian Grand Prix,HAD,Racing Bulls,28.0,1.0,HARD,29.0,83.686,27.39,28.558,27.738,319.0,327.0,316.0,333.0,1,True,26.9,43.2,40.0,False,2.0,11.0
2025,Italian Grand Prix,RUS,Mercedes,28.0,2.0,HARD,1.0,104.163,48.729,28.069,27.365,308.0,313.0,312.0,284.0,1,False,26.9,43.2,40.0,False,2.0,12.0
2025,Italian Grand Prix,COL,Alpine,28.0,1.0,MEDIUM,28.0,84.844,27.943,29.095,27.806,313.0,313.0,312.0,315.0,1,False,26.9,43.2,40.0,False,2.0,13.0
2025,Italian Grand Prix,GAS,Alpine,28.0,1.0,HARD,28.0,84.133,27.747,28.756,27.63,310.0,314.0,313.0,318.0,1,False,26.9,43.2,40.0,False,2.0,14.0
2025,Italian Grand Prix,BOR,Kick Sauber,28.0,2.0,HARD,8.0,82.981,27.4,28.173,27.408,315.0,319.0,315.0,322.0,1,True,26.9,43.2,40.0,False,2.0,15.0
2025,Italian Grand Prix,BEA,Haas F1 Team,28.0,2.0,HARD,10.0,83.334,27.56,28.317,27.457,312.0,317.0,312.0,321.0,1,False,26.9,43.2,40.0,False,2.0,16.0
2025,Italian Grand Prix,TSU,Red Bull Racing,28.0,2.0,HARD,9.0,84.258,27.789,28.773,27.696,312.0,316.0,311.0,318.0,1,False,27.1,43.0,41.0,False,2.2,17.0
2025,Italian Grand Prix,LAW,Racing Bulls,28.0,2.0,HARD,19.0,84.5,27.697,28.861,27.942,314.0,330.0,314.0,321.0,1,False,27.1,43.0,41.0,False,2.2,18.0
2025,Italian Grand Prix,VER,Red Bull Racing,29.0,1.0,MEDIUM,29.0,82.811,27.382,28.222,27.207,314.0,317.0,313.0,322.0,1,False,27.1,43.0,41.0,False,2.2,1.0
2025,Italian Grand Prix,NOR,McLaren,29.0,1.0,MEDIUM,29.0,82.757,27.403,28.076,27.278,310.0,313.0,313.0,321.0,1,True,27.1,43.0,41.0,False,2.2,2.0
2025,Italian Grand Prix,PIA,McLaren,29.0,1.0,MEDIUM,29.0,82.7,27.302,28.101,27.297,312.0,313.0,313.0,323.0,1,True,27.1,43.0,41.0,False,2.2,3.0
2025,Italian Grand Prix,LEC,Ferrari,29.0,1.0,MEDIUM,29.0,82.736,27.232,28.215,27.289,317.0,318.0,314.0,324.0,1,True,27.1,43.0,41.0,False,2.2,4.0
2025,Italian Grand Prix,HAM,Ferrari,29.0,1.0,MEDIUM,29.0,83.044,27.242,28.294,27.508,320.0,321.0,313.0,326.0,1,True,27.1,43.0,41.0,False,2.2,5.0
2025,Italian Grand Prix,ALB,Williams,29.0,1.0,HARD,29.0,83.229,27.34,28.325,27.564,314.0,315.0,312.0,323.0,1,True,27.1,43.0,41.0,False,2.2,6.0
2025,Italian Grand Prix,SAI,Williams,29.0,1.0,MEDIUM,29.0,83.857,27.366,28.674,27.817,313.0,310.0,312.0,325.0,1,False,27.1,43.0,41.0,False,2.2,7.0
2025,Italian Grand Prix,OCO,Haas F1 Team,29.0,1.0,HARD,29.0,83.649,27.48,28.405,27.764,311.0,322.0,313.0,327.0,1,True,27.1,43.0,41.0,False,2.2,8.0
2025,Italian Grand Prix,STR,Aston Martin,29.0,1.0,HARD,30.0,83.673,27.354,28.466,27.853,318.0,331.0,313.0,338.0,1,True,27.1,43.0,41.0,False,2.2,9.0
2025,Italian Grand Prix,HAD,Racing Bulls,29.0,1.0,HARD,30.0,83.389,27.271,28.313,27.805,322.0,340.0,316.0,336.0,1,True,27.3,43.0,40.0,False,2.9,10.0
2025,Italian Grand Prix,RUS,Mercedes,29.0,2.0,HARD,2.0,82.421,27.121,28.019,27.281,311.0,314.0,313.0,335.0,1,True,27.3,43.0,40.0,False,2.9,11.0
2025,Italian Grand Prix,COL,Alpine,29.0,1.0,MEDIUM,29.0,83.793,27.594,28.548,27.651,309.0,312.0,311.0,318.0,1,True,27.3,43.0,40.0,False,2.9,12.0
2025,Italian Grand Prix,GAS,Alpine,29.0,1.0,HARD,29.0,83.927,27.502,28.656,27.769,311.0,322.0,313.0,329.0,1,True,27.3,43.0,40.0,False,2.9,13.0
2025,Italian Grand Prix,ANT,Mercedes,29.0,2.0,HARD,1.0,103.945,48.192,28.33,27.423,317.0,313.0,312.0,284.0,1,False,27.3,43.0,40.0,False,2.9,14.0
2025,Italian Grand Prix,BOR,Kick Sauber,29.0,2.0,HARD,9.0,83.717,27.405,28.5,27.812,316.0,331.0,316.0,340.0,1,False,27.3,43.0,40.0,False,2.9,15.0
2025,Italian Grand Prix,BEA,Haas F1 Team,29.0,2.0,HARD,11.0,83.368,27.529,28.255,27.584,313.0,320.0,313.0,318.0,1,False,27.3,43.0,40.0,False,2.9,16.0
2025,Italian Grand Prix,TSU,Red Bull Racing,29.0,2.0,HARD,10.0,83.884,27.661,28.54,27.683,313.0,318.0,312.0,318.0,1,False,27.3,43.0,40.0,False,2.9,17.0
2025,Italian Grand Prix,LAW,Racing Bulls,29.0,2.0,HARD,20.0,83.939,27.516,28.663,27.76,315.0,331.0,314.0,324.0,1,False,27.3,43.0,40.0,False,2.9,18.0
2025,Italian Grand Prix,VER,Red Bull Racing,30.0,1.0,MEDIUM,30.0,82.928,27.447,28.294,27.187,315.0,317.0,314.0,321.0,1,False,27.3,43.0,40.0,False,2.9,1.0
2025,Italian Grand Prix,NOR,McLaren,30.0,1.0,MEDIUM,30.0,82.639,27.274,28.098,27.267,311.0,313.0,313.0,322.0,1,True,27.3,43.0,40.0,False,2.9,2.0
2025,Italian Grand Prix,PIA,McLaren,30.0,1.0,MEDIUM,30.0,82.92,27.315,28.074,27.531,311.0,313.0,313.0,324.0,1,False,27.3,43.0,40.0,False,2.9,3.0
2025,Italian Grand Prix,LEC,Ferrari,30.0,1.0,MEDIUM,30.0,82.972,27.316,28.281,27.375,315.0,317.0,315.0,322.0,1,False,27.3,43.0,40.0,False,2.9,4.0
2025,Italian Grand Prix,HAM,Ferrari,30.0,1.0,MEDIUM,30.0,83.463,27.352,28.513,27.598,316.0,317.0,314.0,322.0,1,False,27.4,42.7,40.0,False,2.5,5.0
2025,Italian Grand Prix,ALB,Williams,30.0,1.0,HARD,30.0,83.129,27.261,28.315,27.553,313.0,316.0,312.0,323.0,1,True,27.4,42.7,40.0,False,2.5,6.0
2025,Italian Grand Prix,OCO,Haas F1 Team,30.0,1.0,HARD,30.0,83.632,27.489,28.39,27.753,310.0,324.0,311.0,328.0,1,True,27.4,42.7,40.0,False,2.5,7.0
2025,Italian Grand Prix,STR,Aston Martin,30.0,1.0,HARD,31.0,83.585,27.328,28.518,27.739,317.0,331.0,312.0,340.0,1,True,27.4,42.7,40.0,False,2.5,8.0
2025,Italian Grand Prix,HAD,Racing Bulls,30.0,1.0,HARD,31.0,83.701,27.312,28.622,27.767,319.0,338.0,315.0,346.0,1,False,27.4,42.7,40.0,False,2.5,9.0
2025,Italian Grand Prix,SAI,Williams,30.0,1.0,MEDIUM,30.0,87.825,27.367,28.398,32.06,315.0,318.0,,323.0,1,False,27.4,42.7,40.0,False,2.5,10.0
2025,Italian Grand Prix,RUS,Mercedes,30.0,2.0,HARD,3.0,82.601,27.277,28.084,27.24,309.0,318.0,313.0,326.0,1,False,27.4,42.7,40.0,False,2.5,11.0
2025,Italian Grand Prix,GAS,Alpine,30.0,1.0,HARD,30.0,83.751,27.34,28.834,27.577,330.0,312.0,311.0,320.0,1,True,27.4,42.7,40.0,False,2.5,12.0
2025,Italian Grand Prix,COL,Alpine,30.0,1.0,MEDIUM,30.0,85.753,28.27,29.469,28.014,306.0,324.0,311.0,318.0,1,False,27.4,42.7,40.0,False,2.5,13.0
2025,Italian Grand Prix,ANT,Mercedes,30.0,2.0,HARD,2.0,82.775,27.217,28.099,27.459,312.0,315.0,312.0,324.0,1,True,27.4,42.7,40.0,False,2.5,14.0
2025,Italian Grand Prix,BOR,Kick Sauber,30.0,2.0,HARD,10.0,83.343,27.406,28.325,27.612,316.0,322.0,317.0,325.0,1,False,27.4,42.7,40.0,False,2.5,15.0
2025,Italian Grand Prix,BEA,Haas F1 Team,30.0,2.0,HARD,12.0,83.22,27.439,28.228,27.553,313.0,319.0,313.0,322.0,1,False,27.4,42.7,40.0,False,2.5,16.0
2025,Italian Grand Prix,TSU,Red Bull Racing,30.0,2.0,HARD,11.0,83.732,27.584,28.497,27.651,310.0,317.0,312.0,319.0,1,True,27.4,42.7,40.0,False,2.5,17.0
2025,Italian Grand Prix,LAW,Racing Bulls,30.0,2.0,HARD,21.0,83.69,27.402,28.59,27.698,315.0,331.0,314.0,321.0,1,True,27.4,42.7,40.0,False,2.5,18.0
2025,Italian Grand Prix,VER,Red Bull Racing,31.0,1.0,MEDIUM,31.0,82.941,27.307,28.21,27.424,314.0,318.0,314.0,322.0,1,False,27.4,42.7,41.0,False,1.9,1.0
2025,Italian Grand Prix,NOR,McLaren,31.0,1.0,MEDIUM,31.0,83.189,27.283,28.559,27.347,311.0,313.0,313.0,322.0,1,False,27.4,42.7,41.0,False,1.9,2.0
2025,Italian Grand Prix,PIA,McLaren,31.0,1.0,MEDIUM,31.0,82.816,27.389,28.045,27.382,312.0,315.0,313.0,323.0,1,False,27.4,42.7,41.0,False,1.9,3.0
2025,Italian Grand Prix,LEC,Ferrari,31.0,1.0,MEDIUM,31.0,82.857,27.314,28.133,27.41,318.0,320.0,314.0,324.0,1,False,27.4,42.7,41.0,False,1.9,4.0
2025,Italian Grand Prix,HAM,Ferrari,31.0,1.0,MEDIUM,31.0,83.636,27.504,28.46,27.672,316.0,318.0,314.0,322.0,1,False,27.4,42.7,41.0,False,1.9,5.0
2025,Italian Grand Prix,ALB,Williams,31.0,1.0,HARD,31.0,83.005,27.302,28.148,27.555,315.0,317.0,312.0,324.0,1,True,27.4,42.7,41.0,False,1.9,6.0
2025,Italian Grand Prix,OCO,Haas F1 Team,31.0,1.0,HARD,31.0,83.849,27.519,28.558,27.772,308.0,311.0,311.0,324.0,1,False,27.4,42.7,41.0,False,1.9,7.0
2025,Italian Grand Prix,STR,Aston Martin,31.0,1.0,HARD,32.0,83.571,27.26,28.632,27.679,318.0,328.0,314.0,341.0,1,True,27.4,42.7,41.0,False,1.9,8.0
2025,Italian Grand Prix,HAD,Racing Bulls,31.0,1.0,HARD,32.0,83.431,27.163,28.48,27.788,322.0,338.0,315.0,347.0,1,False,27.4,42.7,41.0,False,1.9,9.0
2025,Italian Grand Prix,RUS,Mercedes,31.0,2.0,HARD,4.0,82.659,27.268,28.089,27.302,312.0,314.0,313.0,325.0,1,False,27.4,42.7,41.0,False,1.9,10.0
2025,Italian Grand Prix,GAS,Alpine,31.0,1.0,HARD,31.0,83.893,27.681,28.501,27.711,306.0,309.0,311.0,315.0,1,False,27.4,42.7,41.0,False,1.9,11.0
2025,Italian Grand Prix,COL,Alpine,31.0,1.0,MEDIUM,31.0,84.216,27.499,28.787,27.93,310.0,313.0,310.0,327.0,1,False,27.4,42.7,41.0,False,1.9,12.0
2025,Italian Grand Prix,ANT,Mercedes,31.0,2.0,HARD,3.0,82.663,27.219,28.037,27.407,317.0,318.0,312.0,325.0,1,True,27.3,42.7,41.0,False,3.0,13.0
2025,Italian Grand Prix,BOR,Kick Sauber,31.0,2.0,HARD,11.0,83.008,27.307,28.299,27.402,318.0,321.0,315.0,324.0,1,False,27.3,42.7,41.0,False,3.0,14.0
2025,Italian Grand Prix,BEA,Haas F1 Team,31.0,2.0,HARD,13.0,83.182,27.433,28.307,27.442,315.0,318.0,313.0,322.0,1,False,27.3,42.7,41.0,False,3.0,15.0
2025,Italian Grand Prix,SAI,Williams,31.0,2.0,HARD,1.0,103.832,47.992,28.328,27.512,316.0,316.0,314.0,285.0,1,False,27.3,42.7,41.0,False,3.0,16.0
2025,Italian Grand Prix,TSU,Red Bull Racing,31.0,2.0,HARD,12.0,83.732,27.544,28.41,27.778,314.0,318.0,312.0,319.0,1,False,27.3,42.7,41.0,False,3.0,17.0
2025,Italian Grand Prix,LAW,Racing Bulls,31.0,2.0,HARD,22.0,83.652,27.405,28.539,27.708,317.0,332.0,315.0,321.0,1,True,27.3,42.7,41.0,False,3.0,18.0
2025,Italian Grand Prix,VER,Red Bull Racing,32.0,1.0,MEDIUM,32.0,82.89,27.403,28.196,27.291,316.0,318.0,314.0,322.0,1,False,27.3,42.7,41.0,False,3.0,1.0
2025,Italian Grand Prix,NOR,McLaren,32.0,1.0,MEDIUM,32.0,82.776,27.34,28.078,27.358,313.0,314.0,313.0,322.0,1,False,27.3,42.7,41.0,False,3.0,2.0
2025,Italian Grand Prix,PIA,McLaren,32.0,1.0,MEDIUM,32.0,82.576,27.293,27.942,27.341,315.0,315.0,312.0,326.0,1,True,27.3,42.7,41.0,False,3.0,3.0
2025,Italian Grand Prix,LEC,Ferrari,32.0,1.0,MEDIUM,32.0,82.975,27.279,28.197,27.499,318.0,319.0,314.0,322.0,1,False,27.3,42.7,41.0,False,3.0,4.0
2025,Italian Grand Prix,HAM,Ferrari,32.0,1.0,MEDIUM,32.0,83.208,27.345,28.302,27.561,320.0,321.0,313.0,325.0,1,False,27.3,42.7,41.0,False,3.0,5.0
2025,Italian Grand Prix,ALB,Williams,32.0,1.0,HARD,32.0,83.149,27.322,28.232,27.595,317.0,317.0,312.0,323.0,1,False,27.2,42.6,41.0,False,1.8,6.0
2025,Italian Grand Prix,OCO,Haas F1 Team,32.0,1.0,HARD,32.0,83.916,27.72,28.511,27.685,309.0,311.0,311.0,313.0,1,False,27.2,42.6,41.0,False,1.8,7.0
2025,Italian Grand Prix,STR,Aston Martin,32.0,1.0,HARD,33.0,84.081,27.624,28.55,27.907,315.0,325.0,312.0,336.0,1,False,27.2,42.6,41.0,False,1.8,8.0
2025,Italian Grand Prix,RUS,Mercedes,32.0,2.0,HARD,5.0,82.701,27.273,28.127,27.301,311.0,319.0,314.0,328.0,1,False,27.2,42.6,41.0,False,1.8,9.0
2025,Italian Grand Prix,HAD,Racing Bulls,32.0,1.0,HARD,33.0,88.342,27.312,28.834,32.196,323.0,337.0,,346.0,1,False,27.2,42.6,41.0,False,1.8,10.0
2025,Italian Grand Prix,GAS,Alpine,32.0,1.0,HARD,32.0,83.761,27.603,28.491,27.667,310.0,310.0,311.0,315.0,1,False,27.2,42.6,41.0,False,1.8,11.0
2025,Italian Grand Prix,COL,Alpine,32.0,1.0,MEDIUM,32.0,84.319,27.734,28.662,27.923,310.0,312.0,311.0,319.0,1,False,27.2,42.6,41.0,False,1.8,12.0
2025,Italian Grand Prix,ANT,Mercedes,32.0,2.0,HARD,4.0,82.852,27.311,28.06,27.481,318.0,318.0,314.0,326.0,1,False,27.2,42.6,41.0,False,1.8,13.0
2025,Italian Grand Prix,BOR,Kick Sauber,32.0,2.0,HARD,12.0,83.04,27.344,28.23,27.466,318.0,322.0,317.0,325.0,1,False,27.2,42.6,41.0,False,1.8,14.0
2025,Italian Grand Prix,BEA,Haas F1 Team,32.0,2.0,HARD,14.0,83.182,27.417,28.21,27.555,315.0,317.0,313.0,321.0,1,False,27.2,42.6,41.0,False,1.8,15.0
2025,Italian Grand Prix,SAI,Williams,32.0,2.0,HARD,2.0,82.625,27.179,27.976,27.47,316.0,318.0,314.0,325.0,1,True,27.2,42.6,41.0,False,1.8,16.0
2025,Italian Grand Prix,TSU,Red Bull Racing,32.0,2.0,HARD,13.0,83.682,27.524,28.501,27.657,315.0,317.0,312.0,319.0,1,True,27.2,42.6,41.0,False,1.8,17.0
2025,Italian Grand Prix,LAW,Racing Bulls,32.0,2.0,HARD,23.0,83.657,27.282,28.683,27.692,320.0,334.0,314.0,327.0,1,False,27.2,42.6,41.0,False,1.8,18.0
2025,Italian Grand Prix,VER,Red Bull Racing,33.0,1.0,MEDIUM,33.0,82.943,27.385,28.257,27.301,316.0,318.0,314.0,322.0,1,False,27.2,42.6,41.0,False,1.8,1.0
2025,Italian Grand Prix,NOR,McLaren,33.0,1.0,MEDIUM,33.0,82.655,27.31,28.052,27.293,313.0,314.0,314.0,324.0,1,False,27.2,42.6,41.0,False,1.8,2.0
2025,Italian Grand Prix,PIA,McLaren,33.0,1.0,MEDIUM,33.0,83.271,27.219,28.542,27.51,314.0,315.0,313.0,327.0,1,False,27.2,42.6,41.0,False,1.8,3.0
2025,Italian Grand Prix,LEC,Ferrari,33.0,1.0,MEDIUM,33.0,87.019,27.235,28.22,31.564,319.0,320.0,,325.0,1,False,27.2,42.0,40.0,False,2.4,4.0
2025,Italian Grand Prix,HAM,Ferrari,33.0,1.0,MEDIUM,33.0,83.01,27.322,28.251,27.437,319.0,320.0,313.0,324.0,1,True,27.2,42.0,40.0,False,2.4,5.0
2025,Italian Grand Prix,ALB,Williams,33.0,1.0,HARD,33.0,82.995,27.208,28.145,27.642,314.0,315.0,312.0,327.0,1,True,27.2,42.0,40.0,False,2.4,6.0
2025,Italian Grand Prix,OCO,Haas F1 Team,33.0,1.0,HARD,33.0,83.711,27.596,28.472,27.643,308.0,311.0,310.0,314.0,1,False,27.2,42.0,40.0,False,2.4,7.0
2025,Italian Grand Prix,STR,Aston Martin,33.0,1.0,HARD,34.0,83.719,27.497,28.493,27.729,314.0,326.0,314.0,330.0,1,False,27.2,42.0,40.0,False,2.4,8.0
2025,Italian Grand Prix,RUS,Mercedes,33.0,2.0,HARD,6.0,82.473,27.182,28.026,27.265,315.0,320.0,315.0,329.0,1,False,27.2,42.0,40.0,False,2.4,9.0
2025,Italian Grand Prix,GAS,Alpine,33.0,1.0,HARD,33.0,84.437,27.579,29.141,27.717,308.0,309.0,311.0,316.0,1,False,27.2,42.0,40.0,False,2.4,10.0
2025,Italian Grand Prix,ANT,Mercedes,33.0,2.0,HARD,5.0,82.705,27.174,28.21,27.321,318.0,320.0,313.0,328.0,1,False,27.2,42.0,40.0,False,2.4,11.0
2025,Italian Grand Prix,COL,Alpine,33.0,1.0,MEDIUM,33.0,88.479,27.584,28.756,32.139,309.0,312.0,,318.0,1,False,27.2,42.0,40.0,False,2.4,12.0
2025,Italian Grand Prix,BOR,Kick Sauber,33.0,2.0,HARD,13.0,83.243,27.375,28.318,27.55,316.0,320.0,316.0,324.0,1,False,27.2,42.0,40.0,False,2.4,13.0
2025,Italian Grand Prix,BEA,Haas F1 Team,33.0,2.0,HARD,15.0,83.055,27.384,28.342,27.329,314.0,317.0,313.0,322.0,1,False,27.2,42.0,40.0,False,2.4,14.0
2025,Italian Grand Prix,SAI,Williams,33.0,2.0,HARD,3.0,82.515,27.092,28.05,27.373,314.0,318.0,315.0,340.0,1,True,27.2,42.0,40.0,False,2.4,15.0
2025,Italian Grand Prix,HAD,Racing Bulls,33.0,2.0,MEDIUM,1.0,102.992,47.595,28.068,27.329,318.0,320.0,313.0,287.0,1,False,27.2,42.0,40.0,False,2.4,16.0
2025,Italian Grand Prix,TSU,Red Bull Racing,33.0,2.0,HARD,14.0,83.505,27.336,28.536,27.633,316.0,319.0,313.0,335.0,1,True,27.2,41.7,40.0,False,2.3,17.0
2025,Italian Grand Prix,LAW,Racing Bulls,33.0,2.0,HARD,24.0,83.656,27.363,28.588,27.705,318.0,333.0,313.0,330.0,1,False,27.2,41.7,40.0,False,2.3,18.0
2025,Italian Grand Prix,VER,Red Bull Racing,34.0,1.0,MEDIUM,34.0,82.795,27.318,28.25,27.227,316.0,318.0,314.0,324.0,1,False,27.2,41.7,40.0,False,2.3,1.0
2025,Italian Grand Prix,NOR,McLaren,34.0,1.0,MEDIUM,34.0,82.554,27.279,28.032,27.243,313.0,313.0,313.0,325.0,1,True,27.2,41.7,40.0,False,2.3,2.0
2025,Italian Grand Prix,PIA,McLaren,34.0,1.0,MEDIUM,34.0,82.669,27.305,28.033,27.331,312.0,315.0,313.0,326.0,1,False,27.2,41.7,40.0,False,2.3,3.0
2025,Italian Grand Prix,HAM,Ferrari,34.0,1.0,MEDIUM,34.0,83.291,27.341,28.41,27.54,318.0,318.0,313.0,324.0,1,False,27.2,41.7,40.0,False,2.3,4.0
2025,Italian Grand Prix,ALB,Williams,34.0,1.0,HARD,34.0,82.906,27.318,28.137,27.451,315.0,315.0,312.0,325.0,1,True,27.2,41.7,40.0,False,2.3,5.0
2025,Italian Grand Prix,LEC,Ferrari,34.0,2.0,HARD,1.0,102.973,47.385,28.318,27.27,327.0,315.0,315.0,288.0,1,False,27.2,41.7,40.0,False,2.3,6.0
2025,Italian Grand Prix,OCO,Haas F1 Team,34.0,1.0,HARD,34.0,83.592,27.634,28.417,27.541,310.0,312.0,312.0,315.0,1,True,27.2,41.7,40.0,False,2.3,7.0
2025,Italian Grand Prix,STR,Aston Martin,34.0,1.0,HARD,35.0,83.459,27.529,28.324,27.606,315.0,327.0,314.0,332.0,1,True,27.2,41.7,40.0,False,2.3,8.0
2025,Italian Grand Prix,RUS,Mercedes,34.0,2.0,HARD,7.0,82.49,27.19,27.995,27.305,330.0,343.0,322.0,333.0,1,False,27.2,41.7,40.0,False,2.3,9.0
2025,Italian Grand Prix,GAS,Alpine,34.0,1.0,HARD,34.0,83.672,27.644,28.539,27.489,308.0,309.0,312.0,316.0,1,True,27.2,41.2,40.0,False,1.6,10.0
2025,Italian Grand Prix,ANT,Mercedes,34.0,2.0,HARD,6.0,82.649,27.242,28.106,27.301,317.0,320.0,313.0,328.0,1,True,27.2,41.2,40.0,False,1.6,11.0
2025,Italian Grand Prix,BOR,Kick Sauber,34.0,2.0,HARD,14.0,82.819,27.339,28.128,27.352,316.0,321.0,316.0,324.0,1,True,27.2,41.2,40.0,False,1.6,12.0
2025,Italian Grand Prix,BEA,Haas F1 Team,34.0,2.0,HARD,16.0,82.911,27.45,28.099,27.362,313.0,318.0,313.0,321.0,1,True,27.2,41.2,40.0,False,1.6,13.0
2025,Italian Grand Prix,SAI,Williams,34.0,2.0,HARD,4.0,82.465,27.144,27.921,27.4,316.0,328.0,315.0,327.0,1,True,27.2,41.2,40.0,False,1.6,14.0
2025,Italian Grand Prix,HAD,Racing Bulls,34.0,2.0,MEDIUM,2.0,82.657,27.387,27.946,27.324,317.0,321.0,314.0,323.0,1,True,27.2,41.2,40.0,False,1.6,15.0
2025,Italian Grand Prix,TSU,Red Bull Racing,34.0,2.0,HARD,15.0,83.647,27.631,28.417,27.599,313.0,318.0,313.0,319.0,1,False,27.2,41.2,40.0,False,1.6,16.0
2025,Italian Grand Prix,LAW,Racing Bulls,34.0,2.0,HARD,25.0,83.574,27.418,28.532,27.624,317.0,332.0,314.0,329.0,1,True,27.2,41.2,40.0,False,1.6,17.0
2025,Italian Grand Prix,VER,Red Bull Racing,35.0,1.0,MEDIUM,35.0,82.651,27.355,28.119,27.177,316.0,318.0,314.0,322.0,1,True,27.2,41.2,40.0,False,1.6,1.0
2025,Italian Grand Prix,COL,Alpine,34.0,2.0,HARD,1.0,104.819,48.696,28.517,27.606,311.0,312.0,309.0,282.0,1,False,27.2,41.2,40.0,False,1.6,18.0
2025,Italian Grand Prix,NOR,McLaren,35.0,1.0,MEDIUM,35.0,82.647,27.325,28.104,27.218,311.0,313.0,315.0,324.0,1,False,27.2,41.2,40.0,False,1.6,2.0
2025,Italian Grand Prix,PIA,McLaren,35.0,1.0,MEDIUM,35.0,82.588,27.309,28.049,27.23,311.0,312.0,313.0,326.0,1,False,27.2,41.2,40.0,False,1.6,3.0
2025,Italian Grand Prix,HAM,Ferrari,35.0,1.0,MEDIUM,35.0,82.992,27.297,28.189,27.506,317.0,318.0,314.0,323.0,1,True,27.0,41.2,41.0,False,2.2,4.0
2025,Italian Grand Prix,ALB,Williams,35.0,1.0,HARD,35.0,82.497,27.145,28.04,27.312,317.0,318.0,313.0,324.0,1,True,27.0,41.2,41.0,False,2.2,5.0
2025,Italian Grand Prix,LEC,Ferrari,35.0,2.0,HARD,2.0,82.17,27.134,27.818,27.218,319.0,319.0,316.0,323.0,1,True,27.0,41.2,41.0,False,2.2,6.0
2025,Italian Grand Prix,OCO,Haas F1 Team,35.0,1.0,HARD,35.0,83.408,27.452,28.417,27.539,310.0,313.0,312.0,316.0,1,True,27.0,41.2,41.0,False,2.2,7.0
2025,Italian Grand Prix,RUS,Mercedes,35.0,2.0,HARD,8.0,82.847,27.359,28.187,27.301,322.0,332.0,318.0,343.0,1,False,27.0,41.2,41.0,False,2.2,8.0
2025,Italian Grand Prix,STR,Aston Martin,35.0,1.0,HARD,36.0,84.333,27.899,28.714,27.72,317.0,329.0,313.0,325.0,1,False,27.0,41.2,41.0,False,2.2,9.0
2025,Italian Grand Prix,GAS,Alpine,35.0,1.0,HARD,35.0,83.32,27.481,28.346,27.493,309.0,311.0,311.0,316.0,1,True,27.0,41.2,41.0,False,2.2,10.0
2025,Italian Grand Prix,ANT,Mercedes,35.0,2.0,HARD,7.0,82.653,27.146,28.138,27.369,318.0,321.0,314.0,330.0,1,False,27.0,41.2,41.0,False,2.2,11.0
2025,Italian Grand Prix,BOR,Kick Sauber,35.0,2.0,HARD,15.0,82.878,27.271,28.255,27.352,316.0,321.0,316.0,324.0,1,False,27.0,41.2,41.0,False,2.2,12.0
2025,Italian Grand Prix,BEA,Haas F1 Team,35.0,2.0,HARD,17.0,82.936,27.334,28.095,27.507,315.0,319.0,313.0,322.0,1,False,27.0,41.2,41.0,False,2.2,13.0
2025,Italian Grand Prix,SAI,Williams,35.0,2.0,HARD,5.0,82.68,27.128,28.072,27.48,317.0,329.0,316.0,338.0,1,False,27.0,41.2,41.0,False,2.2,14.0
2025,Italian Grand Prix,HAD,Racing Bulls,35.0,2.0,MEDIUM,3.0,82.581,27.198,28.047,27.336,317.0,322.0,314.0,326.0,1,True,27.0,41.2,41.0,False,2.2,15.0
2025,Italian Grand Prix,TSU,Red Bull Racing,35.0,2.0,HARD,16.0,83.501,27.467,28.442,27.592,315.0,320.0,313.0,322.0,1,True,27.0,41.2,41.0,False,2.2,16.0
2025,Italian Grand Prix,LAW,Racing Bulls,35.0,2.0,HARD,26.0,83.415,27.333,28.454,27.628,318.0,335.0,315.0,328.0,1,True,27.0,41.2,41.0,False,2.2,17.0
2025,Italian Grand Prix,VER,Red Bull Racing,36.0,1.0,MEDIUM,36.0,82.699,27.404,28.118,27.177,316.0,318.0,315.0,323.0,1,False,27.0,41.2,41.0,False,2.2,1.0
2025,Italian Grand Prix,COL,Alpine,35.0,2.0,HARD,2.0,83.089,27.502,28.075,27.512,309.0,312.0,311.0,317.0,1,True,27.0,41.2,41.0,False,2.2,18.0
2025,Italian Grand Prix,NOR,McLaren,36.0,1.0,MEDIUM,36.0,82.638,27.305,27.978,27.355,314.0,316.0,314.0,325.0,1,False,27.0,41.2,42.0,False,2.9,2.0
2025,Italian Grand Prix,PIA,McLaren,36.0,1.0,MEDIUM,36.0,82.232,27.188,27.922,27.122,314.0,317.0,314.0,326.0,1,True,27.0,41.2,42.0,False,2.9,3.0
2025,Italian Grand Prix,HAM,Ferrari,36.0,1.0,MEDIUM,36.0,82.99,27.25,28.266,27.474,318.0,319.0,314.0,324.0,1,True,27.0,41.2,42.0,False,2.9,4.0
2025,Italian Grand Prix,ALB,Williams,36.0,1.0,HARD,36.0,82.609,27.24,28.092,27.277,314.0,317.0,314.0,324.0,1,False,27.0,41.2,42.0,False,2.9,5.0
2025,Italian Grand Prix,LEC,Ferrari,36.0,2.0,HARD,3.0,82.361,27.131,28.028,27.202,317.0,319.0,315.0,322.0,1,False,27.0,41.2,42.0,False,2.9,6.0
2025,Italian Grand Prix,RUS,Mercedes,36.0,2.0,HARD,9.0,82.248,26.963,28.098,27.187,314.0,316.0,314.0,344.0,1,True,27.0,41.2,42.0,False,2.9,7.0
2025,Italian Grand Prix,OCO,Haas F1 Team,36.0,1.0,HARD,36.0,83.703,27.754,28.381,27.568,314.0,325.0,313.0,309.0,1,False,27.0,41.2,42.0,False,2.9,8.0
2025,Italian Grand Prix,STR,Aston Martin,36.0,1.0,HARD,37.0,83.589,27.392,28.543,27.654,318.0,322.0,313.0,331.0,1,False,27.0,41.2,42.0,False,2.9,9.0
2025,Italian Grand Prix,GAS,Alpine,36.0,1.0,HARD,36.0,83.193,27.5,28.3,27.393,309.0,311.0,313.0,314.0,1,True,27.0,41.2,42.0,False,2.9,10.0
2025,Italian Grand Prix,ANT,Mercedes,36.0,2.0,HARD,8.0,82.953,27.276,28.288,27.389,319.0,321.0,314.0,329.0,1,False,27.0,41.2,42.0,False,2.9,11.0
2025,Italian Grand Prix,BOR,Kick Sauber,36.0,2.0,HARD,16.0,82.49,27.218,28.051,27.221,317.0,323.0,316.0,323.0,1,True,27.0,41.2,42.0,False,2.9,12.0
2025,Italian Grand Prix,BEA,Haas F1 Team,36.0,2.0,HARD,18.0,82.645,27.266,28.111,27.268,315.0,319.0,314.0,321.0,1,True,26.9,41.2,42.0,False,2.5,13.0
2025,Italian Grand Prix,SAI,Williams,36.0,2.0,HARD,6.0,82.635,27.228,28.095,27.312,313.0,331.0,318.0,340.0,1,False,26.9,41.2,42.0,False,2.5,14.0
2025,Italian Grand Prix,HAD,Racing Bulls,36.0,2.0,MEDIUM,4.0,82.702,27.214,28.042,27.446,318.0,324.0,315.0,325.0,1,False,26.9,41.2,42.0,False,2.5,15.0
2025,Italian Grand Prix,TSU,Red Bull Racing,36.0,2.0,HARD,17.0,83.619,27.531,28.429,27.659,315.0,319.0,314.0,318.0,1,False,26.9,41.2,42.0,False,2.5,16.0
2025,Italian Grand Prix,LAW,Racing Bulls,36.0,2.0,HARD,27.0,83.615,27.315,28.598,27.702,318.0,334.0,315.0,332.0,1,False,26.9,41.2,42.0,False,2.5,17.0
2025,Italian Grand Prix,COL,Alpine,36.0,2.0,HARD,3.0,82.919,27.399,28.118,27.402,310.0,313.0,312.0,317.0,1,True,26.9,41.2,42.0,False,2.5,18.0
2025,Italian Grand Prix,VER,Red Bull Racing,37.0,1.0,MEDIUM,37.0,87.432,27.321,28.233,31.878,317.0,320.0,,324.0,1,False,26.9,41.2,42.0,False,2.5,1.0
2025,Italian Grand Prix,NOR,McLaren,37.0,1.0,MEDIUM,37.0,82.48,27.19,28.027,27.263,315.0,318.0,315.0,327.0,1,True,26.9,41.2,42.0,False,2.5,2.0
2025,Italian Grand Prix,PIA,McLaren,37.0,1.0,MEDIUM,37.0,82.425,27.215,27.984,27.226,315.0,316.0,315.0,329.0,1,False,26.9,41.2,42.0,False,2.5,3.0
2025,Italian Grand Prix,HAM,Ferrari,37.0,1.0,MEDIUM,37.0,82.878,27.195,28.127,27.556,318.0,318.0,315.0,322.0,1,True,26.9,41.2,42.0,False,2.5,4.0
2025,Italian Grand Prix,ALB,Williams,37.0,1.0,HARD,37.0,82.729,27.241,28.068,27.42,313.0,316.0,313.0,322.0,1,False,26.9,41.2,42.0,False,2.5,5.0
2025,Italian Grand Prix,LEC,Ferrari,37.0,2.0,HARD,4.0,82.374,27.15,28.004,27.22,317.0,320.0,316.0,322.0,1,False,26.9,41.2,42.0,False,3.0,6.0
2025,Italian Grand Prix,RUS,Mercedes,37.0,2.0,HARD,10.0,82.562,27.269,28.107,27.186,313.0,315.0,314.0,325.0,1,False,26.9,41.2,42.0,False,3.0,7.0
2025,Italian Grand Prix,OCO,Haas F1 Team,37.0,1.0,HARD,37.0,83.457,27.483,28.475,27.499,311.0,315.0,313.0,319.0,1,False,26.9,41.2,42.0,False,3.0,8.0
2025,Italian Grand Prix,STR,Aston Martin,37.0,1.0,HARD,38.0,83.569,27.45,28.541,27.578,317.0,319.0,314.0,327.0,1,False,26.9,41.2,42.0,False,3.0,9.0
2025,Italian Grand Prix,GAS,Alpine,37.0,1.0,HARD,37.0,83.394,27.47,28.393,27.531,309.0,311.0,312.0,314.0,1,False,26.9,41.2,42.0,False,3.0,10.0
2025,Italian Grand Prix,ANT,Mercedes,37.0,2.0,HARD,9.0,82.982,27.131,28.371,27.48,319.0,329.0,315.0,330.0,1,False,26.9,41.2,42.0,False,3.0,11.0
2025,Italian Grand Prix,BOR,Kick Sauber,37.0,2.0,HARD,17.0,82.815,27.234,28.21,27.371,318.0,324.0,317.0,324.0,1,False,26.9,41.2,42.0,False,3.0,12.0
2025,Italian Grand Prix,BEA,Haas F1 Team,37.0,2.0,HARD,19.0,82.581,27.261,27.989,27.331,314.0,320.0,313.0,322.0,1,True,26.9,41.2,42.0,False,3.0,13.0
2025,Italian Grand Prix,SAI,Williams,37.0,2.0,HARD,7.0,82.821,27.204,28.209,27.408,316.0,328.0,316.0,354.0,1,False,26.9,41.2,42.0,False,3.0,14.0
2025,Italian Grand Prix,HAD,Racing Bulls,37.0,2.0,MEDIUM,5.0,82.998,27.218,28.348,27.432,317.0,323.0,314.0,325.0,1,False,26.9,41.2,42.0,False,3.0,15.0
2025,Italian Grand Prix,TSU,Red Bull Racing,37.0,2.0,HARD,18.0,83.34,27.453,28.383,27.504,313.0,318.0,313.0,321.0,1,True,26.9,41.2,42.0,False,3.0,16.0
2025,Italian Grand Prix,LAW,Racing Bulls,37.0,2.0,HARD,28.0,83.347,27.223,28.538,27.586,316.0,334.0,315.0,326.0,1,True,26.9,41.2,42.0,False,3.0,17.0
2025,Italian Grand Prix,COL,Alpine,37.0,2.0,HARD,4.0,83.058,27.483,28.077,27.498,307.0,312.0,311.0,315.0,1,False,26.9,41.2,42.0,False,3.0,18.0
2025,Italian Grand Prix,NOR,McLaren,38.0,1.0,MEDIUM,38.0,82.809,27.325,28.166,27.318,312.0,316.0,315.0,326.0,1,False,26.9,41.2,42.0,False,3.0,1.0
2025,Italian Grand Prix,PIA,McLaren,38.0,1.0,MEDIUM,38.0,82.558,27.161,28.063,27.334,310.0,314.0,315.0,328.0,1,False,26.9,41.2,42.0,False,3.0,2.0
2025,Italian Grand Prix,VER,Red Bull Racing,38.0,2.0,HARD,1.0,102.349,47.531,27.885,26.933,313.0,317.0,316.0,285.0,1,False,27.0,41.4,43.0,False,2.2,3.0
2025,Italian Grand Prix,HAM,Ferrari,38.0,1.0,MEDIUM,38.0,87.181,27.227,28.211,31.743,320.0,322.0,,324.0,1,False,27.0,41.4,43.0,False,2.2,4.0
2025,Italian Grand Prix,ALB,Williams,38.0,1.0,HARD,38.0,82.658,27.19,28.05,27.418,314.0,318.0,314.0,325.0,1,False,27.0,41.4,43.0,False,2.2,5.0
2025,Italian Grand Prix,LEC,Ferrari,38.0,2.0,HARD,5.0,82.125,27.066,27.938,27.121,319.0,322.0,318.0,325.0,1,True,27.0,41.4,43.0,False,2.2,6.0
2025,Italian Grand Prix,RUS,Mercedes,38.0,2.0,HARD,11.0,82.43,27.299,27.953,27.178,312.0,317.0,314.0,324.0,1,False,27.0,41.4,43.0,False,2.2,7.0
2025,Italian Grand Prix,OCO,Haas F1 Team,38.0,1.0,HARD,38.0,83.384,27.493,28.444,27.447,308.0,314.0,313.0,317.0,1,True,27.0,41.4,43.0,False,2.2,8.0
2025,Italian Grand Prix,STR,Aston Martin,38.0,1.0,HARD,39.0,83.224,27.275,28.377,27.572,315.0,318.0,314.0,329.0,1,True,27.0,41.4,43.0,False,2.2,9.0
2025,Italian Grand Prix,GAS,Alpine,38.0,1.0,HARD,38.0,83.166,27.417,28.341,27.408,309.0,311.0,313.0,333.0,1,True,27.0,41.4,43.0,False,2.2,10.0
2025,Italian Grand Prix,ANT,Mercedes,38.0,2.0,HARD,10.0,83.01,27.04,28.459,27.511,321.0,331.0,316.0,340.0,1,False,27.0,41.4,43.0,False,2.2,11.0
2025,Italian Grand Prix,BOR,Kick Sauber,38.0,2.0,HARD,18.0,82.537,27.149,28.102,27.286,318.0,325.0,318.0,327.0,1,False,27.0,41.4,43.0,False,2.2,12.0
2025,Italian Grand Prix,BEA,Haas F1 Team,38.0,2.0,HARD,20.0,82.803,27.282,28.055,27.466,314.0,321.0,314.0,322.0,1,False,27.0,41.4,43.0,False,2.2,13.0
2025,Italian Grand Prix,SAI,Williams,38.0,2.0,HARD,8.0,82.564,27.156,28.016,27.392,315.0,329.0,317.0,338.0,1,False,27.0,41.4,43.0,False,2.2,14.0
2025,Italian Grand Prix,HAD,Racing Bulls,38.0,2.0,MEDIUM,6.0,83.082,27.32,28.351,27.411,317.0,323.0,315.0,326.0,1,False,27.0,41.4,43.0,False,2.2,15.0
2025,Italian Grand Prix,TSU,Red Bull Racing,38.0,2.0,HARD,19.0,83.793,27.524,28.701,27.568,314.0,321.0,314.0,319.0,1,False,27.0,41.4,43.0,False,2.2,16.0
2025,Italian Grand Prix,LAW,Racing Bulls,38.0,2.0,HARD,29.0,83.802,27.233,28.784,27.785,318.0,332.0,316.0,337.0,1,False,27.0,41.4,43.0,False,2.2,17.0
2025,Italian Grand Prix,COL,Alpine,38.0,2.0,HARD,5.0,82.894,27.502,28.019,27.373,307.0,311.0,312.0,316.0,1,True,27.1,41.4,42.0,False,2.1,18.0
2025,Italian Grand Prix,NOR,McLaren,39.0,1.0,MEDIUM,39.0,82.691,27.255,28.124,27.312,314.0,318.0,317.0,330.0,1,False,27.1,41.4,42.0,False,2.1,1.0
2025,Italian Grand Prix,PIA,McLaren,39.0,1.0,MEDIUM,39.0,82.402,27.203,27.929,27.27,313.0,317.0,316.0,327.0,1,False,27.1,41.4,42.0,False,2.1,2.0
2025,Italian Grand Prix,VER,Red Bull Racing,39.0,2.0,HARD,2.0,81.402,26.948,27.641,26.813,314.0,318.0,316.0,320.0,1,True,27.1,41.4,42.0,False,2.1,3.0
2025,Italian Grand Prix,ALB,Williams,39.0,1.0,HARD,39.0,82.673,27.182,28.129,27.362,311.0,315.0,315.0,326.0,1,False,27.1,41.4,42.0,False,2.1,4.0
2025,Italian Grand Prix,LEC,Ferrari,39.0,2.0,HARD,6.0,82.431,27.122,28.053,27.256,317.0,320.0,318.0,324.0,1,False,27.1,41.4,42.0,False,2.1,5.0
2025,Italian Grand Prix,RUS,Mercedes,39.0,2.0,HARD,12.0,82.341,27.253,27.915,27.173,312.0,316.0,315.0,325.0,1,False,27.1,41.4,42.0,False,2.1,6.0
2025,Italian Grand Prix,OCO,Haas F1 Team,39.0,1.0,HARD,39.0,83.377,27.444,28.328,27.605,309.0,314.0,314.0,316.0,1,True,27.1,41.4,42.0,False,2.1,7.0
2025,Italian Grand Prix,STR,Aston Martin,39.0,1.0,HARD,40.0,83.348,27.297,28.36,27.691,317.0,318.0,315.0,328.0,1,False,27.1,41.4,42.0,False,2.1,8.0
2025,Italian Grand Prix,HAM,Ferrari,39.0,2.0,HARD,1.0,102.775,47.127,28.217,27.431,317.0,320.0,319.0,289.0,1,False,27.1,41.4,42.0,False,2.1,9.0
2025,Italian Grand Prix,ANT,Mercedes,39.0,2.0,HARD,11.0,84.154,27.483,28.495,28.176,316.0,317.0,315.0,350.0,1,False,27.1,41.3,42.0,False,3.9,10.0
2025,Italian Grand Prix,GAS,Alpine,39.0,1.0,HARD,39.0,85.273,28.055,29.341,27.877,307.0,323.0,314.0,314.0,1,False,27.1,41.3,42.0,False,3.9,11.0
2025,Italian Grand Prix,BOR,Kick Sauber,39.0,2.0,HARD,19.0,82.938,27.155,28.12,27.663,319.0,338.0,320.0,327.0,1,False,27.1,41.3,42.0,False,3.9,12.0
2025,Italian Grand Prix,BEA,Haas F1 Team,39.0,2.0,HARD,21.0,83.186,27.245,28.098,27.843,314.0,323.0,314.0,323.0,1,False,27.1,41.3,42.0,False,3.9,13.0
2025,Italian Grand Prix,SAI,Williams,39.0,2.0,HARD,9.0,82.991,27.244,28.038,27.709,318.0,331.0,319.0,337.0,1,False,27.1,41.3,42.0,False,3.9,14.0
2025,Italian Grand Prix,HAD,Racing Bulls,39.0,2.0,MEDIUM,7.0,82.745,27.273,28.007,27.465,318.0,325.0,316.0,326.0,1,False,27.1,41.3,42.0,False,3.9,15.0
2025,Italian Grand Prix,TSU,Red Bull Racing,39.0,2.0,HARD,20.0,83.403,27.46,28.411,27.532,314.0,320.0,314.0,319.0,1,False,27.1,41.3,42.0,False,3.9,16.0
2025,Italian Grand Prix,LAW,Racing Bulls,39.0,2.0,HARD,30.0,83.386,27.208,28.61,27.568,318.0,333.0,316.0,328.0,1,False,27.1,41.3,42.0,False,3.9,17.0
2025,Italian Grand Prix,NOR,McLaren,40.0,1.0,MEDIUM,40.0,82.621,27.283,28.154,27.184,310.0,312.0,315.0,340.0,1,False,27.1,41.3,42.0,False,3.9,1.0
2025,Italian Grand Prix,COL,Alpine,39.0,2.0,HARD,6.0,85.047,28.881,28.5,27.666,307.0,329.0,313.0,316.0,1,False,27.1,41.3,42.0,False,3.9,18.0
2025,Italian Grand Prix,PIA,McLaren,40.0,1.0,MEDIUM,40.0,82.296,27.157,27.864,27.275,314.0,318.0,316.0,328.0,1,False,27.1,41.3,42.0,False,3.9,2.0
2025,Italian Grand Prix,VER,Red Bull Racing,40.0,2.0,HARD,3.0,81.625,27.069,27.706,26.85,314.0,317.0,317.0,320.0,12,False,27.1,41.3,42.0,False,3.9,3.0
2025,Italian Grand Prix,ALB,Williams,40.0,1.0,HARD,40.0,82.574,27.194,28.065,27.315,315.0,316.0,314.0,323.0,12,False,27.2,41.3,42.0,False,3.1,4.0
2025,Italian Grand Prix,LEC,Ferrari,40.0,2.0,HARD,7.0,82.298,27.069,27.939,27.29,320.0,322.0,317.0,326.0,12,False,27.2,41.3,42.0,False,3.1,5.0
2025,Italian Grand Prix,RUS,Mercedes,40.0,2.0,HARD,13.0,82.112,27.257,27.828,27.027,313.0,318.0,315.0,325.0,12,True,27.2,41.3,42.0,False,3.1,6.0
2025,Italian Grand Prix,OCO,Haas F1 Team,40.0,1.0,HARD,40.0,83.346,27.443,28.249,27.654,308.0,313.0,312.0,315.0,12,True,27.2,41.3,42.0,False,3.1,7.0
2025,Italian Grand Prix,STR,Aston Martin,40.0,1.0,HARD,41.0,83.183,27.408,28.328,27.447,316.0,319.0,313.0,328.0,12,True,27.2,41.3,42.0,False,3.1,8.0
2025,Italian Grand Prix,HAM,Ferrari,40.0,2.0,HARD,2.0,82.194,26.847,27.87,27.477,324.0,336.0,321.0,330.0,12,True,27.2,41.3,42.0,False,3.1,9.0
2025,Italian Grand Prix,ANT,Mercedes,40.0,2.0,HARD,12.0,83.107,27.262,28.394,27.451,314.0,316.0,313.0,327.0,12,False,27.2,41.3,42.0,False,3.1,10.0
2025,Italian Grand Prix,GAS,Alpine,40.0,1.0,HARD,40.0,83.782,27.45,28.791,27.541,313.0,315.0,313.0,328.0,12,False,27.2,41.3,42.0,False,3.1,11.0
2025,Italian Grand Prix,BOR,Kick Sauber,40.0,2.0,HARD,20.0,83.675,27.314,28.773,27.588,322.0,336.0,322.0,346.0,12,False,27.2,41.3,42.0,False,3.1,12.0
2025,Italian Grand Prix,HAD,Racing Bulls,40.0,2.0,MEDIUM,8.0,83.752,27.319,29.124,27.309,318.0,322.0,315.0,326.0,12,False,27.2,41.3,42.0,False,3.1,13.0
2025,Italian Grand Prix,SAI,Williams,40.0,2.0,HARD,10.0,89.703,27.122,35.055,27.526,331.0,325.0,316.0,358.0,12,False,27.2,41.3,42.0,False,3.1,14.0
2025,Italian Grand Prix,BEA,Haas F1 Team,40.0,2.0,HARD,22.0,93.514,27.542,38.305,27.667,327.0,323.0,313.0,340.0,12,False,27.2,41.3,42.0,False,3.1,15.0
2025,Italian Grand Prix,TSU,Red Bull Racing,40.0,2.0,HARD,21.0,84.648,27.449,29.666,27.533,303.0,322.0,314.0,319.0,12,False,27.2,41.3,42.0,False,3.1,16.0
2025,Italian Grand Prix,LAW,Racing Bulls,40.0,2.0,HARD,31.0,84.504,27.171,29.618,27.715,317.0,336.0,316.0,333.0,12,False,27.2,41.3,42.0,False,3.1,17.0
2025,Italian Grand Prix,NOR,McLaren,41.0,1.0,MEDIUM,41.0,83.449,27.742,28.393,27.314,280.0,314.0,316.0,324.0,12,False,27.2,41.3,42.0,False,3.1,1.0
2025,Italian Grand Prix,COL,Alpine,40.0,2.0,HARD,7.0,83.171,27.288,28.577,27.306,308.0,325.0,313.0,332.0,12,False,27.2,41.3,42.0,False,3.1,18.0
2025,Italian Grand Prix,PIA,McLaren,41.0,1.0,MEDIUM,41.0,82.619,27.161,28.176,27.282,314.0,319.0,316.0,330.0,12,False,27.2,41.3,42.0,False,3.1,2.0
2025,Italian Grand Prix,VER,Red Bull Racing,41.0,2.0,HARD,4.0,81.358,27.001,27.602,26.755,316.0,320.0,318.0,323.0,21,True,27.1,41.0,41.0,False,2.6,3.0
2025,Italian Grand Prix,LEC,Ferrari,41.0,2.0,HARD,8.0,82.272,26.991,28.015,27.266,319.0,322.0,316.0,326.0,1,False,27.1,41.0,41.0,False,2.6,4.0
2025,Italian Grand Prix,ALB,Williams,41.0,1.0,HARD,41.0,86.328,27.118,27.934,31.276,315.0,328.0,,324.0,1,False,27.1,41.0,41.0,False,2.6,5.0
2025,Italian Grand Prix,RUS,Mercedes,41.0,2.0,HARD,14.0,82.008,27.204,27.773,27.031,316.0,319.0,315.0,326.0,1,True,27.1,41.0,41.0,False,2.6,6.0
2025,Italian Grand Prix,OCO,Haas F1 Team,41.0,1.0,HARD,41.0,83.491,27.457,28.48,27.554,308.0,313.0,312.0,315.0,1,False,27.1,41.0,41.0,False,2.6,7.0
2025,Italian Grand Prix,HAM,Ferrari,41.0,2.0,HARD,3.0,82.308,26.817,28.118,27.373,319.0,329.0,320.0,356.0,1,False,27.1,41.0,41.0,False,2.6,8.0
2025,Italian Grand Prix,STR,Aston Martin,41.0,1.0,HARD,42.0,83.926,27.866,28.405,27.655,317.0,329.0,314.0,326.0,1,False,27.1,41.0,41.0,False,2.6,9.0
2025,Italian Grand Prix,ANT,Mercedes,41.0,2.0,HARD,13.0,82.503,27.181,28.052,27.27,317.0,319.0,314.0,326.0,1,True,27.1,41.0,41.0,False,2.6,10.0
2025,Italian Grand Prix,BOR,Kick Sauber,41.0,2.0,HARD,21.0,82.738,27.016,28.352,27.37,316.0,321.0,318.0,356.0,1,False,27.1,41.0,41.0,False,2.6,11.0
2025,Italian Grand Prix,GAS,Alpine,41.0,1.0,HARD,41.0,83.877,27.809,28.692,27.376,315.0,325.0,315.0,320.0,1,False,27.1,41.0,41.0,False,2.6,12.0
2025,Italian Grand Prix,HAD,Racing Bulls,41.0,2.0,MEDIUM,9.0,82.525,27.23,28.063,27.232,316.0,323.0,315.0,327.0,1,True,27.0,40.8,43.0,False,2.7,13.0
2025,Italian Grand Prix,SAI,Williams,41.0,2.0,HARD,11.0,82.738,27.203,28.107,27.428,315.0,320.0,316.0,331.0,1,False,27.0,40.8,43.0,False,2.7,14.0
2025,Italian Grand Prix,BEA,Haas F1 Team,41.0,2.0,HARD,23.0,82.926,27.259,28.228,27.439,314.0,319.0,314.0,322.0,1,False,27.0,40.8,43.0,False,2.7,15.0
2025,Italian Grand Prix,TSU,Red Bull Racing,41.0,2.0,HARD,22.0,83.26,27.395,28.365,27.5,316.0,320.0,314.0,321.0,1,True,27.0,40.8,43.0,False,2.7,16.0
2025,Italian Grand Prix,LAW,Racing Bulls,41.0,2.0,HARD,32.0,83.487,27.162,28.667,27.658,318.0,333.0,314.0,331.0,1,False,27.0,40.8,43.0,False,2.7,17.0
2025,Italian Grand Prix,NOR,McLaren,42.0,1.0,MEDIUM,42.0,82.59,27.188,28.172,27.23,309.0,314.0,316.0,330.0,1,False,27.0,40.8,43.0,False,2.7,1.0
2025,Italian Grand Prix,COL,Alpine,41.0,2.0,HARD,8.0,83.2,27.204,28.517,27.479,311.0,315.0,312.0,333.0,1,False,27.0,40.8,43.0,False,2.7,18.0
2025,Italian Grand Prix,PIA,McLaren,42.0,1.0,MEDIUM,42.0,82.419,27.045,28.114,27.26,314.0,319.0,316.0,332.0,1,False,27.0,40.8,43.0,False,2.7,2.0
2025,Italian Grand Prix,VER,Red Bull Racing,42.0,2.0,HARD,5.0,81.445,26.898,27.654,26.893,314.0,319.0,317.0,324.0,1,False,27.0,40.8,43.0,False,2.7,3.0
2025,Italian Grand Prix,LEC,Ferrari,42.0,2.0,HARD,9.0,82.035,27.08,27.854,27.101,315.0,318.0,316.0,322.0,1,True,27.0,40.8,43.0,False,2.7,4.0
2025,Italian Grand Prix,RUS,Mercedes,42.0,2.0,HARD,15.0,81.912,27.13,27.749,27.033,314.0,317.0,315.0,328.0,1,True,27.0,40.8,43.0,False,2.7,5.0
2025,Italian Grand Prix,HAM,Ferrari,42.0,2.0,HARD,4.0,81.898,26.794,27.931,27.173,315.0,317.0,316.0,354.0,1,True,27.1,40.4,41.0,False,3.5,6.0
2025,Italian Grand Prix,OCO,Haas F1 Team,42.0,1.0,HARD,42.0,83.541,27.828,28.153,27.56,313.0,324.0,314.0,306.0,1,False,27.1,40.4,41.0,False,3.5,7.0
2025,Italian Grand Prix,STR,Aston Martin,42.0,1.0,HARD,43.0,83.424,27.356,28.44,27.628,318.0,323.0,313.0,330.0,1,False,27.1,40.4,41.0,False,3.5,8.0
2025,Italian Grand Prix,ANT,Mercedes,42.0,2.0,HARD,14.0,82.255,27.091,28.046,27.118,317.0,320.0,315.0,328.0,1,True,27.1,40.4,41.0,False,3.5,9.0
2025,Italian Grand Prix,ALB,Williams,42.0,2.0,MEDIUM,1.0,102.767,47.672,27.777,27.318,315.0,330.0,315.0,287.0,1,False,27.1,40.4,41.0,False,3.5,10.0
2025,Italian Grand Prix,BOR,Kick Sauber,42.0,2.0,HARD,22.0,83.172,27.159,28.468,27.545,316.0,322.0,317.0,340.0,1,False,27.1,40.4,41.0,False,3.5,11.0
2025,Italian Grand Prix,GAS,Alpine,42.0,1.0,HARD,42.0,83.447,27.264,28.484,27.699,312.0,324.0,314.0,331.0,1,False,27.1,40.4,41.0,False,3.5,12.0
2025,Italian Grand Prix,HAD,Racing Bulls,42.0,2.0,MEDIUM,10.0,82.595,27.277,28.063,27.255,317.0,322.0,315.0,326.0,1,False,27.1,40.4,41.0,False,3.5,13.0
2025,Italian Grand Prix,SAI,Williams,42.0,2.0,HARD,12.0,82.482,27.137,28.008,27.337,317.0,320.0,316.0,328.0,1,False,27.1,40.4,41.0,False,3.5,14.0
2025,Italian Grand Prix,BEA,Haas F1 Team,42.0,2.0,HARD,24.0,82.82,27.263,28.126,27.431,313.0,318.0,313.0,321.0,1,False,27.1,40.4,41.0,False,3.5,15.0
2025,Italian Grand Prix,TSU,Red Bull Racing,42.0,2.0,HARD,23.0,83.277,27.393,28.369,27.515,317.0,321.0,314.0,321.0,1,False,27.1,40.4,41.0,False,3.5,16.0
2025,Italian Grand Prix,LAW,Racing Bulls,42.0,2.0,HARD,33.0,83.334,27.225,28.472,27.637,318.0,334.0,315.0,330.0,1,True,27.1,40.4,41.0,False,3.5,17.0
2025,Italian Grand Prix,NOR,McLaren,43.0,1.0,MEDIUM,43.0,82.904,27.31,28.285,27.309,310.0,315.0,315.0,324.0,1,False,27.1,40.4,41.0,False,3.5,1.0
2025,Italian Grand Prix,COL,Alpine,42.0,2.0,HARD,9.0,83.07,27.471,28.144,27.455,311.0,315.0,313.0,320.0,1,False,27.1,40.4,41.0,False,3.5,18.0
2025,Italian Grand Prix,PIA,McLaren,43.0,1.0,MEDIUM,43.0,82.369,27.097,27.933,27.339,316.0,319.0,316.0,330.0,1,False,27.1,40.4,41.0,False,3.5,2.0
2025,Italian Grand Prix,VER,Red Bull Racing,43.0,2.0,HARD,6.0,81.32,27.013,27.52,26.787,316.0,320.0,317.0,325.0,1,True,27.1,40.4,41.0,False,3.5,3.0
2025,Italian Grand Prix,LEC,Ferrari,43.0,2.0,HARD,10.0,81.818,27.094,27.743,26.981,317.0,319.0,315.0,323.0,1,True,27.1,40.4,40.0,False,3.7,4.0
2025,Italian Grand Prix,RUS,Mercedes,43.0,2.0,HARD,16.0,81.984,27.155,27.734,27.095,315.0,318.0,314.0,327.0,1,False,27.1,40.4,40.0,False,3.7,5.0
2025,Italian Grand Prix,HAM,Ferrari,43.0,2.0,HARD,5.0,81.917,27.008,27.77,27.139,316.0,318.0,315.0,323.0,1,False,27.1,40.4,40.0,False,3.7,6.0
2025,Italian Grand Prix,OCO,Haas F1 Team,43.0,1.0,HARD,43.0,83.187,27.468,28.187,27.532,309.0,315.0,312.0,320.0,1,True,27.1,40.4,40.0,False,3.7,7.0
2025,Italian Grand Prix,STR,Aston Martin,43.0,1.0,HARD,44.0,83.417,27.356,28.373,27.688,318.0,320.0,313.0,332.0,1,False,27.1,40.4,40.0,False,3.7,8.0
2025,Italian Grand Prix,ANT,Mercedes,43.0,2.0,HARD,15.0,82.322,27.122,27.931,27.269,315.0,318.0,313.0,328.0,1,False,27.1,40.4,40.0,False,3.7,9.0
2025,Italian Grand Prix,ALB,Williams,43.0,2.0,MEDIUM,2.0,81.899,26.841,27.758,27.3,317.0,331.0,316.0,336.0,1,True,27.1,40.4,40.0,False,3.7,10.0
2025,Italian Grand Prix,BOR,Kick Sauber,43.0,2.0,HARD,23.0,82.825,27.239,28.239,27.347,314.0,322.0,317.0,325.0,1,False,27.1,40.4,40.0,False,3.7,11.0
2025,Italian Grand Prix,GAS,Alpine,43.0,1.0,HARD,43.0,83.363,27.423,28.458,27.482,313.0,315.0,314.0,320.0,1,False,27.1,40.4,40.0,False,3.7,12.0
2025,Italian Grand Prix,HAD,Racing Bulls,43.0,2.0,MEDIUM,11.0,82.448,27.259,27.937,27.252,317.0,323.0,315.0,325.0,1,True,27.1,40.4,40.0,False,3.7,13.0
2025,Italian Grand Prix,SAI,Williams,43.0,2.0,HARD,13.0,82.524,27.104,28.036,27.384,317.0,320.0,316.0,327.0,1,False,27.1,40.4,40.0,False,3.7,14.0
2025,Italian Grand Prix,BEA,Haas F1 Team,43.0,2.0,HARD,25.0,82.518,27.262,27.902,27.354,311.0,317.0,313.0,320.0,1,True,27.1,40.4,40.0,False,3.7,15.0
2025,Italian Grand Prix,TSU,Red Bull Racing,43.0,2.0,HARD,24.0,83.048,27.439,28.131,27.478,313.0,320.0,313.0,320.0,1,True,27.1,40.4,40.0,False,3.7,16.0
2025,Italian Grand Prix,LAW,Racing Bulls,43.0,2.0,HARD,34.0,82.985,27.189,28.32,27.476,319.0,333.0,316.0,328.0,1,True,27.1,40.4,40.0,False,3.7,17.0
2025,Italian Grand Prix,NOR,McLaren,44.0,1.0,MEDIUM,44.0,82.388,27.25,27.955,27.183,311.0,317.0,314.0,325.0,1,True,27.0,40.5,41.0,False,2.3,1.0
2025,Italian Grand Prix,COL,Alpine,43.0,2.0,HARD,10.0,82.622,27.381,28.068,27.173,310.0,315.0,313.0,320.0,1,True,27.0,40.5,41.0,False,2.3,18.0
2025,Italian Grand Prix,PIA,McLaren,44.0,1.0,MEDIUM,44.0,82.404,27.211,27.951,27.242,316.0,320.0,316.0,330.0,1,False,27.0,40.5,41.0,False,2.3,2.0
2025,Italian Grand Prix,VER,Red Bull Racing,44.0,2.0,HARD,7.0,81.289,26.934,27.623,26.732,315.0,321.0,316.0,325.0,1,True,27.0,40.5,41.0,False,2.3,3.0
2025,Italian Grand Prix,LEC,Ferrari,44.0,2.0,HARD,11.0,81.738,27.037,27.683,27.018,315.0,317.0,316.0,321.0,1,True,27.0,40.5,41.0,False,2.3,4.0
2025,Italian Grand Prix,RUS,Mercedes,44.0,2.0,HARD,17.0,82.048,27.125,27.838,27.085,312.0,316.0,314.0,327.0,1,False,27.0,40.5,41.0,False,2.3,5.0
2025,Italian Grand Prix,HAM,Ferrari,44.0,2.0,HARD,6.0,82.037,27.034,27.858,27.145,316.0,318.0,316.0,323.0,1,False,27.0,40.5,41.0,False,2.3,6.0
2025,Italian Grand Prix,OCO,Haas F1 Team,44.0,1.0,HARD,44.0,83.124,27.431,28.212,27.481,310.0,315.0,313.0,317.0,1,True,27.0,40.5,41.0,False,2.3,7.0
2025,Italian Grand Prix,STR,Aston Martin,44.0,1.0,HARD,45.0,83.314,27.39,28.262,27.662,317.0,320.0,314.0,327.0,1,False,27.0,40.5,41.0,False,2.3,8.0
2025,Italian Grand Prix,ALB,Williams,44.0,2.0,MEDIUM,3.0,82.126,27.122,27.76,27.244,328.0,316.0,315.0,351.0,1,False,27.0,40.5,41.0,False,2.3,9.0
2025,Italian Grand Prix,ANT,Mercedes,44.0,2.0,HARD,16.0,83.848,27.538,28.684,27.626,316.0,329.0,314.0,326.0,1,False,27.0,40.6,41.0,False,2.5,10.0
2025,Italian Grand Prix,BOR,Kick Sauber,44.0,2.0,HARD,24.0,82.836,27.324,28.12,27.392,315.0,323.0,318.0,322.0,1,False,27.0,40.6,41.0,False,2.5,11.0
2025,Italian Grand Prix,GAS,Alpine,44.0,1.0,HARD,44.0,83.185,27.396,28.344,27.445,311.0,316.0,314.0,319.0,1,False,27.0,40.6,41.0,False,2.5,12.0
2025,Italian Grand Prix,HAD,Racing Bulls,44.0,2.0,MEDIUM,12.0,82.427,27.204,28.006,27.217,316.0,323.0,316.0,327.0,1,True,27.0,40.6,41.0,False,2.5,13.0
2025,Italian Grand Prix,SAI,Williams,44.0,2.0,HARD,14.0,82.523,27.199,27.988,27.336,316.0,319.0,317.0,328.0,1,False,27.0,40.6,41.0,False,2.5,14.0
2025,Italian Grand Prix,BEA,Haas F1 Team,44.0,2.0,HARD,26.0,82.709,27.278,28.181,27.25,312.0,317.0,314.0,320.0,1,False,27.0,40.6,41.0,False,2.5,15.0
2025,Italian Grand Prix,TSU,Red Bull Racing,44.0,2.0,HARD,25.0,83.091,27.331,28.27,27.49,313.0,321.0,314.0,320.0,1,False,27.0,40.6,41.0,False,2.5,16.0
2025,Italian Grand Prix,LAW,Racing Bulls,44.0,2.0,HARD,35.0,83.09,27.289,28.297,27.504,315.0,334.0,316.0,329.0,1,False,27.0,40.6,41.0,False,2.5,17.0
2025,Italian Grand Prix,NOR,McLaren,45.0,1.0,MEDIUM,45.0,82.781,27.334,28.182,27.265,311.0,316.0,314.0,325.0,1,False,27.0,40.6,41.0,False,2.5,1.0
2025,Italian Grand Prix,COL,Alpine,44.0,2.0,HARD,11.0,82.64,27.359,28.116,27.165,310.0,315.0,313.0,320.0,1,False,27.0,40.6,41.0,False,2.5,18.0
2025,Italian Grand Prix,PIA,McLaren,45.0,1.0,MEDIUM,45.0,86.609,27.112,27.965,31.532,317.0,321.0,,330.0,1,False,27.0,40.6,41.0,False,2.5,2.0
2025,Italian Grand Prix,VER,Red Bull Racing,45.0,2.0,HARD,8.0,81.353,27.033,27.59,26.73,315.0,321.0,317.0,325.0,1,False,27.0,40.6,41.0,False,2.5,3.0
2025,Italian Grand Prix,LEC,Ferrari,45.0,2.0,HARD,12.0,81.673,26.998,27.708,26.967,316.0,319.0,316.0,322.0,1,True,27.0,40.6,41.0,False,2.5,4.0
2025,Italian Grand Prix,RUS,Mercedes,45.0,2.0,HARD,18.0,81.8,27.082,27.722,26.996,315.0,318.0,315.0,326.0,1,True,27.0,40.6,40.0,False,2.2,5.0
2025,Italian Grand Prix,HAM,Ferrari,45.0,2.0,HARD,7.0,81.83,26.941,27.801,27.088,317.0,320.0,316.0,324.0,1,True,27.0,40.6,40.0,False,2.2,6.0
2025,Italian Grand Prix,OCO,Haas F1 Team,45.0,1.0,HARD,45.0,83.136,27.38,28.326,27.43,308.0,314.0,314.0,316.0,1,False,27.0,40.6,40.0,False,2.2,7.0
2025,Italian Grand Prix,STR,Aston Martin,45.0,1.0,HARD,46.0,83.11,27.276,28.366,27.468,317.0,319.0,314.0,327.0,1,True,27.0,40.6,40.0,False,2.2,8.0
2025,Italian Grand Prix,ALB,Williams,45.0,2.0,MEDIUM,4.0,82.034,27.055,27.747,27.232,310.0,317.0,315.0,324.0,1,False,27.0,40.6,40.0,False,2.2,9.0
2025,Italian Grand Prix,ANT,Mercedes,45.0,2.0,HARD,17.0,82.651,27.125,28.16,27.366,316.0,320.0,315.0,328.0,1,False,27.0,40.6,40.0,False,2.2,10.0
2025,Italian Grand Prix,BOR,Kick Sauber,45.0,2.0,HARD,25.0,82.61,27.168,28.145,27.297,317.0,322.0,318.0,325.0,1,False,27.0,40.6,40.0,False,2.2,11.0
2025,Italian Grand Prix,GAS,Alpine,45.0,1.0,HARD,45.0,82.9,27.346,28.147,27.407,312.0,315.0,314.0,318.0,1,True,27.0,40.6,40.0,False,2.2,12.0
2025,Italian Grand Prix,HAD,Racing Bulls,45.0,2.0,MEDIUM,13.0,82.33,27.2,27.999,27.131,317.0,323.0,316.0,325.0,1,True,27.0,40.6,40.0,False,2.2,13.0
2025,Italian Grand Prix,SAI,Williams,45.0,2.0,HARD,15.0,82.323,27.105,27.989,27.229,318.0,322.0,317.0,327.0,1,True,27.0,40.6,40.0,False,2.2,14.0
2025,Italian Grand Prix,BEA,Haas F1 Team,45.0,2.0,HARD,27.0,82.616,27.365,27.991,27.26,312.0,317.0,314.0,319.0,1,False,27.0,40.6,40.0,False,2.2,15.0
2025,Italian Grand Prix,TSU,Red Bull Racing,45.0,2.0,HARD,26.0,83.037,27.454,28.214,27.369,314.0,319.0,315.0,322.0,1,True,27.0,40.6,40.0,False,2.2,16.0
2025,Italian Grand Prix,LAW,Racing Bulls,45.0,2.0,HARD,36.0,83.08,27.277,28.306,27.497,317.0,333.0,316.0,329.0,1,False,27.0,40.6,40.0,False,2.2,17.0
2025,Italian Grand Prix,COL,Alpine,45.0,2.0,HARD,12.0,82.573,27.426,28.004,27.143,311.0,314.0,312.0,320.0,1,True,27.0,40.6,40.0,False,2.2,18.0
2025,Italian Grand Prix,NOR,McLaren,46.0,1.0,MEDIUM,46.0,87.287,27.307,28.158,31.822,312.0,317.0,,327.0,1,False,27.0,40.6,40.0,False,2.2,1.0
2025,Italian Grand Prix,VER,Red Bull Racing,46.0,2.0,HARD,9.0,81.325,26.974,27.565,26.786,316.0,321.0,318.0,325.0,1,False,27.0,40.6,40.0,False,2.2,2.0
2025,Italian Grand Prix,PIA,McLaren,46.0,2.0,SOFT,4.0,101.402,46.368,27.995,27.039,316.0,311.0,314.0,288.0,1,False,27.1,41.1,42.0,False,2.4,3.0
2025,Italian Grand Prix,LEC,Ferrari,46.0,2.0,HARD,13.0,81.975,27.034,27.926,27.015,318.0,320.0,317.0,323.0,1,False,27.1,41.1,42.0,False,2.4,4.0
2025,Italian Grand Prix,RUS,Mercedes,46.0,2.0,HARD,19.0,81.922,27.147,27.649,27.126,314.0,317.0,314.0,327.0,1,False,27.1,41.1,42.0,False,2.4,5.0
2025,Italian Grand Prix,HAM,Ferrari,46.0,2.0,HARD,8.0,81.775,26.965,27.822,26.988,317.0,319.0,317.0,324.0,1,True,27.1,41.1,42.0,False,2.4,6.0
2025,Italian Grand Prix,OCO,Haas F1 Team,46.0,1.0,HARD,46.0,82.997,27.443,28.18,27.374,308.0,313.0,314.0,316.0,1,True,27.1,41.1,42.0,False,2.4,7.0
2025,Italian Grand Prix,STR,Aston Martin,46.0,1.0,HARD,47.0,83.166,27.377,28.359,27.43,318.0,319.0,314.0,330.0,1,False,27.1,41.1,42.0,False,2.4,8.0
2025,Italian Grand Prix,ALB,Williams,46.0,2.0,MEDIUM,5.0,81.745,26.924,27.648,27.173,314.0,319.0,316.0,327.0,1,True,27.1,41.1,42.0,False,2.4,9.0
2025,Italian Grand Prix,ANT,Mercedes,46.0,2.0,HARD,18.0,82.366,27.144,28.014,27.208,316.0,319.0,315.0,329.0,1,False,27.1,41.1,42.0,False,2.4,10.0
2025,Italian Grand Prix,BOR,Kick Sauber,46.0,2.0,HARD,26.0,82.418,27.246,27.905,27.267,316.0,323.0,318.0,325.0,1,True,27.1,41.1,42.0,False,2.4,11.0
2025,Italian Grand Prix,GAS,Alpine,46.0,1.0,HARD,46.0,82.797,27.389,28.159,27.249,311.0,314.0,316.0,319.0,1,True,27.1,41.1,42.0,False,2.4,12.0
2025,Italian Grand Prix,HAD,Racing Bulls,46.0,2.0,MEDIUM,14.0,82.133,27.184,27.867,27.082,317.0,324.0,317.0,327.0,1,True,27.1,41.1,42.0,False,2.4,13.0
2025,Italian Grand Prix,SAI,Williams,46.0,2.0,HARD,16.0,82.101,27.104,27.841,27.156,318.0,322.0,318.0,329.0,1,True,27.1,41.1,42.0,False,2.4,14.0
2025,Italian Grand Prix,BEA,Haas F1 Team,46.0,2.0,HARD,28.0,82.319,27.229,27.835,27.255,313.0,318.0,314.0,321.0,1,True,27.1,41.1,42.0,False,2.4,15.0
2025,Italian Grand Prix,TSU,Red Bull Racing,46.0,2.0,HARD,27.0,83.236,27.42,28.426,27.39,313.0,318.0,314.0,321.0,1,False,27.2,41.1,41.0,False,2.2,16.0
2025,Italian Grand Prix,LAW,Racing Bulls,46.0,2.0,HARD,37.0,83.189,27.299,28.443,27.447,317.0,333.0,316.0,326.0,1,False,27.2,41.1,41.0,False,2.2,17.0
2025,Italian Grand Prix,COL,Alpine,46.0,2.0,HARD,13.0,82.818,27.518,28.029,27.271,307.0,312.0,312.0,317.0,1,False,27.2,41.1,41.0,False,2.2,18.0
2025,Italian Grand Prix,VER,Red Bull Racing,47.0,2.0,HARD,10.0,81.336,27.153,27.536,26.647,315.0,320.0,318.0,324.0,1,False,27.2,41.1,41.0,False,2.2,1.0
2025,Italian Grand Prix,PIA,McLaren,47.0,2.0,SOFT,5.0,81.245,26.964,27.407,26.874,313.0,312.0,315.0,324.0,1,True,27.2,41.1,41.0,False,2.2,2.0
2025,Italian Grand Prix,NOR,McLaren,47.0,2.0,SOFT,3.0,104.986,50.245,27.741,27.0,315.0,310.0,316.0,285.0,1,False,27.2,41.1,41.0,False,2.2,3.0
2025,Italian Grand Prix,LEC,Ferrari,47.0,2.0,HARD,14.0,81.846,27.047,27.755,27.044,319.0,320.0,319.0,323.0,1,False,27.2,41.1,41.0,False,2.2,4.0
2025,Italian Grand Prix,RUS,Mercedes,47.0,2.0,HARD,20.0,81.813,27.159,27.676,26.978,315.0,317.0,315.0,327.0,1,False,27.2,41.1,41.0,False,2.2,5.0
2025,Italian Grand Prix,HAM,Ferrari,47.0,2.0,HARD,9.0,81.657,27.049,27.657,26.951,318.0,319.0,317.0,323.0,1,True,27.2,41.1,41.0,False,2.2,6.0
2025,Italian Grand Prix,OCO,Haas F1 Team,47.0,1.0,HARD,47.0,83.121,27.421,28.21,27.49,309.0,313.0,314.0,315.0,1,False,27.1,40.8,42.0,False,1.3,7.0
2025,Italian Grand Prix,STR,Aston Martin,47.0,1.0,HARD,48.0,83.003,27.407,28.185,27.411,318.0,319.0,314.0,328.0,1,True,27.1,40.8,42.0,False,1.3,8.0
2025,Italian Grand Prix,ALB,Williams,47.0,2.0,MEDIUM,6.0,81.63,26.927,27.65,27.053,315.0,318.0,317.0,326.0,1,True,27.1,40.8,42.0,False,1.3,9.0
2025,Italian Grand Prix,ANT,Mercedes,47.0,2.0,HARD,19.0,82.327,27.146,27.959,27.222,318.0,319.0,315.0,328.0,1,False,27.1,40.8,42.0,False,1.3,10.0
2025,Italian Grand Prix,BOR,Kick Sauber,47.0,2.0,HARD,27.0,82.467,27.166,28.02,27.281,318.0,322.0,318.0,322.0,1,False,27.1,40.8,42.0,False,1.3,11.0
2025,Italian Grand Prix,GAS,Alpine,47.0,1.0,HARD,47.0,82.951,27.405,28.248,27.298,313.0,314.0,315.0,317.0,1,False,27.1,40.8,42.0,False,1.3,12.0
2025,Italian Grand Prix,HAD,Racing Bulls,47.0,2.0,MEDIUM,15.0,82.209,27.266,27.854,27.089,318.0,323.0,317.0,326.0,1,False,27.1,40.8,42.0,False,1.3,13.0
2025,Italian Grand Prix,SAI,Williams,47.0,2.0,HARD,17.0,81.74,27.018,27.591,27.131,331.0,332.0,319.0,330.0,1,True,27.1,40.8,42.0,False,1.3,14.0
2025,Italian Grand Prix,BEA,Haas F1 Team,47.0,2.0,HARD,29.0,82.403,27.241,27.917,27.245,315.0,319.0,314.0,321.0,1,False,27.1,40.8,42.0,False,1.3,15.0
2025,Italian Grand Prix,TSU,Red Bull Racing,47.0,2.0,HARD,28.0,83.031,27.418,28.243,27.37,317.0,320.0,314.0,320.0,1,True,27.1,40.8,42.0,False,1.3,16.0
2025,Italian Grand Prix,LAW,Racing Bulls,47.0,2.0,HARD,38.0,83.003,27.259,28.332,27.412,318.0,333.0,317.0,330.0,1,False,27.1,40.8,42.0,False,1.3,17.0
2025,Italian Grand Prix,COL,Alpine,47.0,2.0,HARD,14.0,82.833,27.59,27.951,27.292,309.0,313.0,313.0,316.0,1,False,27.1,40.8,42.0,False,1.3,18.0
2025,Italian Grand Prix,VER,Red Bull Racing,48.0,2.0,HARD,11.0,81.316,27.088,27.533,26.695,318.0,322.0,318.0,324.0,1,False,27.1,40.8,42.0,False,1.3,1.0
2025,Italian Grand Prix,PIA,McLaren,48.0,2.0,SOFT,6.0,81.783,27.263,27.402,27.118,311.0,313.0,315.0,322.0,1,False,27.1,40.8,42.0,False,1.3,2.0
2025,Italian Grand Prix,NOR,McLaren,48.0,2.0,SOFT,4.0,81.038,26.902,27.314,26.822,311.0,315.0,317.0,325.0,1,True,27.1,40.8,42.0,False,1.3,3.0
2025,Italian Grand Prix,LEC,Ferrari,48.0,2.0,HARD,15.0,81.586,26.902,27.719,26.965,323.0,324.0,318.0,327.0,1,True,27.1,40.8,43.0,False,1.2,4.0
2025,Italian Grand Prix,RUS,Mercedes,48.0,2.0,HARD,21.0,82.496,27.43,27.978,27.088,317.0,317.0,315.0,326.0,1,False,27.1,40.8,43.0,False,1.2,5.0
2025,Italian Grand Prix,HAM,Ferrari,48.0,2.0,HARD,10.0,81.612,26.961,27.665,26.986,318.0,320.0,318.0,323.0,1,True,27.1,40.8,43.0,False,1.2,6.0
2025,Italian Grand Prix,OCO,Haas F1 Team,48.0,1.0,HARD,48.0,82.892,27.378,28.174,27.34,310.0,314.0,314.0,315.0,1,True,27.1,40.8,43.0,False,1.2,7.0
2025,Italian Grand Prix,STR,Aston Martin,48.0,1.0,HARD,49.0,83.123,27.418,28.234,27.471,318.0,318.0,315.0,328.0,1,False,27.1,40.8,43.0,False,1.2,8.0
2025,Italian Grand Prix,ALB,Williams,48.0,2.0,MEDIUM,7.0,81.96,27.02,27.751,27.189,316.0,319.0,319.0,333.0,1,False,27.1,40.8,43.0,False,1.2,9.0
2025,Italian Grand Prix,ANT,Mercedes,48.0,2.0,HARD,20.0,82.201,27.112,27.939,27.15,317.0,319.0,316.0,328.0,1,True,27.1,40.8,43.0,False,1.2,10.0
2025,Italian Grand Prix,BOR,Kick Sauber,48.0,2.0,HARD,28.0,82.35,27.159,28.047,27.144,316.0,321.0,318.0,323.0,1,True,27.1,40.8,43.0,False,1.2,11.0
2025,Italian Grand Prix,GAS,Alpine,48.0,1.0,HARD,48.0,82.81,27.422,28.103,27.285,312.0,314.0,315.0,317.0,1,False,27.1,40.8,43.0,False,1.2,12.0
2025,Italian Grand Prix,HAD,Racing Bulls,48.0,2.0,MEDIUM,16.0,82.239,27.132,27.988,27.119,319.0,324.0,317.0,328.0,1,False,27.1,40.8,43.0,False,1.2,13.0
2025,Italian Grand Prix,SAI,Williams,48.0,2.0,HARD,18.0,82.364,27.079,27.997,27.288,317.0,330.0,318.0,340.0,1,False,27.1,40.8,43.0,False,1.2,14.0
2025,Italian Grand Prix,BEA,Haas F1 Team,48.0,2.0,HARD,30.0,82.378,27.155,27.998,27.225,314.0,318.0,314.0,321.0,1,False,27.1,40.8,43.0,False,1.2,15.0
2025,Italian Grand Prix,TSU,Red Bull Racing,48.0,2.0,HARD,29.0,82.8,27.3,28.155,27.345,316.0,318.0,315.0,321.0,1,True,27.1,40.8,43.0,False,1.2,16.0
2025,Italian Grand Prix,LAW,Racing Bulls,48.0,2.0,HARD,39.0,82.798,27.14,28.235,27.423,318.0,334.0,316.0,334.0,1,True,27.1,40.8,43.0,False,1.2,17.0
2025,Italian Grand Prix,COL,Alpine,48.0,2.0,HARD,15.0,82.239,27.355,27.925,26.959,309.0,313.0,313.0,317.0,1,True,27.1,40.8,43.0,False,1.2,18.0
2025,Italian Grand Prix,VER,Red Bull Racing,49.0,2.0,HARD,12.0,81.328,26.925,27.674,26.729,318.0,322.0,319.0,325.0,1,False,27.1,40.9,44.0,False,2.1,1.0
2025,Italian Grand Prix,NOR,McLaren,49.0,2.0,SOFT,5.0,81.154,26.989,27.391,26.774,308.0,311.0,315.0,318.0,1,False,27.1,40.9,44.0,False,2.1,2.0
2025,Italian Grand Prix,PIA,McLaren,49.0,2.0,SOFT,7.0,83.484,28.929,27.646,26.909,315.0,325.0,317.0,254.0,1,False,27.1,40.9,44.0,False,2.1,3.0
2025,Italian Grand Prix,LEC,Ferrari,49.0,2.0,HARD,16.0,82.219,27.281,27.846,27.092,319.0,321.0,318.0,323.0,1,False,27.1,40.9,44.0,False,2.1,4.0
2025,Italian Grand Prix,RUS,Mercedes,49.0,2.0,HARD,22.0,81.965,27.219,27.675,27.071,317.0,318.0,315.0,324.0,1,False,27.1,40.9,44.0,False,2.1,5.0
2025,Italian Grand Prix,HAM,Ferrari,49.0,2.0,HARD,11.0,81.701,27.052,27.634,27.015,318.0,319.0,318.0,323.0,1,False,27.1,40.9,44.0,False,2.1,6.0
2025,Italian Grand Prix,OCO,Haas F1 Team,49.0,1.0,HARD,49.0,83.064,27.419,28.18,27.465,309.0,312.0,314.0,314.0,1,False,27.1,40.9,44.0,False,2.1,7.0
2025,Italian Grand Prix,ALB,Williams,49.0,2.0,MEDIUM,8.0,82.693,27.003,27.819,27.871,318.0,329.0,317.0,331.0,1,False,27.1,40.9,44.0,False,2.1,8.0
2025,Italian Grand Prix,ANT,Mercedes,49.0,2.0,HARD,21.0,82.174,27.095,27.962,27.117,317.0,319.0,316.0,328.0,1,True,27.1,40.9,44.0,False,2.1,9.0
2025,Italian Grand Prix,STR,Aston Martin,49.0,1.0,HARD,50.0,88.053,27.334,28.204,32.515,317.0,327.0,,328.0,1,False,27.1,40.9,44.0,False,2.1,10.0
2025,Italian Grand Prix,BOR,Kick Sauber,49.0,2.0,HARD,29.0,82.414,27.129,28.103,27.182,317.0,321.0,319.0,324.0,1,False,27.1,40.9,44.0,False,2.1,11.0
2025,Italian Grand Prix,HAD,Racing Bulls,49.0,2.0,MEDIUM,17.0,82.269,27.123,27.927,27.219,319.0,326.0,316.0,329.0,1,False,27.2,40.8,43.0,False,2.9,12.0
2025,Italian Grand Prix,SAI,Williams,49.0,2.0,HARD,19.0,82.155,26.997,27.982,27.176,318.0,328.0,318.0,339.0,1,False,27.2,40.8,43.0,False,2.9,13.0
2025,Italian Grand Prix,GAS,Alpine,49.0,1.0,HARD,49.0,87.335,27.429,28.268,31.638,311.0,313.0,,317.0,1,False,27.2,40.8,43.0,False,2.9,14.0
2025,Italian Grand Prix,BEA,Haas F1 Team,49.0,2.0,HARD,31.0,82.511,27.404,27.884,27.223,315.0,320.0,315.0,323.0,1,False,27.2,40.8,43.0,False,2.9,15.0
2025,Italian Grand Prix,TSU,Red Bull Racing,49.0,2.0,HARD,30.0,82.946,27.365,28.212,27.369,314.0,318.0,315.0,321.0,1,False,27.2,40.8,43.0,False,2.9,16.0
2025,Italian Grand Prix,LAW,Racing Bulls,49.0,2.0,HARD,40.0,82.777,27.143,28.305,27.329,316.0,334.0,317.0,335.0,1,True,27.2,40.8,43.0,False,2.9,17.0
2025,Italian Grand Prix,COL,Alpine,49.0,2.0,HARD,16.0,83.22,27.49,28.103,27.627,307.0,311.0,283.0,316.0,1,False,27.2,40.8,43.0,False,2.9,18.0
2025,Italian Grand Prix,VER,Red Bull Racing,50.0,2.0,HARD,13.0,81.297,26.934,27.544,26.819,318.0,324.0,319.0,327.0,1,False,27.2,40.8,43.0,False,2.9,1.0
2025,Italian Grand Prix,NOR,McLaren,50.0,2.0,SOFT,6.0,81.123,27.009,27.252,26.862,308.0,313.0,315.0,322.0,1,False,27.2,40.8,43.0,False,2.9,2.0
2025,Italian Grand Prix,PIA,McLaren,50.0,2.0,SOFT,8.0,81.508,26.897,27.592,27.019,314.0,316.0,317.0,335.0,1,False,27.2,40.8,43.0,False,2.9,3.0
2025,Italian Grand Prix,LEC,Ferrari,50.0,2.0,HARD,17.0,81.575,26.898,27.712,26.965,322.0,323.0,318.0,329.0,1,True,27.2,40.8,43.0,False,2.9,4.0
2025,Italian Grand Prix,RUS,Mercedes,50.0,2.0,HARD,23.0,81.961,27.196,27.752,27.013,314.0,316.0,315.0,327.0,1,False,27.2,40.8,43.0,False,2.9,5.0
2025,Italian Grand Prix,HAM,Ferrari,50.0,2.0,HARD,12.0,81.546,26.965,27.585,26.996,318.0,320.0,317.0,325.0,1,True,27.2,40.8,43.0,False,2.9,6.0
2025,Italian Grand Prix,OCO,Haas F1 Team,50.0,1.0,HARD,50.0,83.151,27.49,28.062,27.599,309.0,313.0,313.0,315.0,1,False,27.2,40.7,42.0,False,2.7,7.0
2025,Italian Grand Prix,ALB,Williams,50.0,2.0,MEDIUM,9.0,81.727,26.827,27.731,27.169,314.0,317.0,317.0,349.0,1,False,27.2,40.7,42.0,False,2.7,8.0
2025,Italian Grand Prix,ANT,Mercedes,50.0,2.0,HARD,22.0,81.997,27.043,27.841,27.113,317.0,319.0,315.0,329.0,1,True,27.2,40.7,42.0,False,2.7,9.0
2025,Italian Grand Prix,BOR,Kick Sauber,50.0,2.0,HARD,30.0,82.151,27.092,27.89,27.169,318.0,324.0,317.0,326.0,1,True,27.2,40.7,42.0,False,2.7,10.0
2025,Italian Grand Prix,HAD,Racing Bulls,50.0,2.0,MEDIUM,18.0,82.311,27.241,27.917,27.153,317.0,322.0,316.0,326.0,1,False,27.2,40.7,42.0,False,2.7,11.0
2025,Italian Grand Prix,SAI,Williams,50.0,2.0,HARD,20.0,82.379,27.103,27.993,27.283,317.0,328.0,317.0,339.0,1,False,27.2,40.7,42.0,False,2.7,12.0
2025,Italian Grand Prix,BEA,Haas F1 Team,50.0,2.0,HARD,32.0,82.066,27.136,27.738,27.192,316.0,320.0,314.0,323.0,1,True,27.2,40.7,42.0,False,2.7,13.0
2025,Italian Grand Prix,TSU,Red Bull Racing,50.0,2.0,HARD,31.0,82.83,27.336,28.11,27.384,316.0,317.0,314.0,319.0,1,False,27.2,40.7,42.0,False,2.7,14.0
2025,Italian Grand Prix,LAW,Racing Bulls,50.0,2.0,HARD,41.0,83.051,27.295,28.267,27.489,315.0,332.0,316.0,333.0,1,False,27.2,40.7,42.0,False,2.7,15.0
2025,Italian Grand Prix,VER,Red Bull Racing,51.0,2.0,HARD,14.0,81.749,27.306,27.69,26.753,315.0,319.0,318.0,324.0,1,False,27.2,40.7,42.0,False,2.7,1.0
2025,Italian Grand Prix,COL,Alpine,50.0,2.0,HARD,17.0,85.035,28.695,28.418,27.922,312.0,312.0,310.0,295.0,1,False,27.2,40.7,42.0,False,2.7,16.0
2025,Italian Grand Prix,GAS,Alpine,50.0,2.0,SOFT,1.0,103.573,48.333,28.059,27.181,312.0,314.0,317.0,286.0,1,False,27.2,40.7,42.0,False,2.7,17.0
2025,Italian Grand Prix,STR,Aston Martin,50.0,2.0,SOFT,1.0,117.028,61.669,28.007,27.352,309.0,314.0,314.0,287.0,1,False,27.2,40.7,42.0,False,2.7,18.0
2025,Italian Grand Prix,NOR,McLaren,51.0,2.0,SOFT,7.0,81.315,27.018,27.346,26.951,310.0,312.0,316.0,321.0,1,False,27.3,40.7,43.0,False,1.9,2.0
2025,Italian Grand Prix,PIA,McLaren,51.0,2.0,SOFT,9.0,81.477,26.992,27.443,27.042,316.0,317.0,318.0,327.0,1,False,27.3,40.7,43.0,False,1.9,3.0
2025,Italian Grand Prix,LEC,Ferrari,51.0,2.0,HARD,18.0,81.901,27.022,27.726,27.153,321.0,324.0,319.0,326.0,1,False,27.3,40.7,43.0,False,1.9,4.0
2025,Italian Grand Prix,RUS,Mercedes,51.0,2.0,HARD,24.0,82.311,27.278,27.862,27.171,314.0,315.0,315.0,325.0,1,False,27.3,40.7,43.0,False,1.9,5.0
2025,Italian Grand Prix,HAM,Ferrari,51.0,2.0,HARD,13.0,81.906,26.93,27.928,27.048,324.0,324.0,318.0,328.0,1,False,27.3,40.7,43.0,False,1.9,6.0
2025,Italian Grand Prix,ALB,Williams,51.0,2.0,MEDIUM,10.0,82.053,26.978,27.852,27.223,315.0,327.0,316.0,328.0,1,False,27.3,40.7,43.0,False,1.9,7.0
2025,Italian Grand Prix,ANT,Mercedes,51.0,2.0,HARD,23.0,82.207,27.108,27.935,27.164,315.0,317.0,316.0,328.0,1,False,27.3,40.7,43.0,False,1.9,8.0
2025,Italian Grand Prix,OCO,Haas F1 Team,51.0,1.0,HARD,51.0,87.687,27.471,28.254,31.962,309.0,320.0,,315.0,1,False,27.3,40.7,43.0,False,1.9,9.0
2025,Italian Grand Prix,BOR,Kick Sauber,51.0,2.0,HARD,31.0,82.139,26.996,27.988,27.155,319.0,324.0,319.0,326.0,1,True,27.3,40.7,43.0,False,1.9,10.0
2025,Italian Grand Prix,HAD,Racing Bulls,51.0,2.0,MEDIUM,19.0,82.226,27.235,27.92,27.071,316.0,322.0,317.0,324.0,1,False,27.3,40.7,43.0,False,1.9,11.0
2025,Italian Grand Prix,SAI,Williams,51.0,2.0,HARD,21.0,82.198,27.086,27.92,27.192,316.0,328.0,319.0,340.0,1,False,27.3,40.7,43.0,False,1.9,12.0
2025,Italian Grand Prix,BEA,Haas F1 Team,51.0,2.0,HARD,33.0,82.128,27.166,27.837,27.125,315.0,319.0,316.0,322.0,1,False,27.3,40.7,43.0,False,1.9,13.0
2025,Italian Grand Prix,TSU,Red Bull Racing,51.0,2.0,HARD,32.0,82.997,27.358,28.265,27.374,314.0,317.0,315.0,320.0,1,False,27.4,40.3,42.0,False,1.5,14.0
2025,Italian Grand Prix,LAW,Racing Bulls,51.0,2.0,HARD,42.0,83.059,27.184,28.351,27.524,316.0,333.0,316.0,330.0,1,False,27.4,40.3,42.0,False,1.5,15.0
2025,Italian Grand Prix,VER,Red Bull Racing,52.0,2.0,HARD,15.0,81.003,26.927,27.512,26.564,316.0,322.0,319.0,325.0,1,True,27.4,40.3,42.0,False,1.5,1.0
2025,Italian Grand Prix,GAS,Alpine,51.0,2.0,SOFT,2.0,82.324,27.013,28.133,27.178,313.0,322.0,315.0,331.0,1,True,27.4,40.3,42.0,False,1.5,16.0
2025,Italian Grand Prix,COL,Alpine,51.0,2.0,HARD,18.0,84.26,27.525,28.569,28.166,312.0,267.0,315.0,319.0,1,False,27.4,40.3,42.0,False,1.5,17.0
2025,Italian Grand Prix,STR,Aston Martin,51.0,2.0,SOFT,2.0,82.164,27.07,27.867,27.227,313.0,317.0,315.0,326.0,1,True,27.4,40.3,42.0,False,1.5,18.0
2025,Italian Grand Prix,NOR,McLaren,52.0,2.0,SOFT,8.0,81.259,27.019,27.406,26.834,310.0,313.0,315.0,321.0,1,False,27.4,40.3,42.0,False,1.5,2.0
2025,Italian Grand Prix,PIA,McLaren,52.0,2.0,SOFT,10.0,81.386,26.885,27.534,26.967,320.0,321.0,317.0,341.0,1,False,27.4,40.3,42.0,False,1.5,3.0
2025,Italian Grand Prix,LEC,Ferrari,52.0,2.0,HARD,19.0,81.913,27.031,27.73,27.152,322.0,324.0,318.0,329.0,1,False,27.4,40.3,42.0,False,1.5,4.0
2025,Italian Grand Prix,RUS,Mercedes,52.0,2.0,HARD,25.0,82.072,27.131,27.796,27.145,316.0,318.0,315.0,337.0,1,False,27.4,40.3,42.0,False,1.5,5.0
2025,Italian Grand Prix,HAM,Ferrari,52.0,2.0,HARD,14.0,81.743,26.905,27.793,27.045,323.0,325.0,318.0,330.0,1,False,27.4,40.3,42.0,False,1.5,6.0
2025,Italian Grand Prix,ALB,Williams,52.0,2.0,MEDIUM,11.0,81.848,26.8,27.909,27.139,311.0,313.0,316.0,349.0,1,False,27.4,40.3,42.0,False,1.5,7.0
2025,Italian Grand Prix,ANT,Mercedes,52.0,2.0,HARD,24.0,82.108,27.047,27.979,27.082,324.0,322.0,315.0,341.0,1,False,27.4,40.3,42.0,False,1.5,8.0
2025,Italian Grand Prix,BOR,Kick Sauber,52.0,2.0,HARD,32.0,82.619,27.274,28.131,27.214,315.0,322.0,318.0,328.0,1,False,27.4,40.2,42.0,False,1.9,9.0
2025,Italian Grand Prix,HAD,Racing Bulls,52.0,2.0,MEDIUM,20.0,82.215,27.238,27.877,27.1,317.0,320.0,316.0,326.0,1,False,27.4,40.2,42.0,False,1.9,10.0
2025,Italian Grand Prix,SAI,Williams,52.0,2.0,HARD,22.0,82.048,27.123,27.863,27.062,318.0,328.0,319.0,338.0,1,False,27.4,40.2,42.0,False,1.9,11.0
2025,Italian Grand Prix,BEA,Haas F1 Team,52.0,2.0,HARD,34.0,82.159,27.198,27.797,27.164,315.0,319.0,314.0,324.0,1,False,27.4,40.2,42.0,False,1.9,12.0
2025,Italian Grand Prix,TSU,Red Bull Racing,52.0,2.0,HARD,33.0,82.712,27.316,28.073,27.323,315.0,319.0,314.0,319.0,1,True,27.4,40.2,42.0,False,1.9,13.0
2025,Italian Grand Prix,LAW,Racing Bulls,52.0,2.0,HARD,43.0,82.914,27.14,28.372,27.402,316.0,324.0,316.0,334.0,1,False,27.4,40.2,42.0,False,1.9,14.0
2025,Italian Grand Prix,VER,Red Bull Racing,53.0,2.0,HARD,16.0,81.1,26.987,27.527,26.586,320.0,322.0,304.0,329.0,1,False,27.4,40.2,42.0,False,1.9,1.0
2025,Italian Grand Prix,OCO,Haas F1 Team,52.0,2.0,SOFT,1.0,110.725,54.612,28.306,27.807,283.0,329.0,314.0,288.0,1,False,27.4,40.2,42.0,False,1.9,15.0
2025,Italian Grand Prix,GAS,Alpine,52.0,2.0,SOFT,3.0,82.185,27.293,27.771,27.121,309.0,314.0,313.0,316.0,1,True,27.4,40.2,42.0,False,1.9,16.0
2025,Italian Grand Prix,COL,Alpine,52.0,2.0,HARD,19.0,82.724,27.363,28.096,27.265,314.0,318.0,313.0,323.0,1,False,27.4,40.2,42.0,False,1.9,17.0
2025,Italian Grand Prix,STR,Aston Martin,52.0,2.0,SOFT,3.0,82.282,27.127,27.768,27.387,314.0,330.0,315.0,325.0,1,False,27.4,40.2,42.0,False,1.9,18.0
2025,Italian Grand Prix,NOR,McLaren,53.0,2.0,SOFT,9.0,80.901,26.81,27.381,26.71,311.0,318.0,315.0,336.0,1,True,27.4,40.2,42.0,False,1.9,2.0
2025,Italian Grand Prix,PIA,McLaren,53.0,2.0,SOFT,11.0,81.371,26.867,27.52,26.984,316.0,319.0,317.0,333.0,1,False,27.4,40.2,42.0,False,1.9,3.0
2025,Italian Grand Prix,LEC,Ferrari,53.0,2.0,HARD,20.0,81.294,26.839,27.546,26.909,327.0,329.0,317.0,332.0,1,True,27.4,40.2,42.0,False,1.9,4.0
2025,Italian Grand Prix,RUS,Mercedes,53.0,2.0,HARD,26.0,81.888,27.146,27.761,26.981,315.0,327.0,307.0,328.0,1,False,27.4,40.2,42.0,False,1.9,5.0
2025,Italian Grand Prix,HAM,Ferrari,53.0,2.0,HARD,15.0,81.857,26.838,27.827,27.192,322.0,324.0,293.0,329.0,1,False,27.3,40.0,41.0,False,2.0,6.0
2025,Italian Grand Prix,ALB,Williams,53.0,2.0,MEDIUM,12.0,81.368,26.863,27.678,26.827,315.0,315.0,315.0,338.0,1,True,27.3,40.0,41.0,False,2.0,7.0
2025,Italian Grand Prix,ANT,Mercedes,53.0,2.0,HARD,25.0,81.968,27.095,27.877,26.996,316.0,317.0,314.0,332.0,1,True,27.3,40.0,41.0,False,2.0,8.0
2025,Italian Grand Prix,BOR,Kick Sauber,53.0,2.0,HARD,33.0,82.32,27.042,28.042,27.236,321.0,325.0,317.0,327.0,1,False,27.3,40.0,41.0,False,2.0,9.0
2025,Italian Grand Prix,HAD,Racing Bulls,53.0,2.0,MEDIUM,21.0,82.536,27.306,28.104,27.126,317.0,322.0,316.0,340.0,1,False,27.3,40.0,41.0,False,2.0,10.0
2025,Italian Grand Prix,SAI,Williams,53.0,2.0,HARD,23.0,82.382,27.146,28.159,27.077,317.0,328.0,319.0,339.0,1,False,27.3,40.0,41.0,False,2.0,11.0
2025,Italian Grand Prix,BEA,Haas F1 Team,53.0,2.0,HARD,35.0,81.82,27.055,27.796,26.969,316.0,329.0,309.0,323.0,1,True,27.3,40.0,41.0,False,2.0,12.0
2025,Italian Grand Prix,TSU,Red Bull Racing,53.0,2.0,HARD,34.0,83.125,27.413,28.264,27.448,314.0,315.0,314.0,318.0,1,False,27.3,40.0,41.0,False,2.0,13.0
2025,Italian Grand Prix,LAW,Racing Bulls,53.0,2.0,HARD,44.0,83.623,27.364,28.439,27.82,316.0,321.0,315.0,322.0,1,False,27.3,40.0,41.0,False,2.0,14.0
